unique_id,created_step,moves,x,y
40756,1,12,-122.07583333321162,42.94638888856165
40757,1,12,-122.25916666655729,42.87416666633457
40758,1,12,-121.9513888887588,42.945277777450464
40759,1,12,-122.02472222209707,43.007499999676874
40760,1,12,-121.97916666653845,42.97972222189723
40761,1,12,-122.16805555544005,42.896388888558285
40762,1,12,-122.00916666654047,42.934166666338605
40763,1,12,-122.07472222210043,42.858611110777964
40764,1,12,-122.12694444432617,42.879722221890496
40765,1,12,-122.13138888877091,42.96305555522944
40766,1,12,-122.09583333321297,42.90638888855896
40767,1,12,-122.18694444433021,42.99416666634264
40768,1,12,-122.18916666655258,42.896388888558285
40769,1,12,-122.18694444433021,42.934166666338605
40770,1,12,-122.11583333321431,42.918611110782
40771,1,12,-122.17249999988479,42.983055555230784
40772,1,12,-122.15027777766107,42.945277777450464
40773,1,12,-121.97583333320489,42.9030555552254
40774,1,12,-122.0458333332096,42.96972222189655
40775,1,12,-121.98916666653912,42.85638888855559
40776,1,12,-122.15694444432819,42.953055555228765
40777,1,12,-122.09916666654652,42.90861111078133
40778,1,12,-122.1091666665472,42.909722221892515
40779,1,12,-122.02583333320825,42.860833333000336
40780,1,11,-121.9591666665371,42.88972222189117
40781,1,12,-122.25361111100136,42.896388888558285
40783,1,12,-122.25138888877899,42.93749999967216
40784,1,12,-122.155833333217,42.86305555522271
40785,1,12,-121.98027777764963,42.89416666633591
40787,1,12,-121.97138888876015,43.001944444120944
40789,1,11,-122.11805555543668,42.85638888855559
40790,1,12,-122.24472222211187,42.95527777745114
40791,1,12,-122.03361111098656,42.909722221892515
40792,1,12,-122.1480555554387,42.958611110784695
40793,1,12,-122.18249999988547,42.945277777450464
40794,1,12,-122.26472222211322,42.95527777745114
40795,1,12,-122.10361111099127,42.96194444411825
40796,1,10,-122.13472222210447,42.85638888855559
40797,1,12,-121.99249999987268,42.95749999967351
40798,1,12,-121.982499999872,42.97527777745248
40799,1,12,-122.23249999988883,42.960833333007066
40800,1,12,-122.12583333321498,42.91972222189319
40801,1,12,-122.22361111099934,43.01194444412162
40802,1,12,-122.05472222209909,42.879722221890496
40803,1,12,-122.15027777766107,43.00638888856569
40804,1,12,-122.22249999988816,42.91749999967082
40805,1,12,-122.23694444433357,42.883055555224054
40806,1,12,-122.25916666655729,42.93638888856098
40807,1,12,-122.13472222210447,42.91305555522607
40808,1,12,-122.06472222209976,43.007499999676874
40809,1,12,-122.2580555554461,42.98083333300841
40810,1,12,-122.00361111098454,42.87083333300101
40812,1,12,-122.13472222210447,42.85972222188915
40813,1,12,-122.01805555542995,42.99527777745383
40815,1,12,-122.0847222221011,42.86194444411152
40816,1,12,-122.06805555543332,42.93749999967216
40817,1,11,-122.2347222221112,42.89194444411354
40819,1,12,-121.95583333320354,43.00638888856569
40820,1,12,-122.18249999988547,42.97972222189723
40821,1,12,-122.12583333321498,42.94305555522809
40822,1,11,-122.23027777766646,42.89861111078066
40823,1,12,-122.01583333320758,42.89416666633591
40825,1,12,-122.12916666654854,42.95194444411758
40826,1,12,-122.1402777776604,42.88861111077998
40827,1,11,-122.15472222210582,42.85972222188915
40828,1,12,-122.25583333322373,42.939722221894534
40829,1,12,-122.25694444433492,42.93861111078335
40830,1,12,-121.98805555542793,42.89749999966947
40831,1,12,-122.16916666655123,42.89305555522473
40832,1,12,-122.2580555554461,42.960833333007066
40833,1,11,-121.95694444431473,42.85638888855559
40835,1,12,-122.17472222210716,42.97861111078604
40836,1,12,-122.20138888877563,42.896388888558285
40837,1,12,-122.02694444431944,43.0052777774545
40838,1,12,-122.26027777766848,42.93861111078335
40839,1,12,-121.97694444431608,42.9819444441196
40840,1,12,-122.17694444432954,42.88972222189117
40841,1,12,-122.25249999989018,42.996388888565015
40842,1,12,-122.02916666654181,43.01194444412162
40843,1,12,-122.11472222210313,42.909722221892515
40844,1,12,-121.97361111098252,42.90638888855896
40846,1,12,-122.04472222209841,42.988611110786714
40847,1,12,-121.99249999987268,42.939722221894534
40848,1,12,-122.03361111098656,42.907499999670144
40849,1,12,-122.24694444433425,42.95527777745114
40850,1,12,-122.23138888877764,42.947499999672836
40851,1,12,-122.23138888877764,42.95972222189588
40852,1,12,-122.24361111100069,42.996388888565015
40853,1,12,-122.03916666654249,42.98638888856434
40854,1,12,-121.98027777764963,42.94638888856165
40855,1,12,-122.17805555544072,42.8874999996688
40856,1,12,-121.99583333320624,42.87305555522338
40857,1,12,-122.17805555544072,42.945277777450464
40858,1,12,-122.18916666655258,43.01194444412162
40859,1,12,-122.22472222211053,42.93749999967216
40860,1,12,-122.22249999988816,42.87527777744575
40861,1,12,-122.24916666655662,42.985277777453156
40862,1,12,-122.19361111099732,42.945277777450464
40863,1,12,-122.21805555544341,42.86972222188982
40864,1,12,-121.95027777764761,42.88638888855761
40865,1,12,-122.24361111100069,42.95527777745114
40866,1,12,-121.95472222209236,42.85749999966678
40867,1,12,-122.21694444433223,42.915277777448445
40868,1,12,-122.13583333321566,42.99972222189857
40869,1,12,-122.13694444432684,42.918611110782
40870,1,12,-122.0936111109906,42.907499999670144
40871,1,12,-122.18472222210784,42.93305555522742
40872,1,10,-121.95472222209236,42.88861111077998
40873,1,12,-122.08916666654585,42.92194444411556
40874,1,12,-121.95249999986999,43.001944444120944
40875,1,12,-122.18583333321902,42.977499999674855
40876,1,12,-122.05138888876553,42.904166666336586
40877,1,12,-122.030277777653,43.00861111078806
40879,1,12,-122.09027777765704,42.86749999966745
40880,1,12,-122.26027777766848,42.941944444116906
40881,1,12,-122.22361111099934,42.89972222189184
40882,1,12,-122.05805555543265,42.901944444114214
40884,1,12,-122.11916666654787,42.86305555522271
40885,1,12,-122.07805555543399,42.934166666338605
40887,1,12,-122.10583333321364,42.90861111078133
40888,1,12,-122.18694444433021,42.98416666634197
40889,1,12,-122.13916666654922,42.87416666633457
40891,1,12,-122.13138888877091,42.91416666633726
40892,1,12,-122.1480555554387,42.91638888855963
40893,1,12,-122.20249999988681,42.92749999967149
40894,1,12,-122.17472222210716,42.988611110786714
40895,1,12,-122.00916666654047,42.85638888855559
40896,1,11,-122.01027777765165,42.85638888855559
40897,1,12,-122.03583333320893,42.904166666336586
40898,1,12,-122.19138888877495,42.8952777774471
40899,1,12,-122.19027777766377,42.97527777745248
40900,1,12,-121.9980555554286,42.866388888556266
40901,1,12,-122.06805555543332,42.93638888856098
40902,1,12,-122.20138888877563,42.966388888562996
40903,1,12,-122.22472222211053,42.87638888855694
40904,1,12,-122.00472222209572,42.93527777744979
40905,1,12,-122.02361111098588,42.9030555552254
40906,1,12,-122.03249999987537,42.86861111077864
40907,1,12,-122.03361111098656,42.877499999668125
40908,1,12,-121.97694444431608,43.009722221899246
40909,1,12,-122.02916666654181,42.87416666633457
40910,1,12,-122.09027777765704,42.864166666333894
40911,1,11,-122.06805555543332,42.85749999966678
40912,1,11,-122.20472222210918,42.890833333002355
40913,1,12,-122.04249999987604,43.009722221899246
40914,1,12,-122.12027777765906,42.93638888856098
40915,1,12,-122.22249999988816,42.87083333300101
40916,1,12,-122.09472222210178,42.87083333300101
40917,1,12,-122.0847222221011,42.99527777745383
40919,1,12,-122.08361111098992,42.91194444411489
40921,1,12,-122.02472222209707,42.95638888856232
40922,1,12,-121.99138888876149,42.9741666663413
40923,1,12,-122.24583333322306,42.95527777745114
40924,1,12,-122.08805555543466,42.866388888556266
40925,1,12,-122.21472222210986,42.95083333300639
40926,1,12,-122.04916666654316,42.90527777744777
40927,1,12,-122.11027777765838,42.909722221892515
40928,1,12,-122.11805555543668,42.91194444411489
40929,1,12,-122.1091666665472,42.92527777744912
40930,1,12,-122.06472222209976,42.94083333300572
40931,1,12,-122.00583333320691,42.996388888565015
40932,1,12,-122.03583333320893,42.9108333330037
40933,1,12,-121.9902777776503,42.85749999966678
40934,1,12,-122.1713888887736,42.97638888856367
40935,1,12,-122.1402777776604,42.890833333002355
40936,1,12,-122.16583333321768,42.9030555552254
40937,1,12,-122.09916666654652,42.90527777744777
40938,1,12,-121.9669444443154,42.95749999967351
40939,1,12,-122.22472222211053,42.918611110782
40940,1,12,-122.13805555543803,42.89305555522473
40941,1,12,-122.13138888877091,43.0052777774545
40942,1,12,-122.11027777765838,42.941944444116906
40943,1,12,-122.13583333321566,42.94416666633928
40944,1,12,-121.9591666665371,42.99194444412027
40945,1,12,-122.24027777766713,42.93861111078335
40946,1,12,-122.07361111098925,42.915277777448445
40947,1,12,-122.25583333322373,42.91194444411489
40948,1,12,-122.15361111099463,42.920833333004374
40949,1,12,-122.26249999989085,42.88083333300168
40950,1,12,-121.97027777764896,42.934166666338605
40951,1,12,-122.16138888877293,42.92527777744912
40952,1,12,-122.16027777766175,43.01194444412162
40954,1,12,-122.10583333321364,42.92972222189386
40955,1,12,-122.05249999987672,42.98416666634197
40956,1,12,-121.96249999987066,42.99194444412027
40957,1,12,-121.99361111098386,42.95527777745114
40959,1,12,-121.9747222220937,42.92972222189386
40960,1,12,-122.02138888876351,42.95749999967351
40961,1,12,-122.22027777766579,42.88861111077998
40962,1,12,-122.10361111099127,42.90527777744777
40963,1,12,-122.18361111099665,42.926388888560304
40964,1,12,-121.95361111098117,43.0052777774545
40965,1,12,-122.22805555544409,42.89861111078066
40966,1,12,-122.24361111100069,42.95194444411758
40967,1,12,-122.14361111099396,42.96527777745181
40968,1,11,-122.23805555544476,42.890833333002355
40969,1,12,-122.16916666655123,42.90083333300303
40970,1,12,-122.1880555554414,42.98083333300841
40971,1,12,-122.12916666654854,42.91416666633726
40972,1,12,-122.18583333321902,42.88861111077998
40974,1,12,-122.03472222209774,42.915277777448445
40975,1,12,-122.19694444433088,42.88972222189117
40976,1,12,-122.25138888877899,42.95416666633995
40977,1,12,-122.16916666655123,42.88861111077998
40978,1,12,-122.07361111098925,42.858611110777964
40979,1,12,-122.19249999988614,42.8874999996688
40980,1,12,-122.24027777766713,42.95083333300639
40981,1,12,-122.18583333321902,43.00638888856569
40982,1,12,-122.0458333332096,42.87416666633457
40983,1,12,-122.25472222211255,42.896388888558285
40984,1,12,-122.13805555543803,42.885277777446426
40985,1,12,-122.04249999987604,42.98638888856434
40986,1,12,-122.24138888877832,42.885277777446426
40987,1,12,-122.25472222211255,42.9108333330037
40988,1,12,-122.13027777765973,42.920833333004374
40989,1,12,-122.04361111098723,42.86194444411152
40990,1,12,-121.97583333320489,42.90861111078133
40992,1,12,-121.9591666665371,42.88638888855761
40993,1,12,-122.23805555544476,42.945277777450464
40994,1,12,-122.18472222210784,42.88972222189117
40996,1,12,-122.0069444443181,42.96194444411825
40997,1,12,-122.18138888877428,42.988611110786714
40998,1,12,-122.1091666665472,42.99416666634264
41000,1,12,-122.2269444443329,42.99194444412027
41001,1,12,-122.00805555542928,42.99305555523146
41002,1,12,-121.99138888876149,42.866388888556266
41003,1,12,-122.13805555543803,42.87527777744575
41004,1,12,-122.18916666655258,42.98638888856434
41005,1,11,-122.15138888877226,42.85638888855559
41006,1,12,-122.20027777766444,42.890833333002355
41007,1,12,-121.96583333320422,42.988611110786714
41008,1,12,-122.04361111098723,42.996388888565015
41009,1,12,-122.0847222221011,42.99416666634264
41010,1,12,-122.12249999988143,42.91305555522607
41011,1,11,-121.9513888887588,42.94638888856165
41012,1,12,-122.15249999988345,42.858611110777964
41013,1,12,-122.21361111099867,42.93638888856098
41014,1,12,-121.96249999987066,42.95416666633995
41015,1,12,-122.10027777765771,42.87527777744575
41016,1,12,-122.0769444443228,42.923055555226746
41017,1,12,-122.14249999988277,42.95527777745114
41018,1,12,-122.03138888876418,42.88194444411287
41020,1,12,-122.13583333321566,42.8952777774471
41021,1,12,-122.15916666655056,42.90527777744777
41022,1,10,-122.19805555544207,42.890833333002355
41023,1,12,-121.9591666665371,43.00861111078806
41024,1,11,-122.21583333322104,42.88972222189117
41026,1,12,-122.1013888887689,43.00305555523213
41027,1,12,-122.22249999988816,42.926388888560304
41028,1,12,-122.12805555543736,43.0130555552328
41029,1,12,-122.03138888876418,42.885277777446426
41030,1,12,-122.15694444432819,42.86305555522271
41031,1,12,-122.18472222210784,42.98749999967553
41032,1,12,-122.04916666654316,42.9030555552254
41033,1,12,-122.09916666654652,43.00861111078806
41034,1,12,-122.23361111100002,42.88194444411287
41035,1,12,-122.18472222210784,43.00638888856569
41036,1,12,-122.25249999989018,42.95527777745114
41037,1,12,-122.24361111100069,42.91749999967082
41038,1,12,-122.15805555543938,42.864166666333894
41039,1,12,-122.02805555543063,42.86194444411152
41040,1,12,-122.07583333321162,42.923055555226746
41042,1,12,-122.03138888876418,42.985277777453156
41043,1,12,-121.9513888887588,42.87638888855694
41044,1,12,-122.19472222210851,42.88638888855761
41045,1,12,-122.09027777765704,42.95416666633995
41046,1,12,-122.05027777765434,42.91194444411489
41047,1,12,-122.1880555554414,42.97305555523011
41048,1,12,-122.14916666654989,43.00083333300976
41049,1,12,-122.0536111109879,42.87861111077931
41050,1,12,-121.98138888876082,42.85638888855559
41051,1,12,-122.07472222210043,42.858611110777964
41052,1,12,-122.16027777766175,43.01083333301043
41053,1,12,-122.03361111098656,42.901944444114214
41055,1,12,-122.05583333321027,42.879722221890496
41056,1,12,-122.13916666654922,42.88638888855761
41057,1,12,-122.22361111099934,42.87416666633457
41058,1,12,-122.0069444443181,42.934166666338605
41059,1,12,-121.95694444431473,42.93749999967216
41060,1,12,-122.03583333320893,43.00638888856569
41061,1,12,-121.99138888876149,42.86527777744508
41062,1,12,-122.0936111109906,42.923055555226746
41064,1,12,-122.1013888887689,42.91972222189319
41065,1,12,-122.07249999987806,42.88083333300168
41066,1,12,-121.97805555542726,42.98416666634197
41067,1,12,-122.09472222210178,42.88638888855761
41068,1,12,-122.08361111098992,42.860833333000336
41069,1,12,-122.15361111099463,42.85972222188915
41070,1,12,-122.030277777653,42.8874999996688
41071,1,12,-122.20694444433155,42.90083333300303
41072,1,12,-121.97694444431608,42.88972222189117
41073,1,12,-122.25472222211255,42.99305555523146
41074,1,12,-122.16583333321768,42.89972222189184
41075,1,12,-121.9513888887588,42.9030555552254
41076,1,12,-122.14138888877159,42.941944444116906
41077,1,12,-122.05805555543265,42.93638888856098
41078,1,12,-122.2191666665546,42.918611110782
41079,1,12,-122.07583333321162,42.91972222189319
41080,1,12,-122.16138888877293,42.92749999967149
41081,1,12,-122.16138888877293,42.92749999967149
41082,1,12,-122.11138888876957,42.85638888855559
41083,1,12,-122.0380555554313,42.86861111077864
41084,1,12,-122.03138888876418,42.87527777744575
41085,1,12,-122.155833333217,43.004166666343316
41086,1,12,-122.20027777766444,42.858611110777964
41087,1,12,-122.0769444443228,43.001944444120944
41088,1,12,-122.26361111100204,42.990833333009085
41089,1,12,-122.11805555543668,42.95083333300639
41090,1,12,-122.18361111099665,42.92749999967149
41091,1,12,-122.12916666654854,42.94638888856165
41093,1,12,-122.07361111098925,42.91972222189319
41094,1,12,-121.982499999872,43.001944444120944
41095,1,12,-122.02916666654181,42.91416666633726
41096,1,12,-121.97249999987133,42.89416666633591
41097,1,12,-122.0936111109906,42.885277777446426
41098,1,12,-122.030277777653,42.98083333300841
41099,1,12,-122.19694444433088,42.97305555523011
41100,1,12,-122.22361111099934,42.87305555522338
41101,1,12,-122.19138888877495,42.96527777745181
41102,1,12,-122.1713888887736,42.890833333002355
41103,1,12,-122.07583333321162,42.94416666633928
41105,1,12,-122.26027777766848,42.990833333009085
41106,1,12,-122.19361111099732,42.96527777745181
41107,1,12,-122.02916666654181,42.95416666633995
41108,1,12,-121.98583333320556,42.85638888855559
41109,1,12,-121.95027777764761,42.945277777450464
41110,1,12,-122.01249999987402,42.93638888856098
41112,1,12,-122.03472222209774,43.007499999676874
41113,1,12,-122.15138888877226,42.947499999672836
41114,1,12,-122.03472222209774,42.89972222189184
41115,1,12,-122.04027777765367,42.88861111077998
41117,1,12,-122.18249999988547,42.97527777745248
41118,1,12,-122.25694444433492,42.91305555522607
41119,1,12,-122.02805555543063,42.90861111078133
41120,1,12,-122.2424999998895,42.95083333300639
41121,1,12,-121.9513888887588,42.88194444411287
41122,1,12,-122.24361111100069,42.92749999967149
41123,1,12,-122.25916666655729,42.98083333300841
41124,1,12,-122.02138888876351,42.866388888556266
41125,1,12,-122.16138888877293,43.01083333301043
41126,1,12,-122.01027777765165,42.93527777744979
41127,1,11,-122.20805555544274,42.890833333002355
41128,1,12,-122.25916666655729,42.95638888856232
41129,1,12,-121.95694444431473,42.99527777745383
41130,1,12,-122.13583333321566,42.99527777745383
41131,1,12,-121.99583333320624,42.996388888565015
41132,1,12,-122.04472222209841,43.00638888856569
41133,1,12,-122.12916666654854,42.945277777450464
41134,1,12,-122.07583333321162,42.94861111078402
41135,1,12,-121.9513888887588,42.87861111077931
41136,1,12,-121.99361111098386,42.958611110784695
41137,1,11,-122.20805555544274,42.890833333002355
41138,1,12,-122.12361111099261,42.91416666633726
41139,1,12,-122.08249999987873,42.860833333000336
41140,1,9,-122.2269444443329,42.88972222189117
41141,1,12,-122.08694444432348,42.9108333330037
41142,1,11,-122.20027777766444,42.890833333002355
41143,1,9,-122.0147222220964,42.860833333000336
41144,1,12,-122.10805555543601,42.90638888855896
41145,1,12,-121.9980555554286,42.971944444118925
41146,1,12,-122.18361111099665,42.983055555230784
41147,1,12,-122.03694444432011,42.88083333300168
41148,1,12,-122.203611110998,42.939722221894534
41149,1,12,-122.26361111100204,42.88194444411287
41150,1,12,-122.0769444443228,42.91638888855963
41151,1,12,-122.01694444431877,42.996388888565015
41152,1,12,-122.1091666665472,43.001944444120944
41153,1,12,-121.9513888887588,42.90083333300303
41154,1,12,-121.99249999987268,42.86305555522271
41155,1,12,-122.19805555544207,42.90083333300303
41157,1,12,-122.24361111100069,42.866388888556266
41158,1,12,-122.19138888877495,42.88861111077998
41159,1,12,-121.9980555554286,42.86527777744508
41160,1,12,-122.13916666654922,42.866388888556266
41161,1,12,-122.15916666655056,42.94861111078402
41163,1,12,-122.23249999988883,42.947499999672836
41164,1,12,-122.0069444443181,42.97305555523011
41165,1,12,-122.10805555543601,43.004166666343316
41166,1,12,-122.04249999987604,42.87305555522338
41167,1,12,-122.15694444432819,42.94638888856165
41168,1,12,-122.10361111099127,42.96527777745181
41169,1,12,-121.9747222220937,42.88972222189117
41170,1,12,-122.15138888877226,43.001944444120944
41171,1,12,-122.23916666655595,42.95638888856232
41172,1,12,-122.05583333321027,43.007499999676874
41173,1,12,-121.95027777764761,42.99972222189857
41174,1,12,-122.10694444432482,42.996388888565015
41175,1,12,-121.95805555542591,42.88972222189117
41176,1,12,-121.96472222209303,42.8874999996688
41177,1,12,-122.03138888876418,42.9819444441196
41178,1,12,-122.26249999989085,42.93861111078335
41179,1,12,-121.98138888876082,42.97972222189723
41180,1,12,-122.17694444432954,43.0052777774545
41181,1,12,-122.15472222210582,42.923055555226746
41182,1,12,-122.19027777766377,42.879722221890496
41183,1,12,-122.15361111099463,43.00305555523213
41184,1,12,-122.0536111109879,42.89305555522473
41186,1,12,-121.97138888876015,43.009722221899246
41187,1,12,-122.10805555543601,42.923055555226746
41188,1,12,-122.04916666654316,42.89972222189184
41189,1,12,-121.95027777764761,42.94638888856165
41190,1,10,-122.1169444443255,42.85749999966678
41191,1,12,-122.23583333322239,42.95638888856232
41192,1,12,-121.95249999986999,42.904166666336586
41193,1,12,-122.1480555554387,42.91749999967082
41194,1,12,-122.16138888877293,42.939722221894534
41196,1,11,-122.155833333217,42.86749999966745
41197,1,12,-122.15361111099463,42.92194444411556
41198,1,12,-122.15361111099463,42.94305555522809
41199,1,12,-122.16138888877293,42.94083333300572
41200,1,12,-122.24361111100069,42.896388888558285
41201,1,12,-122.02805555543063,42.88416666633524
41202,1,12,-122.22805555544409,42.877499999668125
41203,1,12,-122.17916666655191,43.00638888856569
41204,1,11,-122.17583333321835,42.8874999996688
41205,1,12,-122.01916666654114,42.896388888558285
41206,1,12,-122.17249999988479,42.8874999996688
41207,1,12,-122.20027777766444,42.926388888560304
41208,1,12,-122.26138888877966,42.877499999668125
41209,1,12,-121.97694444431608,42.93083333300505
41210,1,12,-122.2347222221112,42.934166666338605
41211,1,10,-122.20138888877563,42.890833333002355
41213,1,12,-122.03694444432011,42.87083333300101
41214,1,12,-122.18472222210784,43.00305555523213
41215,1,12,-121.9747222220937,42.9030555552254
41217,1,12,-122.20138888877563,42.89861111078066
41218,1,12,-122.03916666654249,42.88638888855761
41219,1,12,-122.19694444433088,42.890833333002355
41220,1,12,-122.21694444433223,42.871944444112195
41221,1,12,-122.22138888877697,42.93194444411623
41222,1,11,-122.13694444432684,42.85749999966678
41223,1,12,-122.21027777766511,42.96527777745181
41224,1,12,-122.17249999988479,42.97527777745248
41225,1,12,-122.09805555543534,42.9108333330037
41226,1,12,-122.08138888876755,42.91305555522607
41227,1,12,-122.10805555543601,42.91638888855963
41228,1,12,-122.09805555543534,42.91749999967082
41229,1,12,-122.19027777766377,42.971944444118925
41230,1,12,-122.06805555543332,42.88083333300168
41231,1,11,-122.25361111100136,42.93861111078335
41232,1,12,-122.15027777766107,42.947499999672836
41233,1,12,-122.18249999988547,43.00638888856569
41234,1,12,-122.030277777653,42.87527777744575
41235,1,12,-121.96805555542659,43.0130555552328
41236,1,12,-122.1802777776631,42.918611110782
41237,1,12,-122.08583333321229,42.93638888856098
41238,1,12,-122.08361111098992,42.93194444411623
41239,1,12,-122.03249999987537,42.97861111078604
41240,1,12,-122.08916666654585,42.88416666633524
41241,1,12,-121.9902777776503,42.94416666633928
41242,1,12,-122.2502777776678,42.95527777745114
41243,1,12,-122.11916666654787,42.88083333300168
41244,1,12,-122.00138888876216,42.971944444118925
41245,1,12,-121.9980555554286,42.99861111078739
41246,1,12,-122.15249999988345,42.85749999966678
41247,1,12,-122.1247222221038,42.95638888856232
41249,1,12,-122.04138888876486,42.885277777446426
41250,1,12,-122.08361111098992,42.86194444411152
41251,1,12,-122.155833333217,42.86305555522271
41252,1,12,-122.18694444433021,42.918611110782
41253,1,12,-122.16249999988412,42.93638888856098
41254,1,12,-122.21472222210986,42.86972222188982
41256,2,11,-122.26249999989085,42.95527777745114
41257,2,11,-122.16138888877293,43.009722221899246
41258,2,11,-122.10694444432482,42.99972222189857
41259,2,11,-122.24916666655662,42.996388888565015
41260,2,11,-121.97916666653845,42.97972222189723
41261,2,11,-122.05027777765434,42.86194444411152
41262,2,11,-122.00027777765098,42.88638888855761
41263,2,11,-122.00805555542928,42.96194444411825
41264,2,11,-122.11138888876957,42.91638888855963
41265,2,11,-122.17249999988479,42.98638888856434
41266,2,10,-122.22583333322171,42.88972222189117
41267,2,11,-122.19472222210851,42.99305555523146
41269,2,11,-122.15472222210582,42.92416666633793
41270,2,11,-122.04138888876486,42.89305555522473
41271,2,11,-122.16916666655123,42.89416666633591
41272,2,11,-122.06027777765502,42.9030555552254
41273,2,11,-121.99138888876149,42.947499999672836
41274,2,11,-122.02138888876351,43.01083333301043
41275,2,11,-122.12805555543736,42.96194444411825
41276,2,11,-122.15138888877226,42.858611110777964
41277,2,11,-121.97805555542726,42.858611110777964
41278,2,11,-122.18916666655258,42.8874999996688
41279,2,11,-122.15138888877226,42.860833333000336
41281,2,11,-122.21805555544341,42.91638888855963
41282,2,11,-121.99472222209505,42.95638888856232
41283,2,10,-122.25361111100136,42.95638888856232
41284,2,11,-122.22916666655527,42.91749999967082
41285,2,11,-122.15138888877226,42.91972222189319
41286,2,11,-122.03472222209774,42.877499999668125
41287,2,11,-121.97583333320489,42.907499999670144
41288,2,11,-122.04361111098723,43.00861111078806
41289,2,10,-122.24361111100069,42.93749999967216
41290,2,11,-122.12138888877024,42.923055555226746
41291,2,11,-122.24583333322306,42.9974999996762
41292,2,11,-122.01361111098521,42.858611110777964
41293,2,11,-122.1324999998821,42.88861111077998
41295,2,11,-122.23249999988883,43.00305555523213
41296,2,11,-122.19472222210851,42.977499999674855
41297,2,11,-122.08916666654585,42.95749999967351
41298,2,11,-122.01138888876284,43.01083333301043
41299,2,10,-122.0147222220964,42.85972222188915
41300,2,11,-122.09694444432415,42.871944444112195
41301,2,11,-122.01583333320758,42.86194444411152
41302,2,11,-122.06583333321095,43.00861111078806
41303,2,11,-122.06805555543332,42.947499999672836
41305,2,10,-121.95027777764761,42.904166666336586
41306,2,11,-122.18694444433021,42.99194444412027
41307,2,11,-122.08694444432348,42.99305555523146
41309,2,11,-122.26361111100204,42.95527777745114
41310,2,11,-122.07027777765569,42.9974999996762
41311,2,11,-122.09916666654652,42.94416666633928
41313,2,10,-122.24361111100069,42.896388888558285
41314,2,11,-122.00916666654047,42.9897222218979
41315,2,11,-122.12916666654854,42.91305555522607
41316,2,11,-122.07361111098925,42.858611110777964
41317,2,11,-121.98027777764963,43.01083333301043
41318,2,11,-122.11805555543668,42.91305555522607
41319,2,11,-122.25583333322373,42.87083333300101
41320,2,11,-122.14138888877159,42.86972222188982
41321,2,11,-122.04472222209841,43.007499999676874
41322,2,11,-122.00027777765098,42.86861111077864
41323,2,11,-121.9980555554286,42.907499999670144
41324,2,11,-122.11916666654787,42.91749999967082
41325,2,11,-122.11583333321431,42.9108333330037
41326,2,11,-122.2580555554461,42.945277777450464
41327,2,11,-121.98361111098319,42.89749999966947
41328,2,11,-122.1091666665472,42.95972222189588
41329,2,8,-122.00916666654047,42.85638888855559
41330,2,11,-122.01916666654114,42.85638888855559
41331,2,11,-121.95361111098117,42.88861111077998
41332,2,11,-122.10805555543601,42.99416666634264
41333,2,11,-122.21694444433223,42.96749999967418
41334,2,11,-122.23138888877764,42.89861111078066
41335,2,11,-122.15138888877226,42.920833333004374
41336,2,11,-121.99694444431742,42.883055555224054
41337,2,11,-122.18694444433021,42.93194444411623
41338,2,11,-122.23583333322239,42.960833333007066
41339,2,8,-122.11805555543668,42.858611110777964
41341,2,11,-122.23138888877764,42.945277777450464
41342,2,11,-122.11138888876957,42.86972222188982
41343,2,11,-122.00472222209572,42.971944444118925
41344,2,10,-122.1169444443255,42.85638888855559
41345,2,11,-122.23805555544476,42.95638888856232
41346,2,11,-122.20472222210918,42.934166666338605
41347,2,11,-122.01805555542995,42.91305555522607
41349,2,11,-122.03583333320893,42.9897222218979
41350,2,11,-122.02472222209707,42.9030555552254
41351,2,11,-122.19472222210851,43.01083333301043
41352,2,11,-122.04027777765367,42.89194444411354
41353,2,11,-122.03138888876418,42.97972222189723
41354,2,11,-122.25138888877899,42.97972222189723
41355,2,11,-122.05027777765434,42.99194444412027
41356,2,11,-122.15027777766107,42.95638888856232
41357,2,11,-122.14694444432752,42.94638888856165
41358,2,11,-122.19472222210851,42.92194444411556
41359,2,11,-122.02138888876351,43.009722221899246
41360,2,11,-121.97694444431608,42.98749999967553
41361,2,11,-121.95805555542591,42.926388888560304
41362,2,11,-122.20472222210918,42.99305555523146
41363,2,11,-122.13583333321566,42.91416666633726
41364,2,11,-121.99361111098386,42.86527777744508
41365,2,11,-121.96361111098184,43.01083333301043
41366,2,11,-122.1480555554387,42.990833333009085
41367,2,11,-121.98805555542793,42.87416666633457
41368,2,11,-122.00916666654047,43.0130555552328
41369,2,11,-122.15249999988345,42.91972222189319
41370,2,11,-122.12138888877024,42.885277777446426
41371,2,11,-122.03361111098656,42.901944444114214
41372,2,11,-122.02027777765232,42.95638888856232
41373,2,11,-122.02805555543063,43.0130555552328
41374,2,11,-121.95805555542591,42.88861111077998
41375,2,11,-122.05138888876553,42.8952777774471
41376,2,11,-122.04138888876486,42.89416666633591
41377,2,11,-122.13694444432684,42.8952777774471
41378,2,11,-122.24027777766713,42.89194444411354
41379,2,11,-122.2347222221112,42.91972222189319
41380,2,11,-122.21694444433223,42.91749999967082
41381,2,11,-122.1169444443255,42.91194444411489
41382,2,11,-121.99138888876149,42.864166666333894
41385,2,11,-122.05805555543265,42.99527777745383
41386,2,11,-122.13694444432684,42.915277777448445
41387,2,11,-122.22472222211053,42.87305555522338
41388,2,11,-122.16805555544005,42.89305555522473
41389,2,11,-122.13472222210447,42.92194444411556
41390,2,11,-121.96472222209303,42.95416666633995
41391,2,11,-122.15249999988345,42.98416666634197
41392,2,11,-122.0613888887662,42.93194444411623
41393,2,11,-122.19361111099732,42.860833333000336
41394,2,11,-122.23694444433357,42.890833333002355
41395,2,11,-122.10583333321364,42.91305555522607
41396,2,11,-122.14138888877159,42.91638888855963
41397,2,11,-121.95027777764761,42.91749999967082
41398,2,11,-122.26472222211322,42.86972222188982
41399,2,11,-122.24027777766713,42.9974999996762
41400,2,11,-122.12361111099261,42.915277777448445
41401,2,11,-122.21805555544341,42.86749999966745
41402,2,11,-121.9980555554286,42.88194444411287
41403,2,11,-122.22916666655527,42.947499999672836
41405,2,11,-122.15805555543938,42.86527777744508
41406,2,9,-121.95694444431473,42.8874999996688
41407,2,11,-121.9980555554286,42.93638888856098
41408,2,11,-122.25138888877899,42.87083333300101
41409,2,11,-122.03361111098656,42.9030555552254
41410,2,11,-122.23694444433357,42.945277777450464
41411,2,11,-122.11249999988075,43.01083333301043
41412,2,11,-122.25249999989018,42.99527777745383
41413,2,11,-122.07027777765569,42.85749999966678
41414,2,11,-122.04805555543197,42.89972222189184
41415,2,11,-122.02138888876351,42.966388888562996
41417,2,11,-121.97361111098252,42.93861111078335
41418,2,11,-122.06472222209976,42.93194444411623
41419,2,11,-122.15361111099463,42.86861111077864
41420,2,11,-121.95249999986999,42.91749999967082
41421,2,11,-122.15694444432819,42.86305555522271
41422,2,11,-121.95694444431473,42.85749999966678
41423,2,11,-122.14916666654989,42.99972222189857
41424,2,11,-122.12694444432617,42.95194444411758
41425,2,11,-122.1958333332197,42.915277777448445
41426,2,11,-122.15138888877226,42.87527777744575
41427,2,11,-122.19361111099732,42.88972222189117
41428,2,11,-122.21249999988748,42.915277777448445
41429,2,11,-122.1713888887736,42.98083333300841
41430,2,11,-122.13583333321566,42.85638888855559
41431,2,11,-122.09916666654652,42.95416666633995
41432,2,11,-122.12583333321498,42.91305555522607
41433,2,11,-122.13472222210447,42.858611110777964
41434,2,10,-122.06805555543332,42.85749999966678
41435,2,11,-122.25249999989018,42.95416666633995
41437,2,11,-122.04361111098723,42.971944444118925
41438,2,11,-122.16138888877293,42.93861111078335
41439,2,11,-122.23361111100002,42.918611110782
41440,2,11,-121.9902777776503,42.97527777745248
41441,2,11,-122.03138888876418,42.98083333300841
41442,2,11,-122.24138888877832,42.92416666633793
41443,2,11,-122.05027777765434,42.9030555552254
41444,2,11,-122.17694444432954,42.88861111077998
41445,2,11,-121.95249999986999,42.93749999967216
41446,2,11,-121.982499999872,42.85638888855559
41447,2,11,-121.97694444431608,42.85638888855559
41448,2,11,-122.13361111099329,42.885277777446426
41449,2,11,-122.23027777766646,42.879722221890496
41450,2,11,-121.95583333320354,42.90527777744777
41451,2,10,-122.20472222210918,42.890833333002355
41452,2,11,-122.07583333321162,43.00305555523213
41454,2,11,-122.155833333217,42.923055555226746
41455,2,11,-122.25916666655729,42.87861111077931
41456,2,11,-122.26249999989085,42.95416666633995
41457,2,11,-122.14472222210514,42.964166666340624
41458,2,10,-121.95027777764761,42.93638888856098
41459,2,11,-122.15694444432819,42.864166666333894
41460,2,11,-122.22472222211053,42.88194444411287
41461,2,11,-122.11027777765838,42.91972222189319
41462,2,11,-121.97916666653845,43.00638888856569
41463,2,11,-121.95694444431473,42.95083333300639
41464,2,11,-122.21361111099867,42.923055555226746
41465,2,11,-122.01916666654114,42.95638888856232
41466,2,11,-122.07361111098925,42.94972222189521
41467,2,11,-121.97805555542726,42.90861111078133
41468,2,11,-121.9902777776503,42.89972222189184
41469,2,11,-122.19138888877495,42.996388888565015
41470,2,11,-122.11472222210313,42.95083333300639
41471,2,11,-122.18583333321902,42.97861111078604
41472,2,11,-121.95249999986999,42.93638888856098
41473,2,11,-122.19027777766377,42.8952777774471
41474,2,11,-121.95472222209236,42.918611110782
41475,2,11,-122.01916666654114,42.95749999967351
41476,2,11,-122.20472222210918,42.99972222189857
41477,2,11,-122.06027777765502,42.879722221890496
41478,2,11,-122.02138888876351,42.91194444411489
41479,2,11,-121.98472222209438,42.85638888855559
41480,2,11,-122.25472222211255,42.95638888856232
41481,2,11,-121.95583333320354,42.94972222189521
41482,2,11,-122.24805555544543,42.97861111078604
41483,2,11,-122.25916666655729,42.87638888855694
41484,2,11,-121.98472222209438,42.964166666340624
41485,2,11,-122.16027777766175,42.92527777744912
41486,2,11,-122.05249999987672,42.988611110786714
41487,2,11,-122.1247222221038,43.0130555552328
41488,2,11,-122.02583333320825,42.87083333300101
41489,2,11,-122.09916666654652,42.88083333300168
41490,2,11,-121.95472222209236,42.96305555522944
41491,2,11,-121.96138888875947,42.98638888856434
41493,2,11,-121.95472222209236,43.004166666343316
41494,2,10,-121.9902777776503,42.85638888855559
41497,2,11,-122.21472222210986,43.007499999676874
41498,2,11,-122.030277777653,42.88083333300168
41499,2,11,-121.98472222209438,42.89972222189184
41500,2,11,-122.23583333322239,42.88861111077998
41501,2,11,-122.04805555543197,42.89416666633591
41502,2,11,-122.16249999988412,42.94083333300572
41503,2,9,-122.01249999987402,42.858611110777964
41504,2,11,-121.9902777776503,42.86972222188982
41505,2,11,-122.1636111109953,42.934166666338605
41506,2,11,-122.12694444432617,42.966388888562996
41508,2,11,-122.07027777765569,43.007499999676874
41509,2,11,-122.09805555543534,42.90861111078133
41510,2,11,-122.15472222210582,42.92194444411556
41512,2,11,-122.20694444433155,42.915277777448445
41513,2,9,-122.11805555543668,42.85972222188915
41514,2,11,-122.14694444432752,42.91638888855963
41515,2,11,-122.02805555543063,42.85749999966678
41516,2,11,-122.13694444432684,42.88194444411287
41517,2,10,-122.11805555543668,42.85749999966678
41518,2,11,-121.99249999987268,42.9974999996762
41519,2,11,-122.16916666655123,42.89861111078066
41520,2,11,-122.1247222221038,42.91416666633726
41521,2,11,-122.26027777766848,42.93749999967216
41522,2,11,-122.11583333321431,42.871944444112195
41523,2,11,-121.9991666665398,42.866388888556266
41524,2,11,-122.1880555554414,42.96527777745181
41525,2,11,-121.98916666653912,42.901944444114214
41526,2,11,-122.0147222220964,42.95749999967351
41528,2,11,-122.01805555542995,42.96749999967418
41529,2,11,-122.21472222210986,42.971944444118925
41531,2,10,-121.9902777776503,42.858611110777964
41532,2,11,-122.08916666654585,42.883055555224054
41533,2,11,-121.95361111098117,42.93749999967216
41534,2,11,-122.11583333321431,42.95638888856232
41535,2,11,-121.95472222209236,42.93749999967216
41536,2,11,-122.14138888877159,42.88638888855761
41538,2,11,-122.15916666655056,42.94305555522809
41539,2,11,-122.0147222220964,42.89416666633591
41541,2,11,-122.11138888876957,42.91749999967082
41542,2,11,-122.12916666654854,43.00861111078806
41543,2,11,-122.11249999988075,42.907499999670144
41544,2,11,-122.00916666654047,42.98638888856434
41545,2,11,-122.25916666655729,42.91416666633726
41546,2,11,-122.19249999988614,42.88861111077998
41547,2,11,-122.01027777765165,43.00305555523213
41548,2,10,-122.13805555543803,42.85749999966678
41549,2,8,-122.06805555543332,42.85638888855559
41550,2,11,-122.05916666654383,42.93638888856098
41551,2,11,-122.0936111109906,42.88972222189117
41552,2,11,-122.14916666654989,42.91972222189319
41553,2,11,-121.9513888887588,42.947499999672836
41554,2,11,-122.06805555543332,42.945277777450464
41555,2,11,-122.16138888877293,43.01194444412162
41556,2,11,-122.22027777766579,42.87083333300101
41557,2,11,-122.03249999987537,42.907499999670144
41559,2,11,-122.05249999987672,42.860833333000336
41560,2,11,-121.95805555542591,42.99416666634264
41561,2,11,-122.04472222209841,42.8952777774471
41562,2,11,-122.0769444443228,43.004166666343316
41563,2,11,-121.95583333320354,43.00861111078806
41564,2,11,-121.96027777764829,42.95194444411758
41565,2,9,-122.22916666655527,42.890833333002355
41567,2,11,-122.14583333321633,42.91749999967082
41568,2,11,-122.22249999988816,43.0130555552328
41570,2,11,-121.96805555542659,42.89416666633591
41571,2,11,-122.13805555543803,42.95749999967351
41572,2,11,-122.0147222220964,43.0130555552328
41573,2,11,-121.9747222220937,42.85638888855559
41574,2,11,-121.97249999987133,42.94083333300572
41575,2,11,-122.14472222210514,43.001944444120944
41577,2,11,-122.13916666654922,42.99972222189857
41578,2,11,-122.09027777765704,42.941944444116906
41579,2,11,-121.982499999872,42.97861111078604
41580,2,11,-122.0613888887662,42.901944444114214
41581,2,11,-122.11027777765838,42.93861111078335
41582,2,11,-122.20694444433155,42.99972222189857
41583,2,11,-122.09694444432415,42.88194444411287
41584,2,11,-121.98694444431675,42.87527777744575
41585,2,11,-122.0769444443228,43.00305555523213
41586,2,11,-122.24805555544543,42.9974999996762
41587,2,11,-122.18138888877428,43.00638888856569
41588,2,11,-122.03361111098656,43.00861111078806
41589,2,11,-122.21805555544341,42.99305555523146
41590,2,11,-121.99583333320624,42.88194444411287
41591,2,11,-121.9747222220937,43.00638888856569
41592,2,11,-122.23694444433357,42.99861111078739
41593,2,11,-122.09583333321297,42.883055555224054
41594,2,11,-122.05249999987672,42.86305555522271
41595,2,11,-122.09249999987941,42.86972222188982
41596,2,11,-121.99138888876149,42.95083333300639
41597,2,11,-122.02472222209707,43.004166666343316
41598,2,11,-121.99694444431742,42.877499999668125
41599,2,11,-122.06805555543332,42.94638888856165
41600,2,11,-122.1169444443255,42.92194444411556
41601,2,11,-122.05249999987672,42.86194444411152
41602,2,11,-122.23249999988883,42.883055555224054
41603,2,11,-122.23138888877764,42.966388888562996
41604,2,11,-122.04472222209841,43.00861111078806
41605,2,11,-122.25249999989018,42.98083333300841
41606,2,11,-122.04916666654316,42.909722221892515
41607,2,11,-122.25472222211255,42.909722221892515
41608,2,11,-122.23916666655595,42.923055555226746
41609,2,11,-122.21583333322104,42.960833333007066
41610,2,11,-122.04916666654316,42.907499999670144
41611,2,11,-122.13583333321566,42.95194444411758
41612,2,11,-121.9902777776503,42.89749999966947
41613,2,11,-122.13805555543803,42.9974999996762
41614,2,11,-122.02805555543063,42.858611110777964
41615,2,11,-122.03249999987537,42.97527777745248
41616,2,11,-122.13916666654922,42.95194444411758
41617,2,10,-122.21249999988748,42.890833333002355
41618,2,11,-122.16916666655123,42.86861111077864
41619,2,11,-122.10694444432482,42.90638888855896
41620,2,11,-122.02805555543063,42.99194444412027
41621,2,11,-122.23249999988883,42.945277777450464
41623,2,11,-122.23583333322239,42.88083333300168
41624,2,11,-122.09694444432415,42.945277777450464
41625,2,11,-122.17583333321835,42.97861111078604
41626,2,11,-122.1169444443255,42.87416666633457
41627,2,11,-122.20249999988681,42.99861111078739
41628,2,11,-122.10249999988008,42.90638888855896
41629,2,11,-122.1324999998821,42.92749999967149
41630,2,11,-122.2191666665546,42.89972222189184
41631,2,11,-122.20805555544274,42.91305555522607
41632,2,11,-122.19027777766377,42.88194444411287
41633,2,11,-122.07249999987806,42.91749999967082
41634,2,11,-121.99361111098386,42.9974999996762
41635,2,9,-121.95027777764761,42.960833333007066
41636,2,10,-121.95027777764761,42.88638888855761
41637,2,11,-122.11361111099194,42.90861111078133
41638,2,11,-122.03916666654249,43.00083333300976
41639,2,9,-122.25472222211255,42.95638888856232
41640,2,11,-121.9669444443154,42.89416666633591
41641,2,11,-122.19138888877495,42.87527777744575
41644,2,11,-122.18249999988547,42.88972222189117
41645,2,11,-122.1713888887736,42.88861111077998
41646,2,11,-122.24138888877832,42.94305555522809
41648,2,11,-122.26027777766848,42.99194444412027
41649,2,11,-122.0147222220964,43.01083333301043
41650,2,11,-121.9591666665371,43.0052777774545
41651,2,11,-122.18583333321902,42.87638888855694
41652,2,11,-121.98472222209438,42.94416666633928
41653,2,11,-122.11138888876957,43.0130555552328
41654,2,11,-121.96249999987066,42.985277777453156
41655,2,11,-122.08583333321229,42.864166666333894
41656,2,11,-122.13694444432684,42.95972222189588
41657,2,11,-121.95805555542591,42.85638888855559
41658,2,11,-122.15916666655056,42.98638888856434
41659,2,11,-122.21249999988748,42.86861111077864
41660,2,11,-122.07361111098925,43.004166666343316
41661,2,11,-122.08249999987873,42.86194444411152
41662,2,11,-122.03583333320893,42.90083333300303
41663,2,11,-122.01916666654114,42.958611110784695
41664,2,11,-122.0458333332096,43.007499999676874
41666,2,11,-122.01138888876284,42.95972222189588
41667,2,10,-122.19694444433088,42.890833333002355
41668,2,11,-122.08583333321229,42.86527777744508
41669,2,11,-122.01361111098521,42.95972222189588
41670,2,11,-122.01027777765165,42.85749999966678
41671,2,11,-122.23583333322239,42.95527777745114
41672,2,11,-122.15472222210582,43.004166666343316
41673,2,11,-122.10027777765771,42.877499999668125
41674,2,11,-121.96916666653777,43.01083333301043
41675,2,9,-122.0691666665445,42.85749999966678
41676,2,11,-122.15916666655056,42.92416666633793
41677,2,11,-122.0147222220964,42.99861111078739
41678,2,11,-122.21249999988748,42.901944444114214
41679,2,11,-122.12027777765906,42.91416666633726
41680,2,11,-122.18916666655258,42.92194444411556
41681,2,11,-121.95027777764761,42.87638888855694
41682,2,11,-122.12694444432617,42.91305555522607
41683,2,11,-122.15694444432819,42.92527777744912
41684,2,11,-121.9513888887588,42.883055555224054
41685,2,11,-122.22916666655527,42.94416666633928
41686,2,11,-122.11916666654787,42.93527777744979
41687,2,11,-122.15361111099463,43.00083333300976
41688,2,11,-122.09694444432415,42.91972222189319
41689,2,11,-121.9747222220937,42.98416666634197
41690,2,11,-122.08805555543466,42.86527777744508
41691,2,11,-122.05138888876553,42.86194444411152
41692,2,11,-122.26361111100204,42.918611110782
41693,2,11,-122.03361111098656,43.007499999676874
41694,2,11,-122.16472222210649,42.8874999996688
41695,2,11,-122.10472222210245,43.004166666343316
41696,2,11,-121.95472222209236,42.95083333300639
41697,2,11,-122.04694444432079,42.87527777744575
41698,2,11,-122.0613888887662,43.007499999676874
41699,2,11,-122.20472222210918,42.99527777745383
41700,2,11,-122.08249999987873,42.958611110784695
41701,2,11,-122.00916666654047,42.98416666634197
41702,2,11,-122.23805555544476,42.95749999967351
41703,2,11,-122.12805555543736,42.91305555522607
41704,2,11,-122.00472222209572,42.99527777745383
41705,2,11,-122.09138888876822,42.883055555224054
41706,2,11,-121.96027777764829,42.953055555228765
41707,2,10,-122.2580555554461,42.89749999966947
41708,2,11,-122.13583333321566,42.89305555522473
41709,2,11,-122.15472222210582,42.953055555228765
41710,2,11,-122.11805555543668,42.85638888855559
41711,2,10,-121.9591666665371,42.85749999966678
41712,2,11,-121.97361111098252,42.88972222189117
41714,2,11,-122.13583333321566,42.85749999966678
41715,2,11,-122.25916666655729,42.89749999966947
41716,2,11,-122.07249999987806,42.92749999967149
41717,2,11,-122.08805555543466,42.93527777744979
41718,2,11,-122.02916666654181,42.8874999996688
41719,2,11,-121.99138888876149,42.85972222188915
41720,2,11,-122.18694444433021,43.007499999676874
41721,2,11,-122.13361111099329,42.96194444411825
41722,2,11,-122.09249999987941,42.9108333330037
41723,2,11,-121.95249999986999,42.88083333300168
41724,2,11,-122.21361111099867,42.88416666633524
41725,2,11,-122.07249999987806,42.858611110777964
41726,2,11,-122.18694444433021,42.966388888562996
41727,2,11,-122.25694444433492,42.99861111078739
41728,2,11,-122.0536111109879,42.89416666633591
41731,2,11,-122.04027777765367,42.88416666633524
41732,2,10,-122.22805555544409,42.89861111078066
41733,2,11,-122.01027777765165,42.990833333009085
41734,2,11,-122.00805555542928,42.99194444412027
41735,2,11,-122.12027777765906,42.92749999967149
41736,2,11,-122.05138888876553,42.91749999967082
41737,2,11,-121.98138888876082,42.977499999674855
41738,2,11,-122.18916666655258,42.945277777450464
41739,2,11,-122.14138888877159,42.94861111078402
41740,2,11,-122.25138888877899,42.95638888856232
41741,2,11,-122.2113888887763,42.97527777745248
41742,2,11,-122.25361111100136,42.95527777745114
41743,2,11,-122.03472222209774,42.91749999967082
41744,2,11,-122.10472222210245,42.91194444411489
41745,2,11,-121.96805555542659,42.89194444411354
41746,2,11,-122.26249999989085,42.97972222189723
41747,2,11,-122.04472222209841,42.96972222189655
41748,3,10,-122.01805555542995,42.9108333330037
41749,3,10,-122.22916666655527,42.88194444411287
41751,3,10,-122.00583333320691,42.99527777745383
41752,3,10,-121.98027777764963,43.00083333300976
41753,3,10,-122.04249999987604,42.9897222218979
41756,3,10,-122.11805555543668,42.858611110777964
41757,3,10,-121.97583333320489,42.90527777744777
41758,3,10,-121.9591666665371,42.94972222189521
41759,3,10,-122.18472222210784,42.934166666338605
41760,3,9,-121.98138888876082,42.97638888856367
41762,3,10,-122.11805555543668,42.860833333000336
41763,3,10,-122.17027777766242,42.904166666336586
41764,3,10,-122.20472222210918,43.001944444120944
41765,3,10,-122.18583333321902,43.009722221899246
41766,3,10,-122.05472222209909,42.87083333300101
41767,3,10,-122.06361111098857,42.928611110782676
41768,3,10,-122.07472222210043,42.92749999967149
41769,3,10,-122.0380555554313,42.860833333000336
41770,3,10,-122.0069444443181,42.85638888855559
41771,3,10,-121.9513888887588,42.918611110782
41772,3,10,-122.25916666655729,42.915277777448445
41773,3,10,-121.97583333320489,43.004166666343316
41774,3,10,-122.24472222211187,42.996388888565015
41775,3,10,-122.12694444432617,42.93638888856098
41776,3,10,-122.14138888877159,42.915277777448445
41777,3,10,-122.26138888877966,42.95527777745114
41778,3,10,-121.95361111098117,42.945277777450464
41779,3,10,-122.12805555543736,42.877499999668125
41780,3,10,-122.2113888887763,42.966388888562996
41781,3,10,-122.25583333322373,42.97972222189723
41782,3,10,-121.95027777764761,42.87861111077931
41783,3,10,-122.1958333332197,42.9030555552254
41784,3,10,-122.11472222210313,42.93749999967216
41785,3,10,-122.07138888876688,42.91749999967082
41786,3,10,-122.08805555543466,42.9108333330037
41787,3,8,-121.9902777776503,42.85749999966678
41788,3,10,-121.99583333320624,42.971944444118925
41790,3,10,-122.04138888876486,42.87083333300101
41791,3,10,-122.25694444433492,42.93305555522742
41792,3,10,-122.26138888877966,42.87416666633457
41794,3,10,-122.19361111099732,42.9974999996762
41795,3,10,-122.03472222209774,42.86972222188982
41796,3,10,-122.09472222210178,42.87305555522338
41797,3,10,-122.06694444432213,42.93527777744979
41798,3,10,-122.12138888877024,42.915277777448445
41799,3,10,-122.08361111098992,42.96749999967418
41800,3,10,-121.97694444431608,42.9819444441196
41801,3,10,-122.22472222211053,42.94305555522809
41802,3,8,-121.95027777764761,42.93527777744979
41803,3,10,-122.1324999998821,42.88638888855761
41804,3,10,-122.11138888876957,42.87305555522338
41805,3,10,-122.03361111098656,42.877499999668125
41806,3,10,-121.95472222209236,43.0052777774545
41807,3,10,-121.97138888876015,42.95749999967351
41808,3,10,-122.23027777766646,42.96527777745181
41809,3,10,-122.26472222211322,42.88083333300168
41810,3,9,-122.19472222210851,42.89194444411354
41811,3,10,-122.25249999989018,42.99861111078739
41812,3,10,-122.16138888877293,42.928611110782676
41813,3,10,-122.11027777765838,42.90861111078133
41814,3,10,-122.24472222211187,42.93861111078335
41815,3,10,-122.03916666654249,42.858611110777964
41817,3,10,-122.04472222209841,42.860833333000336
41818,3,10,-122.10805555543601,42.907499999670144
41819,3,10,-122.11583333321431,42.95194444411758
41820,3,10,-122.08361111098992,42.86305555522271
41821,3,10,-121.99472222209505,42.866388888556266
41822,3,10,-121.95472222209236,42.93638888856098
41823,3,10,-122.18694444433021,42.87638888855694
41824,3,10,-122.23583333322239,42.883055555224054
41825,3,10,-122.12583333321498,42.92972222189386
41826,3,10,-122.23694444433357,42.96305555522944
41827,3,10,-122.13472222210447,42.95416666633995
41828,3,10,-122.21694444433223,42.86749999966745
41829,3,10,-122.00361111098454,42.93638888856098
41830,3,10,-122.25916666655729,42.879722221890496
41831,3,10,-122.10583333321364,42.92749999967149
41833,3,10,-122.22916666655527,42.918611110782
41834,3,10,-122.25138888877899,42.93527777744979
41835,3,10,-122.2347222221112,43.00305555523213
41836,3,10,-122.2191666665546,42.91638888855963
41837,3,10,-122.08694444432348,42.866388888556266
41838,3,10,-121.98916666653912,42.95972222189588
41840,3,10,-121.99138888876149,42.99972222189857
41841,3,10,-122.22249999988816,42.89972222189184
41842,3,10,-122.23916666655595,43.001944444120944
41844,3,10,-122.11027777765838,42.923055555226746
41845,3,10,-121.97249999987133,43.00861111078806
41846,3,10,-121.95472222209236,42.858611110777964
41847,3,10,-122.03916666654249,42.885277777446426
41848,3,10,-122.13916666654922,42.87083333300101
41849,3,10,-121.98361111098319,42.977499999674855
41850,3,10,-121.98138888876082,42.860833333000336
41851,3,10,-122.15805555543938,42.866388888556266
41852,3,10,-122.13138888877091,42.94638888856165
41854,3,10,-122.11249999988075,42.94861111078402
41855,3,10,-121.95249999986999,43.004166666343316
41856,3,10,-122.24694444433425,42.896388888558285
41857,3,10,-122.01694444431877,42.896388888558285
41858,3,10,-122.21249999988748,42.96305555522944
41859,3,10,-122.25694444433492,42.871944444112195
41860,3,10,-122.18138888877428,42.98749999967553
41861,3,10,-122.14694444432752,42.947499999672836
41862,3,10,-122.01805555542995,42.896388888558285
41863,3,10,-122.10472222210245,42.934166666338605
41864,3,10,-122.16027777766175,42.890833333002355
41865,3,10,-122.07583333321162,43.001944444120944
41866,3,10,-122.13916666654922,42.87638888855694
41867,3,10,-121.99472222209505,42.86749999966745
41868,3,10,-122.02916666654181,42.94861111078402
41869,3,10,-122.06472222209976,42.88083333300168
41870,3,10,-122.23249999988883,42.99527777745383
41871,3,10,-122.18694444433021,42.92194444411556
41872,3,10,-122.09694444432415,42.95749999967351
41873,3,10,-122.25472222211255,42.91194444411489
41874,3,10,-122.07249999987806,43.004166666343316
41875,3,10,-122.24805555544543,42.95527777745114
41876,3,10,-122.2502777776678,42.97972222189723
41877,3,10,-122.06805555543332,42.953055555228765
41878,3,10,-121.95583333320354,42.85638888855559
41879,3,10,-121.9513888887588,43.004166666343316
41880,3,10,-122.15472222210582,42.91972222189319
41881,3,10,-122.2191666665546,42.86861111077864
41882,3,10,-122.02472222209707,43.00638888856569
41884,3,10,-122.24916666655662,42.918611110782
41886,3,10,-122.16138888877293,42.94305555522809
41887,3,10,-122.24694444433425,42.953055555228765
41888,3,10,-122.26027777766848,42.91638888855963
41889,3,10,-122.08694444432348,42.883055555224054
41890,3,10,-122.03916666654249,43.00638888856569
41891,3,10,-122.22027777766579,42.934166666338605
41892,3,10,-122.0458333332096,42.86194444411152
41893,3,10,-122.12916666654854,42.94972222189521
41894,3,10,-122.03916666654249,42.86527777744508
41895,3,10,-122.03694444432011,43.007499999676874
41896,3,10,-122.14249999988277,42.947499999672836
41898,3,10,-122.0224999998747,42.85638888855559
41899,3,10,-122.07583333321162,42.9974999996762
41901,3,10,-122.01694444431877,42.95638888856232
41902,3,10,-122.20027777766444,42.964166666340624
41903,3,10,-122.08361111098992,42.99972222189857
41904,3,10,-122.21805555544341,42.90083333300303
41905,3,10,-122.15805555543938,42.94861111078402
41906,3,9,-122.16694444432886,42.86972222188982
41907,3,10,-122.05583333321027,42.93749999967216
41908,3,10,-121.96472222209303,42.88972222189117
41909,3,10,-122.1880555554414,42.88861111077998
41910,3,10,-122.1480555554387,42.918611110782
41911,3,10,-122.11027777765838,42.94083333300572
41912,3,10,-121.9902777776503,42.89861111078066
41913,3,10,-122.26361111100204,42.9897222218979
41914,3,10,-122.04916666654316,42.91749999967082
41915,3,10,-122.00583333320691,42.89305555522473
41916,3,10,-122.02583333320825,42.85749999966678
41917,3,10,-121.9991666665398,42.95638888856232
41918,3,10,-122.08694444432348,42.99416666634264
41919,3,10,-121.95805555542591,42.8874999996688
41920,3,10,-122.21027777766511,42.93638888856098
41921,3,10,-122.07249999987806,42.947499999672836
41922,3,10,-122.21472222210986,42.91638888855963
41923,3,10,-122.13805555543803,42.88083333300168
41924,3,10,-122.22805555544409,42.94416666633928
41925,3,10,-122.05027777765434,42.901944444114214
41926,3,10,-122.17583333321835,42.871944444112195
41927,3,10,-122.05138888876553,42.871944444112195
41928,3,10,-122.07027777765569,42.939722221894534
41929,3,10,-122.25583333322373,42.99305555523146
41930,3,10,-122.18472222210784,42.918611110782
41931,3,10,-121.97916666653845,42.89194444411354
41932,3,10,-121.99249999987268,42.996388888565015
41933,3,10,-121.9669444443154,43.0130555552328
41934,3,10,-122.03361111098656,42.915277777448445
41935,3,10,-122.24027777766713,42.94972222189521
41936,3,10,-122.25361111100136,42.909722221892515
41937,3,10,-122.11805555543668,42.915277777448445
41938,3,10,-122.1402777776604,42.88416666633524
41939,3,10,-122.26472222211322,42.87861111077931
41940,3,10,-122.25249999989018,42.97972222189723
41941,3,10,-122.19472222210851,42.9741666663413
41942,3,10,-122.19249999988614,42.92972222189386
41943,3,10,-122.13361111099329,42.990833333009085
41944,3,10,-121.96138888875947,42.89194444411354
41945,3,10,-122.22472222211053,43.00083333300976
41946,3,10,-122.10027777765771,42.939722221894534
41947,3,10,-122.2347222221112,42.89861111078066
41948,3,10,-122.04916666654316,43.00638888856569
41950,3,10,-122.2424999998895,42.97861111078604
41951,3,10,-122.02361111098588,42.91416666633726
41952,3,10,-121.97694444431608,42.98638888856434
41953,3,10,-122.14583333321633,42.93083333300505
41955,3,10,-121.99138888876149,42.94083333300572
41957,3,10,-122.06805555543332,42.87861111077931
41958,3,10,-122.12583333321498,42.93083333300505
41959,3,10,-122.26361111100204,42.97861111078604
41960,3,10,-122.24027777766713,42.93305555522742
41961,3,10,-122.0458333332096,42.88861111077998
41962,3,10,-122.13138888877091,42.86527777744508
41963,3,10,-122.14249999988277,42.934166666338605
41964,3,10,-122.14694444432752,42.990833333009085
41965,3,10,-122.11916666654787,42.86194444411152
41966,3,10,-122.23138888877764,42.95749999967351
41967,3,10,-122.10361111099127,42.91194444411489
41968,3,10,-122.26472222211322,42.879722221890496
41969,3,10,-122.10805555543601,43.01194444412162
41971,3,10,-122.01916666654114,42.89861111078066
41972,3,10,-121.99361111098386,42.97527777745248
41973,3,10,-122.03916666654249,43.007499999676874
41974,3,10,-122.21472222210986,42.99305555523146
41975,3,10,-121.95027777764761,42.879722221890496
41976,3,10,-122.06472222209976,42.941944444116906
41977,3,10,-122.2347222221112,42.958611110784695
41978,3,10,-122.09138888876822,42.8952777774471
41979,3,10,-122.23361111100002,42.93305555522742
41980,3,10,-122.15472222210582,42.86194444411152
41981,3,9,-122.01249999987402,42.85749999966678
41982,3,10,-122.21249999988748,42.90083333300303
41984,3,10,-122.0224999998747,42.858611110777964
41985,3,10,-121.96361111098184,42.94083333300572
41986,3,10,-121.96583333320422,42.88972222189117
41987,3,10,-121.95694444431473,43.0052777774545
41988,3,10,-122.12583333321498,42.88416666633524
41990,3,10,-122.08361111098992,42.92527777744912
41991,3,10,-122.05583333321027,42.977499999674855
41992,3,10,-122.04027777765367,42.87083333300101
41993,3,10,-122.26138888877966,42.87527777744575
41994,3,10,-122.13805555543803,42.88972222189117
41995,3,10,-121.9513888887588,43.00083333300976
41996,3,10,-121.97138888876015,42.934166666338605
41997,3,10,-122.15472222210582,43.01194444412162
41998,3,10,-122.11472222210313,42.86749999966745
41999,3,10,-122.11138888876957,42.920833333004374
42000,3,10,-122.16027777766175,42.86861111077864
42001,3,10,-122.03916666654249,42.99972222189857
42002,3,10,-122.11583333321431,42.94861111078402
42003,3,10,-121.9669444443154,42.939722221894534
42004,3,10,-122.05138888876553,42.87527777744575
42005,3,10,-121.98361111098319,43.00083333300976
42006,3,10,-121.96583333320422,42.98749999967553
42007,3,10,-121.96249999987066,42.953055555228765
42008,3,10,-122.05249999987672,43.0052777774545
42009,3,10,-122.09694444432415,42.88083333300168
42011,3,10,-122.17694444432954,42.9974999996762
42012,3,10,-122.16694444432886,42.89416666633591
42013,3,10,-122.15138888877226,42.918611110782
42014,3,10,-122.18694444433021,42.926388888560304
42016,3,10,-122.18361111099665,42.990833333009085
42017,3,10,-121.96805555542659,42.88861111077998
42018,3,10,-122.17694444432954,42.918611110782
42019,3,10,-122.21361111099867,42.8874999996688
42020,3,10,-122.18361111099665,42.97527777745248
42021,3,10,-122.21249999988748,42.89749999966947
42022,3,10,-122.08916666654585,42.95083333300639
42023,3,10,-122.2580555554461,42.92194444411556
42024,3,10,-121.99249999987268,42.860833333000336
42025,3,10,-121.95694444431473,42.88972222189117
42026,3,8,-122.18138888877428,42.88972222189117
42027,3,10,-122.0069444443181,42.990833333009085
42028,3,10,-121.95805555542591,42.96527777745181
42029,3,10,-122.20805555544274,43.00305555523213
42030,3,10,-122.13694444432684,42.88083333300168
42031,3,10,-122.04694444432079,42.96749999967418
42032,3,10,-122.19916666655325,42.91416666633726
42033,3,10,-121.97916666653845,43.001944444120944
42034,3,10,-121.98583333320556,42.89972222189184
42035,3,10,-122.10583333321364,42.960833333007066
42036,3,10,-122.07472222210043,42.923055555226746
42037,3,10,-122.16694444432886,42.901944444114214
42038,3,10,-122.16916666655123,42.9030555552254
42041,3,10,-122.12249999988143,42.96749999967418
42042,3,10,-122.0380555554313,42.971944444118925
42044,3,10,-122.18916666655258,42.877499999668125
42045,3,10,-122.14916666654989,42.926388888560304
42046,3,9,-122.24694444433425,42.93861111078335
42047,3,10,-122.14916666654989,42.91749999967082
42048,3,10,-122.02694444431944,42.88861111077998
42049,3,10,-122.21027777766511,42.96527777745181
42050,3,10,-122.10583333321364,42.99861111078739
42051,3,9,-121.95027777764761,42.96305555522944
42052,3,10,-122.1169444443255,42.87416666633457
42053,3,10,-122.24138888877832,42.86749999966745
42054,3,10,-122.08916666654585,42.864166666333894
42055,3,10,-121.99583333320624,42.9741666663413
42056,3,10,-122.15805555543938,42.92194444411556
42058,3,10,-121.96361111098184,42.9897222218979
42060,3,10,-122.23249999988883,42.96194444411825
42061,3,10,-122.23138888877764,42.93083333300505
42062,3,10,-122.06583333321095,42.88083333300168
42064,3,10,-122.16805555544005,42.89861111078066
42065,3,10,-121.97583333320489,42.904166666336586
42066,3,10,-121.98916666653912,42.941944444116906
42067,3,9,-121.95249999986999,42.8874999996688
42068,3,10,-122.11361111099194,42.909722221892515
42069,3,9,-122.2502777776678,42.8952777774471
42070,3,10,-122.15694444432819,42.866388888556266
42071,3,10,-122.00138888876216,42.86972222188982
42072,3,9,-121.95472222209236,42.88861111077998
42073,3,10,-122.21027777766511,43.004166666343316
42074,3,10,-122.24027777766713,42.94305555522809
42075,3,10,-122.18472222210784,42.9819444441196
42076,3,10,-122.20583333322037,42.966388888562996
42077,3,10,-122.20916666655393,42.91305555522607
42078,3,10,-122.2191666665546,42.966388888562996
42079,3,10,-122.16138888877293,42.93749999967216
42080,3,10,-122.25361111100136,42.87083333300101
42081,3,10,-122.14472222210514,42.915277777448445
42082,3,10,-121.95249999986999,42.85749999966678
42083,3,10,-121.9747222220937,42.904166666336586
42085,3,10,-122.04472222209841,42.885277777446426
42086,3,10,-122.25694444433492,42.95638888856232
42087,3,10,-121.99138888876149,42.86194444411152
42088,3,10,-121.9902777776503,42.901944444114214
42089,3,10,-122.13583333321566,42.89194444411354
42091,3,10,-122.06027777765502,42.93194444411623
42092,3,10,-122.0380555554313,43.007499999676874
42093,3,10,-122.19027777766377,42.87638888855694
42094,3,10,-121.95249999986999,42.91638888855963
42095,3,10,-122.25138888877899,42.909722221892515
42096,3,10,-122.07583333321162,42.858611110777964
42097,3,10,-121.9513888887588,42.947499999672836
42099,3,10,-122.1169444443255,42.85972222188915
42100,3,10,-122.10027777765771,42.945277777450464
42101,3,10,-122.0691666665445,42.941944444116906
42102,3,10,-122.25249999989018,42.95749999967351
42103,3,10,-122.16027777766175,42.94638888856165
42104,3,10,-121.95027777764761,42.94305555522809
42105,3,9,-122.24805555544543,42.93861111078335
42106,3,10,-121.98027777764963,42.85749999966678
42108,3,10,-122.25694444433492,42.95749999967351
42109,3,10,-122.13472222210447,42.89305555522473
42111,3,10,-122.13027777765973,42.91638888855963
42112,3,10,-122.04805555543197,42.86194444411152
42113,3,10,-121.98472222209438,42.99861111078739
42116,3,10,-122.1880555554414,42.87527777744575
42117,3,10,-122.11472222210313,42.92416666633793
42118,3,10,-121.95249999986999,42.94638888856165
42119,3,10,-122.25583333322373,42.98749999967553
42120,3,10,-122.08361111098992,42.96861111078537
42121,3,10,-121.99249999987268,42.864166666333894
42122,3,9,-122.0147222220964,42.860833333000336
42123,3,10,-121.95694444431473,42.91749999967082
42124,3,10,-122.25138888877899,42.93861111078335
42125,3,10,-121.96027777764829,42.89305555522473
42126,3,10,-122.22583333322171,42.99305555523146
42127,3,10,-121.95472222209236,42.90527777744777
42128,3,10,-122.2580555554461,42.99194444412027
42129,3,10,-122.22805555544409,42.94638888856165
42130,3,10,-121.95249999986999,42.94972222189521
42134,3,10,-122.11361111099194,43.0130555552328
42135,3,9,-122.2424999998895,42.896388888558285
42136,3,10,-122.09472222210178,42.8874999996688
42137,3,10,-122.17472222210716,42.88861111077998
42138,3,10,-122.05027777765434,43.004166666343316
42139,3,10,-122.12694444432617,42.96861111078537
42140,3,9,-122.15249999988345,42.85972222188915
42141,3,10,-121.95472222209236,42.94638888856165
42142,3,10,-122.05249999987672,42.926388888560304
42143,3,10,-122.03138888876418,42.98749999967553
42144,3,10,-122.2424999998895,42.93861111078335
42145,3,10,-122.13916666654922,42.939722221894534
42146,3,10,-122.13583333321566,42.883055555224054
42148,3,10,-122.15694444432819,42.92416666633793
42149,3,10,-122.19138888877495,42.93083333300505
42150,3,10,-122.2113888887763,42.866388888556266
42151,3,10,-122.2424999998895,42.91638888855963
42152,3,10,-122.03916666654249,43.0052777774545
42153,3,10,-122.23249999988883,42.93749999967216
42154,3,10,-122.08916666654585,42.86861111077864
42155,3,10,-122.23138888877764,42.93527777744979
42156,3,10,-122.02583333320825,42.85638888855559
42157,3,10,-121.96138888875947,42.98416666634197
42158,3,10,-122.05916666654383,43.00861111078806
42159,3,10,-122.08694444432348,42.91194444411489
42160,3,10,-121.982499999872,42.88972222189117
42161,3,10,-121.96805555542659,42.93861111078335
42162,3,10,-122.23916666655595,42.89861111078066
42163,3,10,-122.10805555543601,42.990833333009085
42164,3,10,-122.17805555544072,42.88861111077998
42165,3,6,-122.24916666655662,42.89416666633591
42166,3,10,-122.1958333332197,42.85972222188915
42167,3,10,-122.01916666654114,42.96749999967418
42168,3,10,-122.22249999988816,42.960833333007066
42169,3,10,-122.04916666654316,42.915277777448445
42171,3,10,-122.203611110998,42.96527777745181
42172,3,10,-122.04138888876486,42.89194444411354
42173,3,10,-122.24583333322306,42.95527777745114
42174,3,10,-122.11361111099194,42.93194444411623
42175,3,10,-122.12361111099261,42.94305555522809
42176,3,10,-122.2580555554461,42.988611110786714
42177,3,10,-122.05472222209909,42.86305555522271
42178,3,10,-122.16583333321768,42.89749999966947
42179,3,10,-122.2113888887763,42.9741666663413
42180,3,10,-122.07249999987806,42.92416666633793
42181,3,10,-122.030277777653,42.87416666633457
42182,3,10,-122.1324999998821,42.86305555522271
42183,3,10,-122.22805555544409,42.928611110782676
42184,3,10,-122.20583333322037,42.99194444412027
42185,3,10,-121.97805555542726,43.004166666343316
42186,3,10,-122.05694444432146,42.86305555522271
42187,3,10,-122.20472222210918,42.96527777745181
42188,3,10,-122.24694444433425,42.86861111077864
42189,3,10,-122.05027777765434,42.87638888855694
42190,3,10,-122.2113888887763,42.99527777745383
42191,3,10,-122.09916666654652,42.93083333300505
42192,3,10,-122.23916666655595,42.93749999967216
42193,3,10,-122.04916666654316,42.91972222189319
42194,3,10,-121.97249999987133,42.939722221894534
42195,3,10,-122.09694444432415,42.94083333300572
42196,3,10,-122.02027777765232,42.95083333300639
42197,3,10,-122.19027777766377,42.88083333300168
42198,3,10,-122.15249999988345,42.87083333300101
42199,3,10,-122.21805555544341,42.97083333300774
42200,3,10,-121.95472222209236,42.93749999967216
42201,3,10,-122.13805555543803,42.8874999996688
42202,3,10,-122.1169444443255,42.86194444411152
42203,3,9,-122.22805555544409,42.890833333002355
42204,3,10,-122.2269444443329,42.9741666663413
42205,3,10,-122.06694444432213,42.88194444411287
42206,3,10,-122.19361111099732,42.920833333004374
42207,3,10,-122.17027777766242,42.87083333300101
42208,3,10,-122.09472222210178,42.88861111077998
42210,3,10,-122.20472222210918,42.977499999674855
42211,3,10,-122.155833333217,42.92194444411556
42212,3,10,-122.19027777766377,42.91972222189319
42213,3,10,-122.18472222210784,43.004166666343316
42214,3,10,-121.98916666653912,42.99861111078739
42215,3,10,-122.03361111098656,42.87305555522338
42216,3,10,-122.04472222209841,42.871944444112195
42217,3,10,-122.00583333320691,42.89194444411354
42218,3,10,-122.04138888876486,42.996388888565015
42219,3,9,-122.155833333217,42.866388888556266
42220,3,10,-122.16583333321768,42.86861111077864
42221,3,10,-122.21249999988748,42.93749999967216
42222,3,10,-121.9747222220937,42.90861111078133
42223,3,10,-122.10583333321364,42.947499999672836
42224,3,10,-122.14249999988277,43.001944444120944
42225,3,10,-121.95027777764761,42.93194444411623
42227,3,10,-122.04472222209841,42.896388888558285
42228,3,10,-122.0224999998747,42.85749999966678
42229,3,10,-122.09138888876822,42.918611110782
42230,3,8,-121.9902777776503,42.85638888855559
42232,3,9,-122.2113888887763,42.890833333002355
42233,3,10,-122.22027777766579,42.87416666633457
42234,3,10,-122.23694444433357,42.89861111078066
42235,3,10,-121.96361111098184,42.983055555230784
42236,3,10,-121.9513888887588,42.85972222188915
42237,3,10,-122.203611110998,42.91972222189319
42239,3,10,-121.95361111098117,42.9974999996762
42240,3,10,-121.97694444431608,43.00861111078806
42242,4,8,-122.22249999988816,42.88861111077998
42243,4,9,-122.1880555554414,42.89305555522473
42245,4,9,-122.155833333217,42.8952777774471
42246,4,9,-122.25472222211255,42.99527777745383
42248,4,9,-122.02138888876351,42.95527777745114
42249,4,9,-122.01694444431877,42.985277777453156
42250,4,9,-122.08694444432348,42.96194444411825
42251,4,9,-122.25472222211255,42.87083333300101
42252,4,9,-122.04472222209841,42.88638888855761
42253,4,9,-121.97916666653845,42.98083333300841
42254,4,9,-122.21361111099867,42.96194444411825
42255,4,9,-122.2347222221112,42.885277777446426
42256,4,9,-122.20805555544274,42.93638888856098
42257,4,8,-121.9513888887588,42.93749999967216
42258,4,9,-122.08805555543466,42.89305555522473
42259,4,9,-122.10027777765771,42.87638888855694
42260,4,8,-122.16249999988412,42.928611110782676
42261,4,9,-122.04027777765367,43.00861111078806
42262,4,9,-122.05027777765434,42.91194444411489
42263,4,9,-122.13027777765973,42.87638888855694
42264,4,9,-121.96249999987066,42.97972222189723
42265,4,9,-122.24583333322306,42.93861111078335
42266,4,9,-122.04916666654316,42.901944444114214
42267,4,9,-122.01249999987402,42.988611110786714
42268,4,9,-122.2580555554461,42.879722221890496
42269,4,9,-122.08805555543466,42.95972222189588
42270,4,9,-122.08805555543466,42.920833333004374
42271,4,9,-122.030277777653,42.98638888856434
42272,4,9,-122.04249999987604,42.971944444118925
42273,4,9,-122.21361111099867,42.99416666634264
42274,4,9,-122.1169444443255,42.85638888855559
42275,4,9,-122.04138888876486,42.87861111077931
42276,4,9,-122.24694444433425,42.92749999967149
42277,4,9,-122.19249999988614,42.885277777446426
42278,4,9,-122.21249999988748,42.964166666340624
42279,4,9,-122.2113888887763,42.99416666634264
42280,4,9,-122.20916666655393,42.91749999967082
42281,4,9,-122.1636111109953,42.86972222188982
42282,4,9,-122.18138888877428,42.91749999967082
42284,4,9,-122.16694444432886,42.89861111078066
42285,4,9,-122.21361111099867,42.95083333300639
42286,4,9,-122.13138888877091,42.95416666633995
42287,4,9,-121.95027777764761,42.877499999668125
42288,4,9,-122.18138888877428,42.98638888856434
42289,4,9,-122.08583333321229,42.99972222189857
42290,4,9,-122.26138888877966,42.88083333300168
42291,4,9,-122.09027777765704,42.9974999996762
42292,4,9,-122.08249999987873,42.99416666634264
42294,4,9,-122.20916666655393,42.93638888856098
42295,4,9,-121.96249999987066,42.89194444411354
42296,4,9,-122.12361111099261,42.85638888855559
42297,4,9,-122.19138888877495,43.007499999676874
42298,4,6,-122.15138888877226,42.85749999966678
42299,4,9,-122.21583333322104,42.95083333300639
42300,4,9,-121.98583333320556,42.915277777448445
42301,4,9,-122.22027777766579,42.87527777744575
42302,4,9,-121.98027777764963,43.004166666343316
42303,4,9,-122.1480555554387,42.99305555523146
42304,4,9,-121.96805555542659,42.89305555522473
42305,4,9,-122.2269444443329,42.890833333002355
42306,4,9,-122.14138888877159,42.996388888565015
42307,4,9,-122.19249999988614,42.990833333009085
42309,4,9,-122.06249999987739,42.879722221890496
42310,4,9,-122.10805555543601,42.90861111078133
42311,4,9,-122.16472222210649,42.9030555552254
42312,4,8,-121.95694444431473,42.88861111077998
42313,4,9,-122.2347222221112,42.939722221894534
42314,4,9,-122.25583333322373,42.99861111078739
42315,4,9,-121.98694444431675,42.91638888855963
42316,4,9,-122.15916666655056,42.92972222189386
42317,4,9,-122.07361111098925,43.004166666343316
42318,4,9,-122.0769444443228,43.00305555523213
42320,4,9,-122.17694444432954,42.97861111078604
42321,4,9,-121.97805555542726,42.890833333002355
42322,4,9,-122.21361111099867,42.91416666633726
42323,4,9,-122.05138888876553,43.0052777774545
42325,4,9,-121.99583333320624,42.879722221890496
42327,4,9,-122.08583333321229,42.99194444412027
42328,4,9,-121.98361111098319,42.85749999966678
42329,4,9,-122.22583333322171,42.960833333007066
42330,4,9,-122.03249999987537,43.009722221899246
42331,4,9,-121.95249999986999,42.94861111078402
42332,4,9,-121.9513888887588,42.99972222189857
42333,4,9,-122.10583333321364,42.90638888855896
42334,4,9,-122.19805555544207,42.941944444116906
42335,4,9,-122.12138888877024,42.93638888856098
42336,4,9,-122.09027777765704,42.91194444411489
42337,4,9,-122.0936111109906,42.86972222188982
42338,4,9,-122.02583333320825,42.904166666336586
42339,4,9,-122.1013888887689,42.941944444116906
42340,4,9,-122.030277777653,42.87861111077931
42341,4,9,-122.01583333320758,42.95749999967351
42342,4,9,-122.20027777766444,42.953055555228765
42343,4,9,-122.2580555554461,42.89305555522473
42344,4,9,-122.11583333321431,42.858611110777964
42345,4,9,-122.03138888876418,42.85749999966678
42346,4,9,-122.07916666654518,43.004166666343316
42347,4,9,-121.97916666653845,42.91194444411489
42348,4,9,-122.08916666654585,42.93749999967216
42349,4,9,-122.22583333322171,42.918611110782
42350,4,9,-122.01361111098521,42.93527777744979
42351,4,9,-121.98472222209438,42.96749999967418
42352,4,9,-121.95472222209236,42.8874999996688
42353,4,9,-122.16249999988412,42.939722221894534
42354,4,9,-122.22249999988816,42.95972222189588
42355,4,9,-122.26138888877966,42.9897222218979
42356,4,9,-122.155833333217,42.94416666633928
42357,4,9,-121.98472222209438,42.9741666663413
42358,4,8,-122.15138888877226,42.858611110777964
42359,4,9,-122.00249999987335,42.971944444118925
42360,4,9,-122.1480555554387,42.928611110782676
42361,4,9,-122.09694444432415,42.883055555224054
42362,4,9,-122.01916666654114,43.01194444412162
42363,4,9,-122.0847222221011,42.91194444411489
42364,4,9,-121.98805555542793,42.97527777745248
42365,4,9,-122.22805555544409,43.00083333300976
42366,4,9,-122.18916666655258,42.97638888856367
42367,4,9,-122.23694444433357,42.93527777744979
42368,4,9,-121.9513888887588,42.904166666336586
42369,4,9,-122.06583333321095,42.904166666336586
42370,4,9,-122.04027777765367,42.88972222189117
42371,4,9,-121.96583333320422,43.01083333301043
42372,4,9,-122.19694444433088,42.890833333002355
42374,4,9,-122.20694444433155,42.934166666338605
42375,4,9,-121.95583333320354,42.87861111077931
42376,4,9,-122.04138888876486,43.009722221899246
42377,4,8,-121.98916666653912,42.85749999966678
42378,4,9,-122.03249999987537,42.95194444411758
42379,4,9,-122.12583333321498,42.93194444411623
42380,4,9,-122.08805555543466,42.918611110782
42381,4,9,-122.0936111109906,42.91194444411489
42382,4,8,-122.19805555544207,42.890833333002355
42383,4,9,-121.98583333320556,42.87305555522338
42384,4,9,-122.17583333321835,42.97305555523011
42385,4,9,-122.2191666665546,42.95083333300639
42386,4,9,-122.23805555544476,42.958611110784695
42387,4,9,-122.04472222209841,42.87305555522338
42388,4,9,-121.99138888876149,42.90083333300303
42389,4,9,-122.24694444433425,42.97638888856367
42390,4,9,-121.98138888876082,42.97861111078604
42391,4,9,-122.15916666655056,42.866388888556266
42392,4,9,-121.95249999986999,42.94638888856165
42393,4,9,-122.19916666655325,43.007499999676874
42394,4,9,-122.030277777653,42.94861111078402
42396,4,9,-122.24472222211187,42.95194444411758
42397,4,9,-122.02583333320825,42.95527777745114
42398,4,9,-122.17249999988479,42.87083333300101
42399,4,9,-122.14361111099396,43.00638888856569
42400,4,9,-122.25694444433492,42.879722221890496
42401,4,9,-122.0613888887662,42.94305555522809
42402,4,9,-122.0458333332096,42.96305555522944
42404,4,9,-121.95694444431473,42.93749999967216
42405,4,9,-122.21694444433223,42.93305555522742
42406,4,9,-121.99583333320624,42.95749999967351
42407,4,9,-121.96583333320422,42.94083333300572
42408,4,9,-122.07361111098925,42.939722221894534
42409,4,9,-122.26472222211322,42.91972222189319
42410,4,9,-122.26361111100204,42.920833333004374
42411,4,9,-122.04138888876486,43.01083333301043
42413,4,9,-122.07583333321162,43.00305555523213
42414,4,9,-122.19138888877495,42.920833333004374
42415,4,9,-122.1880555554414,42.97083333300774
42416,4,9,-122.030277777653,42.966388888562996
42417,4,9,-122.19472222210851,43.004166666343316
42418,4,9,-122.09472222210178,42.89194444411354
42420,4,9,-121.96916666653777,42.88861111077998
42421,4,9,-121.99249999987268,42.95972222189588
42422,4,9,-122.03583333320893,43.007499999676874
42423,4,9,-122.21472222210986,42.93527777744979
42424,4,9,-122.1247222221038,42.96861111078537
42425,4,9,-122.23916666655595,42.98083333300841
42426,4,9,-122.23916666655595,42.89749999966947
42427,4,9,-122.23583333322239,42.96194444411825
42428,4,9,-122.22138888877697,42.95083333300639
42429,4,9,-121.95472222209236,42.9974999996762
42430,4,9,-122.203611110998,43.00305555523213
42431,4,9,-122.1091666665472,42.90638888855896
42432,4,9,-121.97361111098252,42.985277777453156
42433,4,9,-121.99138888876149,42.860833333000336
42434,4,9,-122.1247222221038,42.966388888562996
42435,4,9,-122.22916666655527,42.877499999668125
42436,4,9,-122.03138888876418,42.988611110786714
42438,4,9,-122.21027777766511,42.95083333300639
42439,4,9,-122.01138888876284,42.89416666633591
42440,4,9,-122.18472222210784,42.88861111077998
42441,4,9,-122.1247222221038,42.85638888855559
42442,4,9,-122.21805555544341,42.96749999967418
42443,4,9,-121.98138888876082,42.99861111078739
42444,4,9,-122.08916666654585,42.91194444411489
42445,4,9,-122.2502777776678,42.95416666633995
42446,4,9,-121.9747222220937,42.98749999967553
42447,4,9,-121.99138888876149,42.86749999966745
42448,4,9,-122.0224999998747,42.907499999670144
42449,4,9,-122.1169444443255,42.91305555522607
42450,4,9,-122.05916666654383,42.904166666336586
42451,4,9,-122.155833333217,42.86527777744508
42452,4,9,-122.1880555554414,43.009722221899246
42453,4,9,-122.09583333321297,42.96861111078537
42454,4,9,-122.10805555543601,42.99305555523146
42455,4,9,-121.97249999987133,42.98638888856434
42456,4,9,-122.20694444433155,42.99416666634264
42457,4,9,-122.04027777765367,42.883055555224054
42458,4,9,-122.19138888877495,42.88638888855761
42459,4,9,-122.17916666655191,43.00305555523213
42460,4,9,-122.15138888877226,42.945277777450464
42461,4,9,-122.03138888876418,42.99861111078739
42462,4,9,-122.04138888876486,42.87305555522338
42463,4,9,-122.20694444433155,42.96527777745181
42464,4,9,-122.06694444432213,42.934166666338605
42465,4,9,-122.02361111098588,42.85638888855559
42467,4,9,-122.23027777766646,42.960833333007066
42468,4,9,-122.01138888876284,42.958611110784695
42469,4,9,-122.01583333320758,42.98638888856434
42470,4,9,-122.08694444432348,42.864166666333894
42471,4,9,-122.09805555543534,43.00861111078806
42472,4,9,-122.18361111099665,42.90527777744777
42474,4,9,-122.13805555543803,42.92194444411556
42475,4,9,-122.19694444433088,42.860833333000336
42476,4,9,-122.13916666654922,42.88416666633524
42477,4,8,-122.15249999988345,42.858611110777964
42478,4,9,-122.17805555544072,42.996388888565015
42479,4,9,-122.23249999988883,42.939722221894534
42480,4,9,-122.1091666665472,42.990833333009085
42481,4,9,-122.05138888876553,43.00638888856569
42482,4,9,-122.07361111098925,42.920833333004374
42483,4,9,-122.1480555554387,42.91972222189319
42484,4,9,-121.98472222209438,42.977499999674855
42485,4,9,-122.24583333322306,42.977499999674855
42486,4,9,-121.96249999987066,42.95527777745114
42487,4,9,-122.14916666654989,42.94638888856165
42488,4,9,-122.11583333321431,42.86305555522271
42489,4,9,-122.00361111098454,42.95527777745114
42490,4,9,-122.09138888876822,42.96749999967418
42491,4,9,-122.02916666654181,42.97972222189723
42492,4,9,-122.0536111109879,42.86305555522271
42493,4,9,-122.25361111100136,42.89305555522473
42494,4,9,-122.1324999998821,42.95416666633995
42495,4,9,-122.18138888877428,42.96749999967418
42496,4,9,-122.22027777766579,42.86861111077864
42497,4,8,-122.19472222210851,42.89194444411354
42499,4,9,-122.03916666654249,42.89305555522473
42500,4,9,-121.9902777776503,42.95083333300639
42501,4,9,-122.2580555554461,42.99305555523146
42502,4,9,-122.1091666665472,42.996388888565015
42503,4,8,-122.15138888877226,42.85972222188915
42504,4,9,-122.14138888877159,42.94416666633928
42505,4,9,-121.95249999986999,42.960833333007066
42507,4,7,-121.9513888887588,42.918611110782
42508,4,9,-121.9991666665398,42.87416666633457
42509,4,9,-122.1713888887736,42.88972222189117
42510,4,9,-122.26027777766848,42.87861111077931
42511,4,9,-122.19027777766377,42.883055555224054
42512,4,9,-121.97027777764896,42.98638888856434
42513,4,9,-122.23027777766646,42.94638888856165
42514,4,9,-122.0536111109879,43.00638888856569
42515,4,9,-122.18916666655258,42.9741666663413
42516,4,9,-122.2269444443329,42.960833333007066
42517,4,9,-122.0769444443228,42.92972222189386
42518,4,9,-122.20249999988681,42.966388888562996
42519,4,9,-122.16138888877293,42.9030555552254
42520,4,9,-122.25694444433492,42.97972222189723
42521,4,9,-122.00027777765098,42.95416666633995
42522,4,9,-121.98138888876082,42.896388888558285
42523,4,9,-121.9669444443154,42.8952777774471
42524,4,9,-122.08805555543466,42.86527777744508
42525,4,9,-121.96472222209303,42.95749999967351
42526,4,9,-122.02916666654181,42.87305555522338
42527,4,7,-122.13472222210447,42.858611110777964
42529,4,9,-122.01027777765165,42.988611110786714
42530,4,8,-122.0147222220964,42.860833333000336
42532,4,9,-122.02472222209707,42.85749999966678
42533,4,9,-121.97027777764896,42.95638888856232
42534,4,9,-122.24805555544543,42.8874999996688
42535,4,7,-122.18249999988547,42.88861111077998
42536,4,9,-121.9513888887588,42.860833333000336
42537,4,9,-122.17694444432954,42.99972222189857
42538,4,9,-122.05694444432146,42.94861111078402
42539,4,9,-122.08138888876755,42.996388888565015
42540,4,9,-122.22916666655527,42.960833333007066
42541,4,9,-122.0936111109906,42.88972222189117
42542,4,9,-122.11249999988075,42.91416666633726
42543,4,9,-122.02805555543063,42.99861111078739
42544,4,9,-122.24916666655662,42.977499999674855
42545,4,9,-121.95805555542591,42.85638888855559
42546,4,9,-122.07805555543399,42.983055555230784
42547,4,9,-122.17472222210716,42.88972222189117
42548,4,9,-121.98361111098319,42.99972222189857
42549,4,9,-122.08361111098992,42.99305555523146
42550,4,8,-121.95249999986999,42.8874999996688
42551,4,9,-122.0847222221011,42.95194444411758
42552,4,9,-122.25361111100136,42.93083333300505
42553,4,9,-122.22916666655527,42.99416666634264
42554,4,9,-122.19472222210851,42.88861111077998
42556,4,9,-122.25916666655729,42.86749999966745
42557,4,9,-122.21472222210986,42.96972222189655
42558,4,9,-122.09583333321297,42.87416666633457
42559,4,9,-122.01805555542995,43.01194444412162
42560,4,9,-122.1402777776604,42.92527777744912
42561,4,8,-122.20583333322037,42.890833333002355
42563,4,9,-122.19472222210851,42.92972222189386
42564,4,9,-121.95249999986999,42.918611110782
42565,4,9,-122.13805555543803,42.890833333002355
42566,4,9,-122.25583333322373,42.93861111078335
42567,4,8,-121.97805555542726,42.85749999966678
42568,4,9,-122.16027777766175,42.926388888560304
42569,4,9,-122.25694444433492,42.91416666633726
42570,4,9,-121.95472222209236,42.87638888855694
42571,4,9,-122.15916666655056,42.94638888856165
42572,4,9,-122.23916666655595,42.866388888556266
42573,4,9,-122.1958333332197,42.88972222189117
42574,4,9,-122.02472222209707,42.95083333300639
42575,4,9,-122.19249999988614,42.88972222189117
42576,4,9,-122.08805555543466,42.99972222189857
42577,4,9,-122.19027777766377,42.96527777745181
42578,4,9,-122.16138888877293,42.9819444441196
42579,4,9,-122.25472222211255,42.98083333300841
42580,4,9,-122.24805555544543,42.86749999966745
42581,4,9,-121.96472222209303,42.95527777745114
42582,4,8,-122.26027777766848,42.89861111078066
42583,4,9,-122.11361111099194,42.864166666333894
42584,4,9,-122.0224999998747,42.90083333300303
42585,4,9,-122.26249999989085,42.9897222218979
42586,4,8,-122.26472222211322,42.89972222189184
42587,4,9,-122.03361111098656,42.91194444411489
42588,4,9,-122.24138888877832,42.996388888565015
42589,4,9,-122.24805555544543,42.996388888565015
42590,4,9,-122.12249999988143,42.91638888855963
42591,4,9,-122.05583333321027,42.93527777744979
42592,4,9,-122.16027777766175,42.89305555522473
42593,4,9,-122.02361111098588,42.87305555522338
42594,4,8,-121.9747222220937,42.939722221894534
42595,4,9,-122.01694444431877,42.91638888855963
42596,4,9,-122.09694444432415,42.99416666634264
42597,4,9,-121.96805555542659,43.01194444412162
42598,4,9,-122.01361111098521,42.98749999967553
42599,4,9,-122.0691666665445,42.88194444411287
42600,4,9,-122.11583333321431,42.87305555522338
42601,4,9,-122.20583333322037,42.93527777744979
42602,4,9,-122.00138888876216,42.8874999996688
42603,4,9,-122.1802777776631,43.001944444120944
42604,4,9,-121.97805555542726,43.00638888856569
42605,4,9,-122.25138888877899,42.8952777774471
42608,4,9,-121.9991666665398,42.88416666633524
42609,4,7,-122.25249999989018,42.8952777774471
42610,4,9,-122.24694444433425,42.99527777745383
42611,4,9,-122.07916666654518,42.860833333000336
42612,4,9,-122.01694444431877,43.0130555552328
42613,4,9,-121.9591666665371,42.88972222189117
42614,4,9,-121.9902777776503,42.86861111077864
42615,4,9,-122.17361111099598,42.88861111077998
42616,4,9,-122.25583333322373,42.93861111078335
42617,4,8,-121.99249999987268,42.86527777744508
42620,4,9,-122.09916666654652,42.87861111077931
42621,4,8,-122.06694444432213,42.85638888855559
42622,4,9,-122.1091666665472,42.90861111078133
42623,4,9,-122.23694444433357,43.004166666343316
42624,4,9,-121.96916666653777,42.95416666633995
42625,4,9,-122.14361111099396,42.91749999967082
42626,4,9,-122.23583333322239,42.939722221894534
42627,4,8,-121.95027777764761,42.86305555522271
42628,4,9,-122.19249999988614,42.88416666633524
42629,4,9,-121.95027777764761,42.86194444411152
42630,4,9,-122.15805555543938,42.92527777744912
42631,4,9,-122.20249999988681,42.9974999996762
42632,4,9,-121.97694444431608,42.918611110782
42633,4,9,-122.03472222209774,42.920833333004374
42634,4,9,-122.21694444433223,42.88972222189117
42635,4,9,-122.23361111100002,42.885277777446426
42636,4,9,-122.12583333321498,42.91416666633726
42637,4,9,-121.95027777764761,42.883055555224054
42638,4,9,-122.15916666655056,42.904166666336586
42639,4,9,-122.00361111098454,42.87305555522338
42640,4,9,-122.23805555544476,42.93083333300505
42641,4,9,-122.0936111109906,42.88638888855761
42642,4,9,-122.1880555554414,42.99305555523146
42643,4,9,-121.96249999987066,42.8874999996688
42644,4,9,-122.04694444432079,42.90861111078133
42645,4,9,-122.13583333321566,42.918611110782
42646,4,9,-122.24805555544543,42.89305555522473
42647,4,9,-122.1324999998821,42.9897222218979
42648,4,9,-122.25472222211255,42.871944444112195
42649,4,9,-122.04805555543197,42.920833333004374
42650,4,9,-122.09472222210178,42.93194444411623
42651,4,9,-122.23249999988883,42.99416666634264
42652,4,9,-122.24027777766713,42.977499999674855
42653,4,9,-122.21805555544341,42.94083333300572
42655,4,9,-122.22583333322171,42.95972222189588
42656,4,9,-122.08138888876755,42.93638888856098
42657,4,9,-122.05027777765434,42.8952777774471
42658,4,9,-122.2424999998895,43.00083333300976
42659,4,9,-122.13916666654922,42.99527777745383
42660,4,9,-122.15805555543938,42.94416666633928
42662,4,9,-121.97249999987133,42.90083333300303
42663,4,9,-121.95361111098117,42.96194444411825
42664,4,9,-122.19694444433088,42.91972222189319
42665,4,9,-121.97694444431608,42.92972222189386
42666,4,9,-122.01361111098521,42.858611110777964
42667,4,9,-122.17916666655191,42.88861111077998
42668,4,9,-122.04805555543197,42.89749999966947
42669,4,9,-121.99138888876149,42.858611110777964
42670,4,9,-122.04916666654316,42.983055555230784
42671,4,9,-122.08249999987873,42.85972222188915
42672,4,9,-122.16138888877293,42.94416666633928
42673,4,9,-121.9513888887588,42.94416666633928
42674,4,9,-122.1247222221038,43.01083333301043
42675,4,9,-121.98805555542793,42.94305555522809
42676,4,9,-122.18694444433021,42.945277777450464
42677,4,9,-122.13472222210447,42.94305555522809
42679,4,9,-122.06694444432213,42.92749999967149
42680,4,9,-122.2347222221112,42.85972222188915
42681,4,9,-122.18249999988547,42.901944444114214
42682,4,8,-122.1169444443255,42.860833333000336
42683,4,9,-122.13583333321566,42.85638888855559
42684,4,9,-122.23583333322239,42.93861111078335
42685,4,9,-122.13805555543803,42.91416666633726
42686,4,9,-122.01805555542995,42.91416666633726
42687,4,9,-122.02916666654181,42.91638888855963
42688,4,9,-121.98138888876082,42.89194444411354
42689,4,9,-122.13027777765973,42.966388888562996
42690,4,9,-122.17805555544072,43.0052777774545
42691,4,9,-121.99138888876149,42.9030555552254
42692,4,9,-122.2424999998895,42.97972222189723
42693,4,9,-121.97249999987133,42.93194444411623
42694,4,8,-122.1169444443255,42.85638888855559
42695,4,9,-122.17694444432954,42.91749999967082
42698,4,9,-122.13138888877091,42.92194444411556
42699,4,9,-122.13361111099329,42.860833333000336
42700,4,9,-122.03249999987537,42.91638888855963
42701,4,9,-122.22583333322171,42.947499999672836
42703,4,9,-122.04249999987604,42.89305555522473
42704,4,9,-122.07472222210043,42.99972222189857
42705,4,9,-122.04472222209841,42.97083333300774
42706,4,9,-122.0847222221011,42.928611110782676
42707,4,9,-122.08027777765636,42.860833333000336
42708,4,9,-122.01361111098521,42.896388888558285
42709,4,9,-121.95361111098117,42.947499999672836
42710,4,9,-122.13805555543803,42.920833333004374
42711,4,9,-122.05916666654383,42.93083333300505
42712,4,9,-122.0147222220964,42.858611110777964
42713,4,9,-122.02583333320825,42.99972222189857
42714,4,9,-121.97916666653845,42.93861111078335
42716,4,9,-122.14361111099396,42.94416666633928
42717,4,9,-122.19694444433088,42.971944444118925
42718,4,9,-121.98583333320556,42.977499999674855
42719,4,9,-122.03583333320893,42.99861111078739
42720,4,9,-122.19249999988614,42.88972222189117
42721,4,9,-122.02694444431944,42.87416666633457
42722,4,9,-122.11583333321431,42.91194444411489
42723,4,9,-122.19249999988614,42.88861111077998
42724,4,9,-121.98027777764963,43.009722221899246
42725,4,9,-122.09805555543534,42.92972222189386
42726,4,9,-122.12361111099261,42.91638888855963
42727,4,9,-122.14361111099396,42.95416666633995
42728,4,9,-122.2424999998895,42.97861111078604
42729,4,9,-122.1480555554387,42.86305555522271
42730,4,9,-122.07805555543399,42.85972222188915
42731,4,9,-121.98583333320556,42.91194444411489
42732,4,9,-122.2580555554461,42.98749999967553
42733,4,9,-122.26027777766848,42.877499999668125
42734,4,9,-122.02027777765232,42.95416666633995
42735,4,9,-122.02361111098588,42.85749999966678
42736,4,9,-122.00361111098454,42.86972222188982
42737,4,9,-122.19916666655325,42.9897222218979
42738,5,8,-121.9747222220937,42.85638888855559
42739,5,8,-122.13583333321566,42.85749999966678
42740,5,8,-122.2269444443329,42.901944444114214
42741,5,8,-122.19249999988614,42.945277777450464
42742,5,8,-122.11472222210313,43.004166666343316
42743,5,8,-122.1802777776631,42.98749999967553
42744,5,8,-122.0936111109906,42.95972222189588
42745,5,8,-122.00361111098454,42.99416666634264
42747,5,8,-122.11027777765838,42.87416666633457
42748,5,8,-122.00249999987335,42.9741666663413
42749,5,8,-122.04916666654316,42.85638888855559
42750,5,8,-122.03916666654249,42.885277777446426
42751,5,8,-121.95027777764761,42.901944444114214
42752,5,6,-121.95027777764761,42.88638888855761
42753,5,8,-122.16583333321768,42.89861111078066
42754,5,8,-122.19805555544207,42.96305555522944
42755,5,8,-122.0536111109879,42.98083333300841
42756,5,8,-121.98805555542793,42.95972222189588
42757,5,8,-122.07805555543399,42.97527777745248
42758,5,8,-122.22027777766579,43.01083333301043
42759,5,8,-122.10249999988008,42.90861111078133
42760,5,8,-122.0769444443228,42.85972222188915
42761,5,8,-121.98138888876082,43.00638888856569
42762,5,8,-122.00361111098454,42.971944444118925
42763,5,8,-122.16249999988412,42.885277777446426
42764,5,8,-122.02027777765232,43.01083333301043
42765,5,8,-121.99138888876149,42.85972222188915
42766,5,8,-122.03249999987537,42.88083333300168
42767,5,8,-122.15138888877226,43.004166666343316
42768,5,8,-122.25916666655729,42.99861111078739
42770,5,8,-121.98694444431675,42.97638888856367
42771,5,8,-122.09027777765704,42.958611110784695
42772,5,8,-121.99694444431742,42.93638888856098
42773,5,8,-122.24583333322306,42.96194444411825
42774,5,8,-122.09583333321297,42.89305555522473
42775,5,8,-122.14361111099396,42.99972222189857
42777,5,8,-122.08027777765636,42.95416666633995
42778,5,8,-122.23694444433357,42.890833333002355
42779,5,8,-122.11249999988075,42.86527777744508
42780,5,8,-122.04138888876486,43.00861111078806
42781,5,8,-121.98583333320556,42.89861111078066
42782,5,8,-122.22138888877697,42.99194444412027
42783,5,8,-121.97694444431608,42.89194444411354
42784,5,8,-122.20138888877563,42.95527777745114
42785,5,8,-121.98583333320556,42.926388888560304
42786,5,8,-122.24138888877832,42.95083333300639
42787,5,8,-122.24916666655662,42.88861111077998
42788,5,5,-122.24916666655662,42.93861111078335
42790,5,8,-122.06805555543332,42.94972222189521
42792,5,8,-121.9669444443154,42.89305555522473
42793,5,8,-122.14249999988277,42.92749999967149
42794,5,8,-122.1802777776631,42.934166666338605
42795,5,8,-121.97138888876015,42.939722221894534
42796,5,8,-122.17472222210716,42.890833333002355
42797,5,8,-122.23027777766646,42.87861111077931
42798,5,8,-122.12249999988143,42.93083333300505
42799,5,8,-122.23027777766646,42.93194444411623
42800,5,8,-122.21249999988748,43.00305555523213
42801,5,8,-122.22472222211053,42.87861111077931
42802,5,8,-122.01916666654114,42.99527777745383
42804,5,8,-122.1324999998821,42.93194444411623
42805,5,7,-122.16249999988412,42.86861111077864
42806,5,8,-122.2269444443329,42.87861111077931
42807,5,8,-122.09916666654652,42.947499999672836
42808,5,8,-121.99472222209505,43.0130555552328
42809,5,8,-121.98583333320556,42.96194444411825
42810,5,8,-122.22916666655527,42.890833333002355
42811,5,8,-122.04916666654316,43.004166666343316
42812,5,8,-122.26138888877966,42.990833333009085
42813,5,8,-122.21249999988748,43.004166666343316
42814,5,8,-121.9669444443154,42.98749999967553
42815,5,8,-121.98694444431675,42.8952777774471
42816,5,8,-122.15694444432819,42.86527777744508
42817,5,8,-122.0536111109879,43.009722221899246
42818,5,8,-122.04361111098723,43.007499999676874
42819,5,8,-122.15472222210582,42.860833333000336
42820,5,8,-121.97138888876015,42.990833333009085
42821,5,8,-122.16138888877293,42.86861111077864
42822,5,8,-122.07249999987806,43.00638888856569
42824,5,8,-122.26027777766848,42.87416666633457
42825,5,8,-122.0613888887662,43.00861111078806
42826,5,8,-122.05583333321027,43.00861111078806
42827,5,8,-121.99138888876149,42.85638888855559
42828,5,8,-122.16249999988412,42.93194444411623
42829,5,8,-122.07805555543399,43.004166666343316
42830,5,8,-122.15027777766107,42.86194444411152
42831,5,8,-122.15916666655056,42.97527777745248
42832,5,8,-122.26361111100204,42.96527777745181
42833,5,8,-121.95805555542591,42.87861111077931
42834,5,8,-122.11249999988075,42.86194444411152
42835,5,8,-122.23361111100002,42.88083333300168
42836,5,8,-121.95583333320354,42.8874999996688
42837,5,8,-121.98138888876082,42.89749999966947
42838,5,8,-122.21694444433223,42.90083333300303
42839,5,8,-122.05472222209909,43.00638888856569
42840,5,8,-122.2191666665546,42.934166666338605
42841,5,8,-122.05027777765434,42.90527777744777
42842,5,8,-122.21027777766511,42.953055555228765
42843,5,8,-122.23249999988883,42.94416666633928
42844,5,8,-122.25583333322373,42.98083333300841
42845,5,8,-122.1247222221038,42.93861111078335
42846,5,8,-122.09472222210178,43.01194444412162
42847,5,8,-122.01916666654114,42.98416666634197
42848,5,8,-122.25694444433492,42.890833333002355
42849,5,8,-122.16138888877293,42.92972222189386
42850,5,8,-122.1247222221038,42.858611110777964
42851,5,8,-122.04361111098723,42.88972222189117
42852,5,8,-122.01583333320758,42.89749999966947
42853,5,8,-122.24138888877832,42.93861111078335
42854,5,8,-122.05027777765434,43.0052777774545
42855,5,8,-121.96027777764829,42.85638888855559
42856,5,8,-121.97805555542726,42.99972222189857
42857,5,8,-121.96916666653777,42.94083333300572
42858,5,8,-122.0936111109906,42.96861111078537
42859,5,8,-122.19472222210851,42.91638888855963
42860,5,8,-121.98916666653912,42.94083333300572
42861,5,8,-121.96916666653777,42.98638888856434
42862,5,8,-122.12583333321498,43.01083333301043
42863,5,8,-121.98583333320556,42.89749999966947
42864,5,8,-122.26138888877966,42.91638888855963
42865,5,8,-121.97916666653845,42.939722221894534
42866,5,8,-122.05138888876553,42.89416666633591
42867,5,7,-122.203611110998,42.890833333002355
42868,5,8,-121.98472222209438,42.89749999966947
42870,5,8,-122.05805555543265,42.99416666634264
42871,5,8,-122.17694444432954,42.98749999967553
42872,5,8,-122.04916666654316,42.88972222189117
42873,5,6,-122.20027777766444,42.890833333002355
42874,5,8,-121.99472222209505,42.871944444112195
42875,5,8,-122.1091666665472,42.87527777744575
42876,5,8,-122.23361111100002,42.934166666338605
42877,5,8,-122.22583333322171,43.001944444120944
42878,5,8,-122.16805555544005,42.904166666336586
42879,5,8,-121.9513888887588,42.879722221890496
42880,5,8,-122.00027777765098,42.99972222189857
42882,5,8,-122.13472222210447,42.941944444116906
42883,5,8,-122.03361111098656,42.907499999670144
42885,5,8,-122.19027777766377,42.88638888855761
42886,5,8,-121.9669444443154,42.94083333300572
42887,5,8,-121.99472222209505,42.93861111078335
42888,5,8,-122.2269444443329,42.89861111078066
42889,5,8,-122.26027777766848,42.97972222189723
42890,5,8,-122.13694444432684,42.93749999967216
42891,5,7,-122.22916666655527,42.89861111078066
42892,5,8,-121.98805555542793,42.87083333300101
42893,5,8,-121.98361111098319,42.96861111078537
42894,5,8,-122.2424999998895,42.977499999674855
42895,5,8,-122.13916666654922,42.95083333300639
42896,5,8,-121.982499999872,42.977499999674855
42897,5,8,-122.00361111098454,42.96972222189655
42898,5,8,-121.97694444431608,42.939722221894534
42899,5,8,-122.09027777765704,42.86861111077864
42900,5,8,-122.18583333321902,42.89416666633591
42901,5,8,-121.97583333320489,42.9974999996762
42902,5,8,-122.0936111109906,42.941944444116906
42903,5,8,-122.00805555542928,42.99416666634264
42904,5,8,-122.17583333321835,42.97527777745248
42905,5,8,-122.18916666655258,42.89749999966947
42906,5,8,-122.1958333332197,42.89194444411354
42907,5,8,-121.98694444431675,42.890833333002355
42908,5,8,-121.95472222209236,42.947499999672836
42909,5,8,-121.98472222209438,42.877499999668125
42910,5,8,-122.22805555544409,42.960833333007066
42911,5,8,-122.09472222210178,42.92972222189386
42912,5,8,-121.96361111098184,42.8874999996688
42913,5,8,-122.22805555544409,42.947499999672836
42914,5,8,-122.14583333321633,42.91638888855963
42915,5,8,-122.23249999988883,42.88194444411287
42916,5,8,-122.24472222211187,42.97638888856367
42917,5,8,-122.22249999988816,42.86972222188982
42918,5,8,-121.95027777764761,42.91749999967082
42919,5,8,-121.97583333320489,42.85638888855559
42920,5,8,-122.23694444433357,42.89972222189184
42921,5,8,-121.97916666653845,42.97861111078604
42922,5,8,-122.2191666665546,42.92194444411556
42923,5,8,-121.96583333320422,42.89305555522473
42924,5,8,-122.00583333320691,42.97083333300774
42925,5,8,-122.15027777766107,42.918611110782
42926,5,8,-122.26361111100204,42.93305555522742
42927,5,8,-122.23694444433357,42.93638888856098
42928,5,8,-122.13805555543803,42.879722221890496
42929,5,8,-122.203611110998,42.95416666633995
42930,5,8,-122.19249999988614,42.97638888856367
42931,5,8,-122.15805555543938,42.864166666333894
42932,5,8,-122.05805555543265,42.86194444411152
42933,5,8,-121.97138888876015,42.93638888856098
42934,5,8,-122.04138888876486,43.007499999676874
42935,5,8,-122.2113888887763,42.95083333300639
42936,5,8,-122.13916666654922,42.88972222189117
42937,5,8,-122.08027777765636,42.860833333000336
42938,5,8,-122.2191666665546,42.879722221890496
42939,5,8,-122.03249999987537,42.947499999672836
42941,5,8,-121.97583333320489,42.939722221894534
42942,5,8,-122.01249999987402,42.87416666633457
42943,5,8,-122.2502777776678,42.890833333002355
42945,5,8,-122.05472222209909,42.860833333000336
42946,5,8,-122.20916666655393,42.89972222189184
42947,5,8,-122.0147222220964,42.958611110784695
42948,5,8,-122.11361111099194,42.866388888556266
42949,5,8,-122.16138888877293,43.007499999676874
42950,5,8,-122.23361111100002,43.001944444120944
42952,5,8,-122.20916666655393,42.9897222218979
42953,5,8,-122.030277777653,42.883055555224054
42954,5,8,-122.14694444432752,42.918611110782
42955,5,8,-122.19138888877495,42.97527777745248
42956,5,8,-122.0936111109906,42.89194444411354
42957,5,8,-122.25249999989018,42.920833333004374
42958,5,8,-122.19027777766377,42.87527777744575
42959,5,8,-122.1324999998821,42.890833333002355
42960,5,8,-122.11472222210313,42.93194444411623
42961,5,8,-121.95472222209236,42.85638888855559
42962,5,8,-122.21249999988748,42.99194444412027
42963,5,8,-121.96027777764829,42.99194444412027
42964,5,8,-122.10027777765771,42.93527777744979
42966,5,8,-122.22138888877697,42.918611110782
42967,5,8,-122.09583333321297,42.93749999967216
42968,5,8,-122.24916666655662,42.91972222189319
42969,5,8,-122.24805555544543,42.98749999967553
42970,5,6,-122.08249999987873,42.86194444411152
42971,5,8,-122.15916666655056,42.92527777744912
42972,5,8,-121.96027777764829,42.966388888562996
42973,5,8,-122.2269444443329,42.88194444411287
42974,5,8,-122.12694444432617,42.947499999672836
42975,5,8,-122.05583333321027,42.86194444411152
42976,5,8,-122.26249999989085,42.91972222189319
42977,5,8,-122.03138888876418,42.95194444411758
42978,5,8,-122.09472222210178,42.88194444411287
42979,5,8,-122.16027777766175,42.92972222189386
42980,5,8,-121.97027777764896,43.01083333301043
42981,5,7,-121.9513888887588,42.93527777744979
42982,5,8,-122.2347222221112,42.960833333007066
42983,5,8,-122.02472222209707,42.90527777744777
42984,5,8,-121.9591666665371,42.8952777774471
42985,5,8,-122.25916666655729,42.87527777744575
42986,5,8,-122.16916666655123,42.985277777453156
42988,5,8,-121.99138888876149,42.953055555228765
42989,5,8,-122.00249999987335,42.8874999996688
42990,5,8,-121.99583333320624,42.86972222188982
42991,5,8,-122.13805555543803,42.94305555522809
42992,5,8,-122.23694444433357,42.923055555226746
42993,5,8,-122.10805555543601,42.95083333300639
42994,5,8,-122.11805555543668,42.88861111077998
42996,5,8,-122.12916666654854,42.95083333300639
42997,5,8,-122.0536111109879,42.99972222189857
42998,5,8,-122.08361111098992,43.00861111078806
42999,5,8,-122.23027777766646,42.88416666633524
43000,5,8,-122.22361111099934,42.88972222189117
43001,5,8,-122.0458333332096,42.96749999967418
43002,5,8,-122.26138888877966,42.918611110782
43003,5,8,-122.07583333321162,42.864166666333894
43004,5,8,-122.11805555543668,42.860833333000336
43005,5,8,-122.13694444432684,42.99972222189857
43006,5,8,-122.2269444443329,42.97527777745248
43007,5,8,-122.19361111099732,42.92749999967149
43008,5,8,-121.97916666653845,43.0052777774545
43009,5,8,-121.98472222209438,42.96972222189655
43010,5,7,-122.22138888877697,42.88861111077998
43011,5,8,-122.11472222210313,42.93305555522742
43012,5,8,-121.95583333320354,42.93749999967216
43013,5,8,-122.00249999987335,42.996388888565015
43014,5,8,-121.98805555542793,42.947499999672836
43016,5,8,-122.04472222209841,42.86305555522271
43017,5,8,-122.06249999987739,42.904166666336586
43018,5,8,-122.08916666654585,42.92972222189386
43019,5,8,-122.12027777765906,42.947499999672836
43020,5,8,-122.23249999988883,42.879722221890496
43021,5,8,-122.0458333332096,43.0052777774545
43022,5,8,-122.2269444443329,42.945277777450464
43023,5,8,-122.16249999988412,42.934166666338605
43024,5,8,-122.04138888876486,42.98416666634197
43025,5,8,-122.01027777765165,43.01083333301043
43026,5,8,-122.07361111098925,43.00305555523213
43027,5,8,-122.02694444431944,42.990833333009085
43028,5,8,-122.02361111098588,42.86749999966745
43029,5,7,-121.9513888887588,42.93638888856098
43030,5,8,-122.01249999987402,42.9897222218979
43031,5,8,-122.12027777765906,42.95194444411758
43032,5,8,-122.02805555543063,42.966388888562996
43033,5,8,-121.9513888887588,42.96194444411825
43034,5,8,-122.19472222210851,42.99972222189857
43036,5,8,-122.07361111098925,42.945277777450464
43037,5,8,-122.13138888877091,42.964166666340624
43038,5,8,-121.95361111098117,42.93638888856098
43039,5,8,-121.98583333320556,42.97083333300774
43040,5,8,-122.07249999987806,42.85749999966678
43041,5,8,-122.15916666655056,42.86749999966745
43042,5,8,-121.96138888875947,42.88638888855761
43043,5,8,-121.9591666665371,42.9819444441196
43044,5,8,-122.21805555544341,42.977499999674855
43045,5,8,-122.20472222210918,43.01194444412162
43046,5,8,-122.17583333321835,42.945277777450464
43047,5,8,-122.19138888877495,42.964166666340624
43048,5,8,-122.19027777766377,42.945277777450464
43049,5,8,-121.97805555542726,42.88972222189117
43050,5,8,-122.24361111100069,42.99861111078739
43051,5,8,-122.1169444443255,43.007499999676874
43052,5,8,-122.01694444431877,42.98416666634197
43053,5,8,-122.16249999988412,42.93305555522742
43054,5,8,-122.24361111100069,42.93861111078335
43055,5,8,-122.24472222211187,42.96194444411825
43056,5,8,-122.04694444432079,42.91416666633726
43057,5,7,-122.20694444433155,42.890833333002355
43058,5,8,-122.04916666654316,42.87305555522338
43059,5,8,-122.1480555554387,43.007499999676874
43060,5,8,-122.11583333321431,42.86305555522271
43061,5,8,-121.97249999987133,42.94305555522809
43062,5,8,-122.23138888877764,42.96972222189655
43063,5,8,-122.25138888877899,42.996388888565015
43064,5,8,-121.99583333320624,42.95638888856232
43065,5,8,-122.23583333322239,42.88416666633524
43066,5,8,-121.96805555542659,42.98638888856434
43067,5,8,-122.15138888877226,42.879722221890496
43068,5,8,-122.20472222210918,42.96749999967418
43069,5,8,-121.9747222220937,43.0052777774545
43070,5,8,-122.13361111099329,42.915277777448445
43072,5,8,-122.21805555544341,42.915277777448445
43073,5,8,-121.98361111098319,42.890833333002355
43074,5,8,-122.22027777766579,42.8874999996688
43075,5,8,-122.26472222211322,42.97972222189723
43076,5,8,-122.18694444433021,42.94416666633928
43077,5,8,-122.01361111098521,42.85972222188915
43078,5,8,-122.17694444432954,42.86972222188982
43079,5,8,-121.97138888876015,42.88861111077998
43080,5,8,-122.19361111099732,42.99972222189857
43081,5,8,-122.22583333322171,42.87861111077931
43082,5,8,-122.00027777765098,42.88416666633524
43083,5,8,-122.10694444432482,42.91305555522607
43084,5,8,-121.95027777764761,42.966388888562996
43085,5,8,-122.00916666654047,42.97083333300774
43086,5,8,-122.02805555543063,42.88861111077998
43087,5,8,-122.00583333320691,42.964166666340624
43088,5,8,-122.03472222209774,42.90861111078133
43089,5,8,-122.06583333321095,42.94861111078402
43090,5,8,-122.22472222211053,42.990833333009085
43091,5,8,-122.03138888876418,42.98416666634197
43092,5,8,-122.16138888877293,42.941944444116906
43093,5,8,-121.97249999987133,42.89972222189184
43094,5,8,-122.20916666655393,42.97638888856367
43095,5,8,-122.14583333321633,42.918611110782
43096,5,8,-122.16916666655123,42.8874999996688
43097,5,8,-122.15694444432819,42.90527777744777
43098,5,8,-122.23249999988883,42.964166666340624
43099,5,8,-122.06361111098857,42.901944444114214
43100,5,8,-122.0458333332096,42.99527777745383
43101,5,8,-122.17583333321835,42.971944444118925
43102,5,8,-122.1324999998821,42.89194444411354
43103,5,8,-122.18472222210784,42.945277777450464
43104,5,8,-122.0691666665445,42.920833333004374
43105,5,8,-122.20916666655393,42.99416666634264
43106,5,8,-122.20694444433155,43.0130555552328
43107,5,8,-122.11472222210313,42.87083333300101
43108,5,8,-122.21805555544341,42.934166666338605
43109,5,8,-122.12916666654854,42.947499999672836
43110,5,8,-122.23583333322239,42.945277777450464
43111,5,8,-122.05027777765434,43.0052777774545
43112,5,8,-121.96916666653777,42.89749999966947
43113,5,8,-122.01694444431877,42.958611110784695
43114,5,7,-121.95027777764761,42.918611110782
43115,5,8,-122.06027777765502,42.99416666634264
43116,5,8,-122.15694444432819,42.90638888855896
43117,5,8,-122.24805555544543,42.95527777745114
43118,5,8,-122.08361111098992,42.960833333007066
43119,5,8,-121.97249999987133,42.93861111078335
43120,5,8,-121.97138888876015,42.95638888856232
43121,5,8,-122.24916666655662,43.001944444120944
43122,5,8,-122.09472222210178,42.96861111078537
43124,5,8,-121.98027777764963,42.91194444411489
43125,5,8,-122.02694444431944,42.96749999967418
43126,5,8,-122.24694444433425,42.8874999996688
43127,5,8,-122.11249999988075,42.94305555522809
43128,5,8,-122.13916666654922,42.890833333002355
43129,5,8,-122.23583333322239,42.958611110784695
43130,5,8,-122.2113888887763,42.93861111078335
43131,5,8,-122.02138888876351,42.89861111078066
43133,5,8,-121.95805555542591,42.9897222218979
43135,5,8,-121.96138888875947,42.91749999967082
43136,5,8,-121.99138888876149,42.86305555522271
43137,5,8,-122.030277777653,42.97638888856367
43138,5,8,-122.03249999987537,42.877499999668125
43139,5,8,-122.20583333322037,42.915277777448445
43140,5,8,-122.11138888876957,42.95083333300639
43141,5,8,-122.13916666654922,42.9974999996762
43142,5,8,-122.20472222210918,42.90083333300303
43143,5,8,-122.0769444443228,42.920833333004374
43144,5,8,-122.13361111099329,42.87638888855694
43145,5,8,-122.13694444432684,42.96194444411825
43146,5,8,-122.19027777766377,42.885277777446426
43147,5,8,-122.02916666654181,43.01083333301043
43148,5,8,-122.05694444432146,42.95083333300639
43149,5,8,-122.08694444432348,42.95638888856232
43150,5,8,-121.95805555542591,42.85749999966678
43151,5,8,-121.98694444431675,42.95972222189588
43152,5,8,-122.2269444443329,42.94638888856165
43153,5,8,-122.04805555543197,42.99416666634264
43154,5,8,-122.12138888877024,42.920833333004374
43155,5,8,-122.11027777765838,42.87305555522338
43156,5,8,-122.09472222210178,42.964166666340624
43157,5,8,-122.23583333322239,42.9974999996762
43158,5,8,-121.95472222209236,42.91749999967082
43159,5,8,-122.09027777765704,42.86861111077864
43160,5,8,-122.1636111109953,42.93083333300505
43161,5,8,-122.24694444433425,42.977499999674855
43162,5,8,-122.03138888876418,42.877499999668125
43163,5,8,-121.96805555542659,43.001944444120944
43164,5,8,-121.96472222209303,42.88861111077998
43165,5,8,-122.20694444433155,42.97638888856367
43166,5,8,-122.08694444432348,42.95416666633995
43167,5,8,-122.20916666655393,42.93527777744979
43168,5,8,-122.13138888877091,42.86749999966745
43169,5,8,-122.1091666665472,42.877499999668125
43171,5,8,-122.23805555544476,42.866388888556266
43172,5,8,-122.1880555554414,42.97527777745248
43173,5,8,-122.0224999998747,43.00861111078806
43174,5,8,-122.22361111099934,42.88083333300168
43175,5,8,-121.97805555542726,42.9819444441196
43176,5,6,-122.22583333322171,42.88972222189117
43177,5,8,-122.13027777765973,43.009722221899246
43178,5,8,-122.155833333217,42.860833333000336
43179,5,8,-122.13916666654922,42.918611110782
43181,5,8,-122.08694444432348,42.86305555522271
43182,5,8,-122.02694444431944,42.88972222189117
43183,5,8,-122.04138888876486,42.890833333002355
43184,5,8,-122.0458333332096,42.896388888558285
43185,5,8,-122.19805555544207,43.001944444120944
43186,5,8,-122.02916666654181,42.95194444411758
43187,5,8,-122.03916666654249,42.988611110786714
43189,5,8,-122.24472222211187,42.99861111078739
43191,5,8,-122.04916666654316,42.90638888855896
43192,5,8,-122.155833333217,42.86194444411152
43193,5,8,-122.22361111099934,42.99194444412027
43194,5,8,-122.15361111099463,42.91972222189319
43196,5,8,-122.08805555543466,42.93638888856098
43197,5,8,-122.17361111099598,42.88972222189117
43198,5,8,-122.02805555543063,42.87416666633457
43199,5,8,-122.07916666654518,42.91305555522607
43200,5,8,-122.16916666655123,42.98416666634197
43201,5,8,-122.00361111098454,42.871944444112195
43202,5,8,-122.22027777766579,42.99194444412027
43203,5,8,-122.1480555554387,42.94861111078402
43206,5,8,-122.12361111099261,42.88194444411287
43207,5,8,-122.17472222210716,42.918611110782
43208,5,8,-122.24027777766713,42.89749999966947
43209,5,8,-122.05472222209909,42.985277777453156
43210,5,8,-122.21027777766511,42.939722221894534
43211,5,8,-122.03916666654249,42.99861111078739
43212,5,8,-122.01361111098521,42.958611110784695
43213,5,8,-122.0691666665445,42.92416666633793
43214,5,8,-122.24361111100069,42.939722221894534
43215,5,8,-122.09249999987941,42.91194444411489
43216,5,8,-122.06027777765502,42.939722221894534
43217,5,8,-121.96472222209303,42.988611110786714
43218,5,8,-122.155833333217,42.91972222189319
43219,5,8,-122.12027777765906,42.915277777448445
43220,5,8,-122.02583333320825,42.909722221892515
43221,5,8,-122.02916666654181,42.88194444411287
43222,5,8,-122.04694444432079,42.99305555523146
43223,5,8,-122.15027777766107,42.86194444411152
43224,5,8,-122.16027777766175,43.009722221899246
43225,5,8,-122.15249999988345,42.94638888856165
43226,5,8,-122.15916666655056,42.904166666336586
43227,5,8,-122.0069444443181,42.93527777744979
43228,5,8,-121.95805555542591,42.953055555228765
43229,6,7,-122.13472222210447,42.99305555523146
43230,6,7,-122.23583333322239,42.85972222188915
43231,6,6,-122.02472222209707,42.85638888855559
43232,6,7,-122.17916666655191,42.97305555523011
43233,6,7,-122.03138888876418,42.966388888562996
43234,6,7,-122.19361111099732,42.88972222189117
43235,6,7,-122.11027777765838,42.907499999670144
43236,6,7,-121.97583333320489,42.939722221894534
43237,6,7,-121.99472222209505,42.99416666634264
43238,6,7,-122.02361111098588,42.99527777745383
43239,6,7,-122.14583333321633,42.99416666634264
43240,6,7,-122.00805555542928,42.89305555522473
43241,6,7,-121.98027777764963,42.89194444411354
43242,6,7,-121.98694444431675,42.94638888856165
43243,6,7,-121.9669444443154,42.95527777745114
43244,6,7,-122.00361111098454,42.9974999996762
43245,6,7,-122.03916666654249,42.88416666633524
43246,6,7,-122.03472222209774,42.945277777450464
43247,6,7,-122.23361111100002,42.95527777745114
43248,6,7,-122.03361111098656,42.9030555552254
43249,6,7,-122.05916666654383,42.99416666634264
43250,6,7,-122.11249999988075,42.94638888856165
43252,6,7,-122.02472222209707,42.860833333000336
43253,6,6,-122.25694444433492,42.89749999966947
43254,6,7,-122.0458333332096,42.96749999967418
43255,6,7,-122.26138888877966,42.958611110784695
43256,6,7,-122.1402777776604,42.91972222189319
43257,6,7,-122.02583333320825,42.99861111078739
43259,6,7,-122.11027777765838,42.88194444411287
43260,6,7,-122.2113888887763,42.91638888855963
43261,6,7,-122.1169444443255,42.95416666633995
43262,6,7,-122.01361111098521,42.98638888856434
43264,6,7,-121.97916666653845,42.85638888855559
43265,6,7,-122.0458333332096,42.96861111078537
43266,6,7,-122.155833333217,42.86194444411152
43267,6,7,-122.00916666654047,42.89416666633591
43268,6,7,-122.07138888876688,42.92749999967149
43269,6,7,-121.98138888876082,42.89416666633591
43270,6,7,-122.14138888877159,42.94305555522809
43271,6,7,-121.97027777764896,42.89861111078066
43272,6,7,-121.9747222220937,42.95749999967351
43273,6,7,-122.09138888876822,42.86972222188982
43274,6,7,-122.13583333321566,42.879722221890496
43275,6,7,-122.10361111099127,42.93194444411623
43276,6,7,-122.12805555543736,42.97083333300774
43277,6,7,-121.96583333320422,43.01194444412162
43278,6,7,-122.20805555544274,42.91638888855963
43279,6,7,-122.24583333322306,42.93861111078335
43280,6,7,-122.15805555543938,42.98749999967553
43281,6,7,-122.07361111098925,42.960833333007066
43282,6,7,-122.08805555543466,42.939722221894534
43283,6,7,-122.02805555543063,42.85638888855559
43284,6,7,-122.18249999988547,42.934166666338605
43285,6,7,-122.20694444433155,42.93861111078335
43286,6,7,-122.155833333217,43.01194444412162
43287,6,7,-121.95027777764761,42.964166666340624
43288,6,7,-122.2113888887763,42.9897222218979
43289,6,7,-122.04138888876486,42.98638888856434
43290,6,7,-122.00472222209572,42.934166666338605
43292,6,7,-121.96138888875947,42.8874999996688
43293,6,7,-122.16249999988412,42.86861111077864
43294,6,7,-122.17249999988479,43.007499999676874
43296,6,7,-122.15249999988345,42.877499999668125
43297,6,7,-121.9591666665371,42.99305555523146
43298,6,7,-122.04361111098723,42.98416666634197
43300,6,7,-122.13694444432684,42.85972222188915
43301,6,7,-122.11472222210313,43.00861111078806
43302,6,6,-121.99138888876149,42.85749999966678
43303,6,7,-122.05583333321027,42.94972222189521
43304,6,7,-122.18694444433021,42.88861111077998
43305,6,7,-122.14583333321633,43.00083333300976
43306,6,7,-121.9513888887588,42.94638888856165
43307,6,7,-122.20472222210918,42.89972222189184
43308,6,7,-122.00361111098454,42.88972222189117
43309,6,7,-122.14583333321633,42.99305555523146
43310,6,7,-122.16027777766175,42.93083333300505
43312,6,7,-122.13472222210447,42.896388888558285
43313,6,6,-121.95694444431473,42.8874999996688
43314,6,7,-122.13694444432684,42.99527777745383
43315,6,7,-122.1013888887689,42.90861111078133
43316,6,7,-122.04027777765367,42.94861111078402
43317,6,7,-122.21249999988748,42.91416666633726
43318,6,7,-122.02805555543063,42.95194444411758
43319,6,7,-121.98027777764963,42.97638888856367
43320,6,7,-122.11916666654787,42.915277777448445
43321,6,7,-121.95694444431473,42.99194444412027
43322,6,7,-122.08916666654585,42.96527777745181
43323,6,7,-122.01027777765165,42.89416666633591
43324,6,7,-122.26027777766848,42.99416666634264
43325,6,7,-122.00138888876216,42.9741666663413
43326,6,7,-121.99583333320624,42.909722221892515
43327,6,7,-122.26472222211322,42.90083333300303
43328,6,7,-121.99361111098386,42.94083333300572
43329,6,7,-122.01138888876284,42.93527777744979
43330,6,7,-121.97027777764896,42.89749999966947
43331,6,7,-122.12138888877024,42.97083333300774
43332,6,7,-122.11472222210313,42.923055555226746
43333,6,7,-122.08138888876755,43.001944444120944
43334,6,7,-122.23249999988883,42.934166666338605
43335,6,7,-122.11027777765838,43.0130555552328
43336,6,7,-121.96916666653777,42.934166666338605
43337,6,7,-122.20249999988681,42.95527777745114
43338,6,7,-122.12138888877024,42.94972222189521
43340,6,7,-122.2347222221112,42.93305555522742
43341,6,7,-122.15361111099463,42.945277777450464
43342,6,7,-122.22805555544409,42.99416666634264
43343,6,7,-122.16805555544005,42.90527777744777
43344,6,7,-121.98583333320556,42.87527777744575
43345,6,7,-122.10027777765771,42.92194444411556
43346,6,7,-122.23583333322239,42.93638888856098
43347,6,7,-122.155833333217,42.864166666333894
43348,6,7,-122.09249999987941,42.91416666633726
43349,6,7,-122.22583333322171,42.89972222189184
43350,6,7,-122.22138888877697,42.86749999966745
43351,6,7,-122.07027777765569,42.88083333300168
43352,6,7,-122.19027777766377,42.92527777744912
43353,6,7,-122.12027777765906,42.934166666338605
43354,6,7,-122.22138888877697,42.87305555522338
43355,6,7,-122.02027777765232,42.95527777745114
43356,6,7,-122.23027777766646,42.96749999967418
43357,6,7,-122.03694444432011,42.8952777774471
43358,6,7,-122.03472222209774,42.89749999966947
43360,6,7,-122.22805555544409,42.93861111078335
43361,6,7,-122.14694444432752,42.99305555523146
43363,6,7,-122.16916666655123,42.89972222189184
43365,6,7,-122.18138888877428,42.88861111077998
43366,6,7,-122.11361111099194,42.86527777744508
43367,6,7,-122.10805555543601,42.9974999996762
43368,6,7,-122.25916666655729,42.89194444411354
43369,6,7,-122.11472222210313,42.86861111077864
43370,6,7,-122.030277777653,42.85638888855559
43371,6,7,-122.26249999989085,42.87861111077931
43372,6,7,-122.00027777765098,42.95638888856232
43373,6,7,-121.96361111098184,42.92527777744912
43374,6,7,-122.05805555543265,42.89305555522473
43375,6,7,-122.23249999988883,42.95972222189588
43376,6,7,-122.01583333320758,42.95638888856232
43377,6,7,-122.08138888876755,42.93194444411623
43378,6,7,-122.0224999998747,42.866388888556266
43379,6,7,-122.06472222209976,42.879722221890496
43380,6,7,-122.14138888877159,42.96527777745181
43381,6,7,-122.22805555544409,42.95638888856232
43382,6,7,-122.23805555544476,43.004166666343316
43383,6,7,-122.00472222209572,42.97083333300774
43384,6,7,-122.16805555544005,42.901944444114214
43385,6,7,-122.05472222209909,42.93861111078335
43386,6,7,-122.0458333332096,42.9897222218979
43387,6,7,-122.03916666654249,42.87638888855694
43388,6,7,-122.06027777765502,42.87861111077931
43389,6,7,-122.01694444431877,43.01194444412162
43390,6,7,-121.98361111098319,42.96527777745181
43391,6,7,-122.21472222210986,42.88972222189117
43392,6,6,-122.01583333320758,42.86194444411152
43393,6,7,-122.01694444431877,42.99527777745383
43394,6,7,-122.25916666655729,42.8952777774471
43395,6,7,-121.9591666665371,42.89416666633591
43396,6,7,-122.12583333321498,42.96194444411825
43397,6,7,-122.04805555543197,42.96749999967418
43399,6,7,-122.01027777765165,42.99305555523146
43400,6,7,-122.03583333320893,42.89861111078066
43401,6,7,-121.99472222209505,42.87305555522338
43402,6,7,-122.21805555544341,42.86527777744508
43403,6,7,-122.08361111098992,42.95416666633995
43404,6,7,-122.25694444433492,42.87416666633457
43405,6,7,-122.05805555543265,43.007499999676874
43406,6,7,-122.20583333322037,42.94305555522809
43407,6,7,-121.98027777764963,42.97861111078604
43408,6,7,-122.00249999987335,42.9974999996762
43409,6,7,-122.08361111098992,43.00083333300976
43410,6,7,-122.19916666655325,42.890833333002355
43411,6,7,-121.98027777764963,42.97861111078604
43412,6,7,-122.16472222210649,42.86861111077864
43413,6,7,-122.00138888876216,42.9974999996762
43414,6,7,-122.18361111099665,43.007499999676874
43415,6,7,-122.03138888876418,42.9741666663413
43416,6,7,-122.155833333217,42.8874999996688
43417,6,7,-122.13583333321566,42.858611110777964
43418,6,6,-121.97805555542726,42.939722221894534
43419,6,7,-121.98472222209438,42.97861111078604
43420,6,7,-122.26138888877966,42.97861111078604
43421,6,7,-121.9513888887588,42.87527777744575
43422,6,7,-122.23805555544476,42.885277777446426
43423,6,7,-122.26249999989085,42.89972222189184
43424,6,7,-122.10249999988008,42.928611110782676
43425,6,7,-122.1247222221038,42.93638888856098
43426,6,7,-122.21694444433223,42.95416666633995
43427,6,7,-122.22027777766579,42.91749999967082
43428,6,7,-121.98027777764963,42.92527777744912
43429,6,7,-122.09472222210178,42.939722221894534
43430,6,7,-122.06361111098857,42.904166666336586
43431,6,7,-122.16583333321768,42.97083333300774
43432,6,7,-122.17805555544072,42.93861111078335
43433,6,7,-122.16138888877293,42.90638888855896
43434,6,7,-122.20916666655393,42.93749999967216
43435,6,7,-122.08027777765636,42.941944444116906
43436,6,7,-122.21027777766511,42.964166666340624
43437,6,7,-122.03472222209774,42.90083333300303
43438,6,7,-122.19027777766377,42.87861111077931
43439,6,7,-122.04916666654316,42.86305555522271
43440,6,7,-122.22805555544409,42.901944444114214
43441,6,7,-122.07805555543399,42.93305555522742
43442,6,7,-121.98694444431675,42.958611110784695
43443,6,7,-122.25583333322373,42.87861111077931
43444,6,7,-121.9591666665371,42.85638888855559
43445,6,7,-122.19361111099732,42.953055555228765
43446,6,7,-122.0691666665445,42.879722221890496
43447,6,7,-122.13361111099329,42.99416666634264
43448,6,7,-121.97583333320489,43.01083333301043
43449,6,7,-122.25916666655729,42.97972222189723
43450,6,7,-122.00249999987335,42.91416666633726
43451,6,7,-122.07805555543399,42.92972222189386
43452,6,6,-121.99138888876149,42.858611110777964
43453,6,7,-122.15694444432819,42.945277777450464
43454,6,7,-122.01249999987402,42.8952777774471
43455,6,7,-122.04805555543197,43.00638888856569
43456,6,7,-122.25249999989018,42.907499999670144
43457,6,7,-122.13361111099329,42.8952777774471
43458,6,6,-122.22027777766579,42.89972222189184
43459,6,7,-122.22583333322171,42.904166666336586
43460,6,7,-122.16694444432886,42.86749999966745
43461,6,7,-122.00916666654047,42.93527777744979
43462,6,7,-122.22249999988816,42.93527777744979
43463,6,7,-121.98027777764963,42.866388888556266
43464,6,7,-121.97583333320489,42.90638888855896
43465,6,7,-121.9747222220937,42.988611110786714
43466,6,7,-122.10694444432482,42.95083333300639
43467,6,6,-121.95027777764761,42.96194444411825
43468,6,7,-122.15694444432819,42.864166666333894
43469,6,7,-121.95583333320354,42.858611110777964
43470,6,7,-122.12805555543736,42.96861111078537
43471,6,7,-122.15916666655056,42.98083333300841
43474,6,7,-122.01583333320758,43.01083333301043
43475,6,7,-122.04805555543197,42.909722221892515
43476,6,7,-122.08805555543466,42.866388888556266
43477,6,7,-122.12694444432617,42.91416666633726
43478,6,7,-122.17472222210716,42.8874999996688
43479,6,7,-122.03472222209774,42.90527777744777
43480,6,7,-122.02916666654181,42.88638888855761
43481,6,7,-121.98805555542793,42.94416666633928
43482,6,7,-122.1958333332197,42.94305555522809
43483,6,7,-121.95583333320354,43.0052777774545
43484,6,7,-122.11027777765838,42.94305555522809
43485,6,7,-122.17694444432954,42.99416666634264
43486,6,7,-122.22249999988816,42.91972222189319
43487,6,7,-121.98583333320556,42.99861111078739
43488,6,7,-122.16249999988412,42.941944444116906
43489,6,7,-122.22361111099934,42.89194444411354
43490,6,7,-122.13027777765973,42.926388888560304
43491,6,7,-122.15472222210582,43.00083333300976
43492,6,7,-122.25583333322373,42.95749999967351
43493,6,6,-122.01138888876284,42.85749999966678
43494,6,7,-121.95361111098117,42.85749999966678
43495,6,7,-122.11583333321431,42.86861111077864
43496,6,7,-122.17361111099598,43.007499999676874
43497,6,7,-122.11805555543668,42.86194444411152
43498,6,7,-122.21472222210986,43.004166666343316
43499,6,7,-122.21361111099867,42.9108333330037
43500,6,6,-121.9513888887588,42.91749999967082
43501,6,7,-122.10472222210245,42.95972222189588
43502,6,7,-122.22472222211053,42.89861111078066
43503,6,7,-121.9591666665371,42.85638888855559
43504,6,7,-122.19361111099732,43.0130555552328
43505,6,6,-122.21583333322104,42.88972222189117
43506,6,7,-122.20583333322037,42.95194444411758
43507,6,7,-122.1880555554414,42.988611110786714
43508,6,7,-121.95249999986999,43.00305555523213
43509,6,7,-121.99472222209505,42.958611110784695
43510,6,7,-122.1636111109953,42.88638888855761
43511,6,7,-122.08249999987873,42.95194444411758
43512,6,7,-121.97694444431608,42.90638888855896
43513,6,7,-122.0936111109906,42.94638888856165
43514,6,7,-122.1013888887689,42.87861111077931
43515,6,7,-122.02361111098588,42.9974999996762
43516,6,7,-122.23249999988883,42.88416666633524
43517,6,7,-122.15138888877226,42.85749999966678
43518,6,7,-122.18138888877428,42.93527777744979
43519,6,7,-121.97583333320489,42.88972222189117
43520,6,7,-122.16138888877293,42.87083333300101
43521,6,7,-122.16249999988412,42.92972222189386
43522,6,7,-122.1091666665472,42.93305555522742
43523,6,7,-122.03249999987537,42.87638888855694
43524,6,7,-122.13361111099329,42.90083333300303
43525,6,6,-122.15472222210582,42.860833333000336
43526,6,7,-122.00472222209572,42.99416666634264
43527,6,7,-121.9513888887588,42.89972222189184
43528,6,7,-122.23138888877764,42.934166666338605
43529,6,7,-122.03249999987537,42.86749999966745
43530,6,7,-122.03138888876418,42.915277777448445
43531,6,7,-122.20027777766444,42.95416666633995
43532,6,7,-122.15249999988345,42.94861111078402
43533,6,7,-122.09249999987941,42.890833333002355
43534,6,7,-121.95249999986999,42.85972222188915
43535,6,7,-122.030277777653,42.97861111078604
43536,6,7,-122.10694444432482,42.91972222189319
43537,6,7,-122.05805555543265,42.941944444116906
43538,6,7,-122.25361111100136,42.92194444411556
43539,6,7,-122.1091666665472,42.945277777450464
43540,6,7,-121.98916666653912,42.94305555522809
43541,6,7,-121.99249999987268,42.99861111078739
43542,6,7,-122.00138888876216,42.87083333300101
43543,6,7,-122.16916666655123,42.87083333300101
43544,6,7,-122.1480555554387,42.92194444411556
43545,6,7,-122.24694444433425,42.88861111077998
43546,6,7,-121.95805555542591,42.94972222189521
43547,6,7,-122.10583333321364,42.95638888856232
43548,6,7,-121.97361111098252,42.98416666634197
43549,6,7,-122.24472222211187,42.896388888558285
43550,6,7,-122.203611110998,42.93749999967216
43551,6,7,-121.9513888887588,42.95083333300639
43552,6,7,-122.15361111099463,42.94416666633928
43553,6,7,-121.96249999987066,43.00861111078806
43554,6,7,-122.04472222209841,42.971944444118925
43555,6,7,-121.98472222209438,42.8952777774471
43556,6,7,-122.24583333322306,42.93861111078335
43557,6,7,-122.04249999987604,42.8952777774471
43558,6,7,-122.21472222210986,42.8874999996688
43559,6,7,-122.07249999987806,42.85749999966678
43560,6,7,-121.96249999987066,42.98416666634197
43561,6,7,-122.00249999987335,42.85638888855559
43562,6,7,-122.01805555542995,42.8952777774471
43563,6,7,-122.1636111109953,42.86861111077864
43564,6,7,-122.23249999988883,42.890833333002355
43565,6,7,-122.24583333322306,42.96305555522944
43566,6,7,-122.06027777765502,42.93305555522742
43567,6,7,-122.01138888876284,42.85749999966678
43568,6,7,-121.98138888876082,42.93861111078335
43569,6,7,-122.04027777765367,42.8874999996688
43570,6,7,-122.09583333321297,42.88416666633524
43571,6,7,-122.2191666665546,42.88972222189117
43572,6,7,-122.25361111100136,42.890833333002355
43573,6,5,-122.01138888876284,42.85749999966678
43575,6,7,-122.24027777766713,42.89194444411354
43576,6,7,-122.17027777766242,42.89194444411354
43577,6,7,-122.07805555543399,42.96194444411825
43578,6,7,-121.97027777764896,42.94083333300572
43579,6,7,-122.15027777766107,42.9974999996762
43580,6,7,-122.17583333321835,42.86972222188982
43581,6,7,-122.06249999987739,42.866388888556266
43582,6,7,-122.1402777776604,42.945277777450464
43583,6,7,-122.23027777766646,42.89194444411354
43584,6,7,-122.19694444433088,42.95416666633995
43585,6,7,-122.21583333322104,43.00861111078806
43586,6,7,-122.16249999988412,42.92749999967149
43587,6,7,-122.07138888876688,43.007499999676874
43588,6,7,-122.00138888876216,42.94972222189521
43590,6,7,-121.97583333320489,42.909722221892515
43591,6,7,-122.07805555543399,42.996388888565015
43592,6,7,-122.09027777765704,42.92527777744912
43593,6,7,-121.96361111098184,43.009722221899246
43594,6,7,-122.12694444432617,42.89305555522473
43595,6,7,-122.10805555543601,42.87638888855694
43596,6,7,-122.03361111098656,42.977499999674855
43597,6,7,-121.97805555542726,42.93861111078335
43598,6,7,-122.23694444433357,42.97972222189723
43599,6,7,-122.03361111098656,42.945277777450464
43600,6,7,-122.11027777765838,42.988611110786714
43601,6,7,-122.24916666655662,42.95527777745114
43602,6,7,-122.17472222210716,42.8874999996688
43603,6,7,-121.98138888876082,42.91305555522607
43604,6,7,-122.20805555544274,42.9897222218979
43605,6,7,-122.05472222209909,42.97527777745248
43606,6,7,-122.17249999988479,42.9974999996762
43607,6,7,-122.2269444443329,42.871944444112195
43608,6,7,-122.07472222210043,43.001944444120944
43609,6,7,-121.98694444431675,42.89972222189184
43610,6,7,-122.09916666654652,42.953055555228765
43611,6,7,-122.24138888877832,42.93861111078335
43612,6,7,-122.13138888877091,42.86972222188982
43613,6,7,-122.13694444432684,42.99305555523146
43614,6,7,-122.01694444431877,42.941944444116906
43615,6,7,-121.95361111098117,42.94861111078402
43616,6,7,-122.24583333322306,42.996388888565015
43617,6,7,-121.95027777764761,42.960833333007066
43619,6,7,-122.11916666654787,42.91305555522607
43620,6,7,-122.11361111099194,42.985277777453156
43621,6,7,-122.01583333320758,43.0130555552328
43622,6,7,-122.16027777766175,43.0130555552328
43623,6,7,-122.05916666654383,42.97305555523011
43624,6,7,-122.2191666665546,42.95972222189588
43625,6,7,-122.16583333321768,42.90083333300303
43626,6,7,-122.06472222209976,42.928611110782676
43627,6,7,-122.24027777766713,42.866388888556266
43629,6,7,-121.95583333320354,42.85749999966678
43631,6,7,-122.18583333321902,42.945277777450464
43632,6,7,-122.0380555554313,43.0052777774545
43633,6,7,-122.19027777766377,42.88861111077998
43634,6,7,-122.16916666655123,42.901944444114214
43635,6,7,-122.17694444432954,42.8874999996688
43636,6,6,-122.1169444443255,42.860833333000336
43637,6,7,-122.2113888887763,42.915277777448445
43638,6,7,-121.95583333320354,42.88861111077998
43639,6,7,-122.19916666655325,42.96749999967418
43640,6,7,-122.14249999988277,42.958611110784695
43642,6,7,-122.20583333322037,42.91638888855963
43643,6,7,-121.98805555542793,42.90083333300303
43644,6,7,-122.21583333322104,42.86861111077864
43645,6,7,-122.17249999988479,42.88861111077998
43646,6,7,-122.05138888876553,42.89194444411354
43647,6,7,-122.14583333321633,42.86527777744508
43648,6,7,-122.0536111109879,42.98638888856434
43649,6,7,-122.20138888877563,42.99194444412027
43650,6,7,-122.1480555554387,43.004166666343316
43651,6,7,-122.26249999989085,42.91972222189319
43652,6,7,-122.21361111099867,42.91638888855963
43653,6,7,-122.0224999998747,42.90861111078133
43654,6,7,-122.2191666665546,42.92416666633793
43655,6,7,-122.12138888877024,42.91416666633726
43656,6,7,-122.01916666654114,43.01083333301043
43657,6,7,-122.00249999987335,42.86972222188982
43658,6,7,-122.02138888876351,42.85638888855559
43659,6,7,-122.03472222209774,42.97305555523011
43660,6,7,-122.06805555543332,42.92194444411556
43661,6,7,-122.25249999989018,42.93749999967216
43662,6,7,-122.07249999987806,42.92972222189386
43664,6,7,-122.08138888876755,42.860833333000336
43665,6,7,-121.99583333320624,42.87638888855694
43666,6,7,-122.203611110998,42.88861111077998
43667,6,7,-122.19472222210851,42.94416666633928
43668,6,7,-121.96249999987066,42.907499999670144
43669,6,7,-122.26249999989085,42.877499999668125
43670,6,7,-121.96361111098184,42.86305555522271
43671,6,7,-122.22249999988816,42.977499999674855
43672,6,7,-122.1480555554387,42.99527777745383
43673,6,7,-122.24916666655662,42.95416666633995
43674,6,7,-122.04361111098723,42.896388888558285
43675,6,7,-122.19694444433088,42.88972222189117
43676,6,7,-122.20805555544274,42.91194444411489
43677,6,7,-121.96027777764829,42.98416666634197
43678,6,7,-122.07249999987806,42.93083333300505
43679,6,7,-121.96361111098184,42.93638888856098
43680,6,7,-122.0380555554313,43.004166666343316
43681,6,7,-122.08805555543466,42.86194444411152
43682,6,7,-122.15472222210582,42.86861111077864
43683,6,7,-122.26472222211322,42.87527777744575
43684,6,7,-122.05583333321027,42.901944444114214
43685,6,6,-122.22472222211053,42.89972222189184
43686,6,7,-122.03138888876418,42.87861111077931
43687,6,6,-122.06694444432213,42.85638888855559
43688,6,7,-122.0847222221011,42.8874999996688
43689,6,7,-122.16027777766175,42.928611110782676
43690,6,7,-121.95027777764761,42.91638888855963
43691,6,7,-122.17805555544072,42.86972222188982
43692,6,7,-122.23694444433357,42.864166666333894
43693,6,7,-121.9513888887588,42.91638888855963
43694,6,7,-121.97027777764896,42.896388888558285
43695,6,7,-122.17249999988479,42.890833333002355
43696,6,7,-121.97805555542726,42.97972222189723
43697,6,7,-122.03138888876418,42.86527777744508
43698,6,7,-122.19472222210851,42.964166666340624
43699,6,7,-122.17361111099598,42.96972222189655
43700,6,7,-122.04805555543197,42.915277777448445
43701,6,7,-121.99249999987268,42.904166666336586
43702,6,7,-122.17694444432954,42.91749999967082
43703,6,7,-122.1324999998821,42.990833333009085
43704,6,7,-122.22583333322171,42.871944444112195
43705,6,7,-122.04138888876486,42.92416666633793
43706,6,7,-122.15916666655056,43.0052777774545
43707,6,7,-122.2424999998895,42.99861111078739
43708,6,7,-122.0936111109906,42.88416666633524
43709,6,7,-122.24916666655662,42.98749999967553
43711,6,7,-122.0613888887662,42.92972222189386
43712,6,7,-122.01805555542995,42.95972222189588
43713,6,7,-122.06027777765502,42.97305555523011
43714,6,7,-122.25583333322373,42.92194444411556
43715,6,7,-122.06027777765502,42.86527777744508
43716,6,7,-122.13027777765973,42.953055555228765
43717,6,7,-121.97916666653845,42.89416666633591
43718,6,7,-122.23027777766646,42.96861111078537
43719,6,7,-122.030277777653,42.9108333330037
43720,6,7,-122.00916666654047,42.985277777453156
43721,7,6,-122.23138888877764,43.00305555523213
43722,7,6,-122.10361111099127,42.90638888855896
43723,7,6,-122.11472222210313,42.926388888560304
43724,7,6,-122.1247222221038,42.97083333300774
43725,7,6,-122.21694444433223,42.97083333300774
43726,7,6,-121.99249999987268,42.89861111078066
43727,7,6,-122.02361111098588,42.90527777744777
43728,7,6,-122.21805555544341,42.95083333300639
43729,7,6,-122.15916666655056,43.00861111078806
43730,7,6,-122.04916666654316,42.86194444411152
43731,7,6,-122.1958333332197,42.860833333000336
43732,7,6,-122.16249999988412,42.93861111078335
43733,7,6,-122.23805555544476,42.960833333007066
43734,7,6,-121.97694444431608,42.98083333300841
43735,7,6,-122.02472222209707,42.858611110777964
43737,7,6,-122.04138888876486,42.9974999996762
43738,7,6,-122.01138888876284,42.9897222218979
43739,7,6,-122.07583333321162,42.91305555522607
43740,7,6,-121.98694444431675,42.91305555522607
43741,7,5,-122.22361111099934,42.89972222189184
43742,7,6,-122.10583333321364,42.93749999967216
43743,7,5,-122.21361111099867,42.890833333002355
43744,7,6,-122.16805555544005,42.907499999670144
43745,7,6,-122.18916666655258,42.91972222189319
43746,7,6,-122.22805555544409,42.96305555522944
43747,7,6,-122.0936111109906,42.9108333330037
43748,7,6,-122.26138888877966,42.99527777745383
43749,7,6,-122.04027777765367,42.98416666634197
43750,7,6,-122.0224999998747,43.007499999676874
43751,7,6,-122.01916666654114,42.89749999966947
43752,7,6,-122.10361111099127,42.99194444412027
43753,7,6,-122.1247222221038,42.96749999967418
43754,7,6,-122.00583333320691,42.890833333002355
43755,7,6,-122.04138888876486,42.915277777448445
43756,7,6,-122.16027777766175,42.94416666633928
43757,7,6,-122.12361111099261,42.99972222189857
43758,7,6,-121.9902777776503,42.95972222189588
43759,7,6,-122.18694444433021,42.945277777450464
43760,7,6,-121.97583333320489,42.94972222189521
43761,7,6,-122.23361111100002,42.964166666340624
43762,7,6,-122.09916666654652,42.960833333007066
43763,7,6,-122.00583333320691,42.97305555523011
43764,7,6,-122.05472222209909,42.97638888856367
43765,7,6,-122.26249999989085,42.93083333300505
43766,7,6,-122.08805555543466,42.86305555522271
43767,7,6,-121.95027777764761,42.941944444116906
43768,7,6,-121.95805555542591,42.93861111078335
43769,7,6,-121.99583333320624,42.87527777744575
43770,7,6,-122.09805555543534,42.90527777744777
43771,7,6,-122.1713888887736,42.98749999967553
43772,7,6,-122.01805555542995,42.95749999967351
43773,7,6,-122.02805555543063,42.860833333000336
43774,7,6,-122.01694444431877,43.009722221899246
43775,7,6,-122.00583333320691,42.93638888856098
43776,7,6,-122.25472222211255,42.98749999967553
43777,7,6,-122.05805555543265,42.9741666663413
43778,7,6,-122.14249999988277,43.00083333300976
43779,7,6,-122.11805555543668,42.966388888562996
43780,7,6,-122.13027777765973,42.90083333300303
43781,7,6,-121.99583333320624,42.87416666633457
43782,7,6,-122.09027777765704,42.92972222189386
43783,7,6,-122.25694444433492,42.91194444411489
43784,7,6,-122.08916666654585,42.866388888556266
43785,7,6,-122.24916666655662,42.94083333300572
43786,7,6,-122.02694444431944,42.89194444411354
43787,7,6,-122.1636111109953,42.93083333300505
43789,7,6,-121.95249999986999,42.92972222189386
43790,7,6,-122.24472222211187,42.977499999674855
43791,7,6,-122.24694444433425,42.939722221894534
43792,7,6,-122.1880555554414,42.885277777446426
43793,7,6,-122.12916666654854,42.96527777745181
43794,7,6,-122.22805555544409,43.00305555523213
43795,7,6,-122.23694444433357,42.86305555522271
43796,7,6,-122.26361111100204,42.97972222189723
43797,7,6,-122.00361111098454,42.97305555523011
43798,7,6,-121.97361111098252,42.901944444114214
43799,7,6,-121.95249999986999,42.877499999668125
43800,7,6,-122.0147222220964,42.8952777774471
43801,7,6,-121.95027777764761,42.934166666338605
43802,7,6,-122.14694444432752,42.920833333004374
43803,7,6,-122.23361111100002,42.966388888562996
43804,7,6,-122.2424999998895,42.93527777744979
43805,7,6,-122.10472222210245,42.96861111078537
43806,7,6,-121.98361111098319,42.89305555522473
43807,7,6,-122.0069444443181,42.89305555522473
43808,7,6,-121.95805555542591,42.93749999967216
43809,7,6,-122.22472222211053,42.904166666336586
43810,7,6,-122.15805555543938,42.92416666633793
43811,7,6,-122.0380555554313,42.877499999668125
43812,7,6,-122.06583333321095,42.93638888856098
43813,7,6,-122.11249999988075,42.95416666633995
43814,7,6,-122.06249999987739,42.92972222189386
43815,7,6,-122.08138888876755,42.860833333000336
43816,7,6,-122.00027777765098,42.89861111078066
43817,7,6,-122.02583333320825,42.99527777745383
43818,7,6,-122.00361111098454,42.93638888856098
43820,7,6,-122.23805555544476,42.96305555522944
43821,7,6,-122.02027777765232,43.00861111078806
43822,7,6,-122.12583333321498,42.923055555226746
43823,7,6,-122.18361111099665,42.88861111077998
43824,7,6,-122.11805555543668,42.95638888856232
43825,7,6,-122.20583333322037,43.0052777774545
43826,7,6,-122.0224999998747,42.87861111077931
43827,7,6,-121.98472222209438,42.87638888855694
43828,7,6,-122.05694444432146,42.904166666336586
43829,7,6,-122.02694444431944,42.85749999966678
43830,7,6,-122.06583333321095,42.941944444116906
43831,7,6,-121.97361111098252,42.88861111077998
43832,7,6,-122.17249999988479,42.99527777745383
43833,7,6,-122.16249999988412,42.93083333300505
43834,7,6,-122.24805555544543,42.958611110784695
43835,7,6,-122.13694444432684,42.871944444112195
43836,7,6,-121.97361111098252,42.91749999967082
43837,7,6,-122.00916666654047,43.0052777774545
43838,7,6,-122.24694444433425,42.93861111078335
43839,7,6,-122.17916666655191,42.996388888565015
43840,7,6,-121.97916666653845,42.85749999966678
43841,7,6,-122.1247222221038,42.96194444411825
43842,7,6,-122.15138888877226,42.871944444112195
43843,7,6,-122.09583333321297,43.00083333300976
43844,7,6,-122.17916666655191,42.93083333300505
43845,7,6,-122.05027777765434,42.915277777448445
43846,7,6,-122.1402777776604,42.89194444411354
43847,7,6,-122.13805555543803,42.971944444118925
43848,7,6,-122.24361111100069,42.97861111078604
43849,7,6,-122.24472222211187,42.95083333300639
43850,7,6,-122.18916666655258,43.00861111078806
43851,7,6,-122.24583333322306,42.99527777745383
43852,7,6,-121.98361111098319,42.896388888558285
43853,7,6,-122.04916666654316,42.896388888558285
43854,7,6,-122.1958333332197,42.953055555228765
43855,7,6,-122.18916666655258,42.97305555523011
43856,7,6,-122.05138888876553,42.98638888856434
43857,7,6,-122.24138888877832,43.00083333300976
43858,7,5,-122.21472222210986,42.88972222189117
43859,7,6,-122.13361111099329,42.89972222189184
43860,7,6,-121.99583333320624,42.9974999996762
43861,7,6,-121.99583333320624,42.99305555523146
43862,7,6,-122.15249999988345,42.85972222188915
43863,7,6,-122.12583333321498,42.96972222189655
43864,7,6,-122.13916666654922,42.99416666634264
43865,7,6,-122.21583333322104,42.91749999967082
43866,7,6,-122.10472222210245,42.953055555228765
43867,7,6,-122.17916666655191,42.86972222188982
43868,7,6,-122.2269444443329,42.947499999672836
43869,7,6,-122.0936111109906,42.87638888855694
43870,7,6,-122.24916666655662,42.86861111077864
43871,7,6,-122.11472222210313,42.9108333330037
43872,7,6,-121.97583333320489,42.85749999966678
43873,7,6,-121.95027777764761,42.93638888856098
43874,7,6,-122.02027777765232,42.85749999966678
43875,7,6,-122.02361111098588,42.95083333300639
43876,7,6,-121.97249999987133,43.007499999676874
43877,7,6,-121.96472222209303,43.009722221899246
43878,7,6,-122.08916666654585,42.98749999967553
43879,7,6,-121.97916666653845,42.89305555522473
43880,7,6,-122.09805555543534,42.93861111078335
43881,7,6,-122.20472222210918,42.97861111078604
43882,7,6,-122.1247222221038,42.88194444411287
43883,7,6,-122.11361111099194,42.99972222189857
43884,7,6,-122.20694444433155,42.964166666340624
43886,7,6,-122.08249999987873,42.94083333300572
43887,7,6,-122.03249999987537,42.97305555523011
43888,7,5,-121.9513888887588,42.8874999996688
43889,7,6,-122.20694444433155,42.966388888562996
43890,7,6,-121.98694444431675,42.960833333007066
43891,7,6,-121.99138888876149,42.89861111078066
43892,7,6,-122.02361111098588,42.920833333004374
43893,7,6,-122.1636111109953,42.93638888856098
43894,7,6,-122.25472222211255,42.99972222189857
43895,7,6,-122.20583333322037,42.91416666633726
43896,7,6,-122.13694444432684,42.879722221890496
43897,7,6,-122.1958333332197,42.99972222189857
43898,7,6,-122.155833333217,42.896388888558285
43899,7,6,-121.97805555542726,42.97638888856367
43900,7,6,-122.15472222210582,42.9819444441196
43901,7,6,-122.04916666654316,42.9108333330037
43902,7,6,-121.99583333320624,42.90638888855896
43903,7,6,-122.05138888876553,42.89749999966947
43904,7,5,-122.08805555543466,42.86749999966745
43905,7,6,-122.13694444432684,42.87861111077931
43906,7,6,-122.030277777653,42.85749999966678
43907,7,6,-122.1880555554414,43.001944444120944
43908,7,6,-122.04916666654316,42.99305555523146
43909,7,6,-122.24472222211187,42.988611110786714
43910,7,6,-122.03138888876418,43.009722221899246
43911,7,6,-122.04805555543197,42.9897222218979
43912,7,6,-122.00361111098454,42.9741666663413
43913,7,6,-121.96138888875947,42.95749999967351
43914,7,6,-122.26472222211322,42.95638888856232
43915,7,6,-121.96583333320422,42.89416666633591
43916,7,6,-122.11249999988075,42.94083333300572
43917,7,6,-122.23916666655595,42.89861111078066
43918,7,6,-121.98805555542793,42.87305555522338
43919,7,6,-122.09805555543534,42.920833333004374
43920,7,6,-122.1636111109953,42.93527777744979
43921,7,6,-122.19694444433088,42.904166666336586
43922,7,6,-122.02361111098588,42.904166666336586
43923,7,6,-121.9513888887588,42.88416666633524
43926,7,6,-122.13805555543803,42.988611110786714
43927,7,6,-122.1802777776631,42.87083333300101
43928,7,6,-121.95027777764761,42.87638888855694
43929,7,6,-122.19916666655325,42.890833333002355
43930,7,6,-121.97027777764896,42.89861111078066
43931,7,5,-122.19249999988614,42.89416666633591
43932,7,6,-122.13138888877091,42.99861111078739
43933,7,6,-122.15138888877226,42.92194444411556
43934,7,6,-122.13916666654922,42.91416666633726
43935,7,6,-121.98694444431675,42.996388888565015
43936,7,6,-122.15805555543938,42.88861111077998
43937,7,6,-122.11027777765838,42.990833333009085
43938,7,6,-122.08138888876755,42.964166666340624
43939,7,6,-122.05805555543265,43.00861111078806
43940,7,6,-122.0224999998747,42.953055555228765
43941,7,6,-121.96361111098184,42.93083333300505
43942,7,6,-122.2580555554461,42.99527777745383
43943,7,6,-122.05583333321027,42.93638888856098
43944,7,6,-122.14249999988277,42.96527777745181
43945,7,6,-121.95361111098117,42.88194444411287
43946,7,6,-122.11027777765838,42.99194444412027
43947,7,6,-122.09249999987941,42.87083333300101
43948,7,6,-122.18138888877428,43.004166666343316
43949,7,6,-122.14138888877159,42.94638888856165
43950,7,6,-121.97027777764896,43.009722221899246
43951,7,6,-121.96138888875947,42.896388888558285
43952,7,6,-121.96916666653777,43.00638888856569
43953,7,6,-122.2113888887763,42.960833333007066
43954,7,6,-122.04361111098723,42.871944444112195
43955,7,6,-122.09583333321297,42.94861111078402
43956,7,6,-121.95027777764761,42.95972222189588
43957,7,6,-121.95694444431473,42.88194444411287
43958,7,6,-122.1636111109953,42.8874999996688
43959,7,6,-122.19027777766377,43.01083333301043
43960,7,6,-122.1802777776631,42.98416666634197
43961,7,6,-122.20472222210918,42.966388888562996
43962,7,6,-122.05472222209909,42.9819444441196
43963,7,6,-122.01805555542995,42.9819444441196
43964,7,6,-122.0069444443181,42.99194444412027
43965,7,6,-122.19027777766377,42.918611110782
43966,7,6,-122.08694444432348,42.96527777745181
43967,7,6,-122.2347222221112,42.88416666633524
43968,7,6,-122.05583333321027,42.94305555522809
43969,7,6,-121.97916666653845,42.864166666333894
43970,7,6,-121.97583333320489,43.00638888856569
43972,7,6,-122.00249999987335,42.93749999967216
43973,7,6,-122.14472222210514,42.94416666633928
43974,7,6,-122.02805555543063,42.89194444411354
43975,7,6,-122.20916666655393,42.96527777745181
43976,7,6,-122.22583333322171,42.96861111078537
43977,7,6,-122.1880555554414,42.87416666633457
43978,7,6,-122.23916666655595,42.977499999674855
43979,7,6,-122.17027777766242,42.97305555523011
43980,7,6,-122.22583333322171,42.99416666634264
43981,7,6,-122.13138888877091,42.91305555522607
43982,7,6,-122.2191666665546,43.01194444412162
43983,7,6,-122.05694444432146,42.9741666663413
43984,7,6,-122.22583333322171,42.91749999967082
43985,7,6,-122.14472222210514,42.95527777745114
43986,7,6,-122.00805555542928,42.985277777453156
43987,7,6,-122.16249999988412,42.98083333300841
43988,7,6,-122.26361111100204,42.87861111077931
43989,7,6,-122.02027777765232,42.86527777744508
43991,7,6,-121.9747222220937,42.907499999670144
43992,7,6,-122.2347222221112,42.964166666340624
43994,7,6,-121.98138888876082,42.89194444411354
43995,7,6,-122.16805555544005,42.966388888562996
43996,7,6,-122.09916666654652,42.89194444411354
43997,7,6,-122.22805555544409,42.96861111078537
43998,7,6,-122.04805555543197,43.007499999676874
44000,7,6,-122.22027777766579,42.86527777744508
44001,7,6,-122.15361111099463,42.918611110782
44002,7,6,-122.21694444433223,42.99305555523146
44003,7,6,-122.05138888876553,42.985277777453156
44004,7,6,-122.25361111100136,42.99416666634264
44005,7,6,-122.1013888887689,43.0130555552328
44006,7,6,-122.17583333321835,42.866388888556266
44007,7,6,-122.18694444433021,42.964166666340624
44008,7,6,-122.1958333332197,42.86194444411152
44009,7,6,-122.0147222220964,42.93638888856098
44010,7,6,-122.09138888876822,42.88194444411287
44011,7,6,-121.9747222220937,42.91749999967082
44012,7,6,-122.05583333321027,42.983055555230784
44013,7,6,-122.13583333321566,42.96194444411825
44014,7,6,-122.15805555543938,42.97861111078604
44015,7,6,-122.2502777776678,42.93861111078335
44016,7,6,-122.0380555554313,42.88194444411287
44017,7,6,-122.22138888877697,42.964166666340624
44018,7,6,-122.08805555543466,42.96861111078537
44019,7,6,-122.26361111100204,42.939722221894534
44020,7,6,-122.11583333321431,42.85749999966678
44021,7,6,-122.16027777766175,42.945277777450464
44022,7,6,-122.24361111100069,42.983055555230784
44023,7,6,-122.04138888876486,42.88861111077998
44024,7,6,-122.20916666655393,42.91416666633726
44025,7,6,-122.23138888877764,42.88194444411287
44026,7,6,-121.95805555542591,42.93749999967216
44027,7,6,-122.25361111100136,42.866388888556266
44028,7,6,-122.11472222210313,42.85749999966678
44029,7,6,-121.9980555554286,42.93749999967216
44030,7,6,-122.03249999987537,42.945277777450464
44031,7,6,-121.9991666665398,42.996388888565015
44032,7,6,-122.02694444431944,42.883055555224054
44033,7,6,-122.23138888877764,42.94638888856165
44034,7,6,-122.14361111099396,42.86861111077864
44035,7,6,-121.98694444431675,42.86749999966745
44036,7,6,-122.06249999987739,42.990833333009085
44037,7,6,-122.0691666665445,43.007499999676874
44038,7,6,-122.01361111098521,42.96972222189655
44039,7,6,-122.22027777766579,42.94083333300572
44040,7,6,-122.09694444432415,42.87305555522338
44041,7,6,-122.20472222210918,42.93749999967216
44042,7,6,-122.18916666655258,42.87638888855694
44043,7,6,-122.26027777766848,42.94305555522809
44044,7,6,-122.26472222211322,42.86749999966745
44045,7,6,-122.07138888876688,43.0052777774545
44046,7,6,-121.98361111098319,42.97638888856367
44047,7,6,-122.155833333217,42.864166666333894
44048,7,6,-121.98138888876082,42.890833333002355
44049,7,6,-122.11916666654787,42.93638888856098
44050,7,6,-122.0536111109879,42.98416666634197
44051,7,6,-122.08583333321229,42.93749999967216
44052,7,6,-122.030277777653,42.91416666633726
44053,7,6,-122.16916666655123,42.86194444411152
44054,7,6,-122.11916666654787,42.92972222189386
44055,7,6,-122.13583333321566,42.94305555522809
44056,7,6,-122.03249999987537,42.92749999967149
44057,7,6,-122.09916666654652,42.879722221890496
44058,7,6,-122.20805555544274,42.879722221890496
44059,7,6,-121.99694444431742,42.909722221892515
44060,7,6,-122.1091666665472,42.91305555522607
44061,7,6,-122.07361111098925,42.91638888855963
44062,7,6,-122.18916666655258,43.00638888856569
44063,7,6,-122.19472222210851,42.860833333000336
44064,7,6,-122.20694444433155,42.866388888556266
44065,7,6,-122.09694444432415,42.89305555522473
44066,7,6,-121.97138888876015,42.98638888856434
44067,7,6,-122.1324999998821,42.93305555522742
44068,7,6,-122.20249999988681,42.91416666633726
44069,7,6,-121.982499999872,42.99972222189857
44070,7,6,-122.02916666654181,42.990833333009085
44071,7,6,-122.01805555542995,42.93527777744979
44072,7,6,-122.06249999987739,43.00861111078806
44073,7,6,-122.24472222211187,42.93749999967216
44074,7,6,-122.04361111098723,42.960833333007066
44075,7,6,-122.21472222210986,42.915277777448445
44076,7,6,-121.99694444431742,42.9108333330037
44077,7,6,-122.05138888876553,42.98416666634197
44078,7,6,-122.21805555544341,42.94972222189521
44079,7,6,-121.98916666653912,42.89749999966947
44080,7,6,-122.19694444433088,42.95527777745114
44081,7,6,-122.2113888887763,42.964166666340624
44082,7,6,-122.16138888877293,42.93527777744979
44083,7,6,-122.08805555543466,42.9897222218979
44084,7,6,-122.09138888876822,42.98749999967553
44085,7,6,-122.08916666654585,42.99194444412027
44086,7,6,-122.04027777765367,43.00638888856569
44089,7,6,-121.96027777764829,42.907499999670144
44090,7,6,-122.14361111099396,42.91638888855963
44091,7,6,-122.25583333322373,42.99416666634264
44092,7,6,-121.99361111098386,42.907499999670144
44093,7,6,-122.15805555543938,42.86305555522271
44094,7,6,-122.08805555543466,42.91194444411489
44095,7,6,-122.2502777776678,42.89416666633591
44096,7,6,-122.16583333321768,42.86972222188982
44097,7,6,-122.03916666654249,42.8874999996688
44098,7,6,-122.18472222210784,42.89305555522473
44099,7,6,-121.97249999987133,43.009722221899246
44100,7,6,-122.10361111099127,42.94972222189521
44101,7,6,-121.9669444443154,42.89416666633591
44102,7,6,-122.16472222210649,42.86972222188982
44103,7,6,-122.02138888876351,42.95194444411758
44104,7,6,-122.02361111098588,43.009722221899246
44105,7,6,-122.155833333217,42.90638888855896
44106,7,6,-122.11583333321431,42.95416666633995
44107,7,6,-121.99694444431742,42.90861111078133
44108,7,6,-122.18361111099665,43.00083333300976
44109,7,6,-121.95361111098117,42.91749999967082
44110,7,6,-122.2347222221112,42.88638888855761
44111,7,6,-122.01694444431877,42.85638888855559
44112,7,6,-121.982499999872,42.99527777745383
44113,7,6,-122.09583333321297,42.90527777744777
44114,7,6,-122.26361111100204,42.95416666633995
44115,7,6,-122.20027777766444,42.92749999967149
44116,7,6,-121.97027777764896,43.00305555523213
44117,7,6,-122.19361111099732,42.85972222188915
44118,7,6,-122.03472222209774,42.9108333330037
44119,7,6,-122.155833333217,42.920833333004374
44120,7,6,-122.19916666655325,42.88416666633524
44121,7,6,-122.00472222209572,42.87305555522338
44122,7,6,-122.13027777765973,42.958611110784695
44123,7,6,-121.95805555542591,42.91749999967082
44124,7,6,-122.23249999988883,42.89972222189184
44125,7,6,-122.24472222211187,42.88861111077998
44126,7,6,-122.22027777766579,43.001944444120944
44127,7,6,-122.21472222210986,42.89972222189184
44128,7,6,-122.21583333322104,42.864166666333894
44129,7,6,-122.1013888887689,43.00861111078806
44130,7,6,-121.98138888876082,42.99972222189857
44131,7,6,-122.15249999988345,42.92194444411556
44132,7,6,-122.09249999987941,42.87861111077931
44133,7,6,-121.98916666653912,42.96972222189655
44134,7,6,-121.9902777776503,42.858611110777964
44135,7,6,-122.14583333321633,42.953055555228765
44136,7,6,-122.23249999988883,42.95749999967351
44137,7,6,-122.0380555554313,42.990833333009085
44138,7,6,-122.00027777765098,42.907499999670144
44139,7,6,-122.08916666654585,42.88861111077998
44140,7,6,-122.14249999988277,42.99972222189857
44141,7,6,-122.09472222210178,42.99305555523146
44142,7,6,-122.07249999987806,42.9897222218979
44143,7,6,-122.21694444433223,42.88972222189117
44144,7,6,-122.06472222209976,42.93305555522742
44145,7,6,-122.2424999998895,42.99972222189857
44146,7,6,-122.09694444432415,43.00083333300976
44147,7,6,-122.19138888877495,42.977499999674855
44148,7,6,-121.98361111098319,42.91416666633726
44149,7,6,-122.16916666655123,42.88972222189117
44150,7,6,-122.23138888877764,43.001944444120944
44151,7,6,-122.04916666654316,42.90861111078133
44152,7,6,-122.04249999987604,42.89194444411354
44153,7,6,-121.9591666665371,42.98749999967553
44154,7,6,-122.05138888876553,42.90527777744777
44155,7,6,-121.98916666653912,42.9030555552254
44156,7,6,-121.95472222209236,42.94861111078402
44157,7,6,-122.19472222210851,42.920833333004374
44158,7,6,-122.25361111100136,42.98083333300841
44159,7,6,-121.99249999987268,42.86527777744508
44160,7,6,-122.15694444432819,43.00305555523213
44161,7,6,-122.12027777765906,42.945277777450464
44162,7,6,-121.9591666665371,42.98416666634197
44163,7,6,-121.97583333320489,42.93083333300505
44164,7,6,-122.09472222210178,42.94861111078402
44165,7,6,-122.22805555544409,42.97638888856367
44166,7,6,-122.11027777765838,42.864166666333894
44167,7,6,-122.09472222210178,42.928611110782676
44168,7,6,-121.96805555542659,42.939722221894534
44169,7,6,-122.155833333217,43.00305555523213
44170,7,6,-121.9902777776503,42.926388888560304
44171,7,6,-122.01694444431877,42.918611110782
44172,7,6,-122.12694444432617,42.89194444411354
44173,7,6,-121.95583333320354,43.00305555523213
44175,7,6,-122.18916666655258,42.87527777744575
44176,7,6,-122.00916666654047,42.96194444411825
44177,7,6,-122.09805555543534,42.915277777448445
44178,7,6,-122.24583333322306,42.91749999967082
44179,7,6,-122.26027777766848,42.92194444411556
44180,7,6,-122.26249999989085,42.91749999967082
44181,7,6,-122.25249999989018,42.95638888856232
44182,7,6,-122.25916666655729,42.990833333009085
44183,7,6,-122.03249999987537,43.004166666343316
44184,7,6,-122.0613888887662,42.9030555552254
44185,7,6,-122.16805555544005,42.89194444411354
44186,7,6,-122.15472222210582,42.90638888855896
44187,7,6,-121.97694444431608,42.939722221894534
44188,7,6,-122.14583333321633,42.960833333007066
44189,7,6,-122.20249999988681,42.90083333300303
44190,7,6,-122.25138888877899,42.98749999967553
44191,7,6,-122.11138888876957,43.01194444412162
44192,7,6,-122.21694444433223,42.88861111077998
44193,7,6,-122.05249999987672,42.9819444441196
44194,7,6,-122.06249999987739,42.95416666633995
44195,7,6,-122.25138888877899,42.920833333004374
44196,7,6,-121.9669444443154,42.88861111077998
44197,7,6,-121.98916666653912,43.00083333300976
44198,7,6,-122.22249999988816,42.94861111078402
44199,7,6,-121.9747222220937,42.90527777744777
44200,7,6,-122.18694444433021,42.87083333300101
44201,7,6,-122.05916666654383,42.93194444411623
44202,7,6,-122.20583333322037,42.953055555228765
44203,7,6,-121.9902777776503,42.94861111078402
44204,7,6,-122.09916666654652,42.94861111078402
44205,7,6,-122.15916666655056,42.926388888560304
44206,7,6,-122.05138888876553,42.90638888855896
44207,7,6,-122.12249999988143,42.915277777448445
44208,7,6,-122.13694444432684,42.890833333002355
44209,7,6,-122.14249999988277,42.93305555522742
44211,7,6,-122.2347222221112,42.95972222189588
44212,7,6,-122.16694444432886,42.89749999966947
44213,7,6,-121.95694444431473,42.87861111077931
44214,7,6,-122.05583333321027,42.86305555522271
44215,7,6,-122.13472222210447,42.964166666340624
44216,7,6,-121.95027777764761,42.96972222189655
44217,8,5,-122.20027777766444,42.966388888562996
44218,8,5,-122.00027777765098,42.915277777448445
44219,8,5,-122.22916666655527,42.945277777450464
44220,8,5,-121.96138888875947,42.95527777745114
44221,8,5,-122.155833333217,42.89749999966947
44222,8,5,-122.16249999988412,42.90638888855896
44223,8,5,-122.12138888877024,42.91749999967082
44224,8,5,-122.2580555554461,42.96194444411825
44225,8,5,-122.2191666665546,42.91972222189319
44226,8,5,-122.05472222209909,43.004166666343316
44227,8,5,-122.14916666654989,42.99305555523146
44228,8,5,-122.01805555542995,42.94861111078402
44229,8,5,-122.02694444431944,42.871944444112195
44230,8,5,-122.14472222210514,42.96527777745181
44231,8,5,-122.11916666654787,42.86527777744508
44232,8,5,-122.05805555543265,42.88194444411287
44233,8,5,-121.95472222209236,42.92749999967149
44234,8,5,-122.23249999988883,42.885277777446426
44235,8,5,-122.07361111098925,42.879722221890496
44236,8,5,-122.21694444433223,42.988611110786714
44237,8,5,-121.9991666665398,42.885277777446426
44238,8,5,-122.01583333320758,42.985277777453156
44239,8,5,-121.95805555542591,42.960833333007066
44240,8,5,-122.15472222210582,42.90527777744777
44241,8,5,-122.04472222209841,42.977499999674855
44242,8,5,-122.06027777765502,42.934166666338605
44243,8,5,-122.05583333321027,42.871944444112195
44244,8,5,-122.20472222210918,42.866388888556266
44245,8,5,-122.17805555544072,42.88861111077998
44246,8,5,-122.21583333322104,42.96972222189655
44247,8,5,-122.1636111109953,42.93194444411623
44248,8,5,-122.11027777765838,43.009722221899246
44249,8,5,-122.08027777765636,42.89194444411354
44250,8,5,-122.04361111098723,42.860833333000336
44251,8,5,-122.12694444432617,42.85749999966678
44252,8,5,-121.982499999872,42.877499999668125
44253,8,5,-122.04472222209841,43.009722221899246
44254,8,5,-121.96472222209303,42.958611110784695
44255,8,5,-122.0147222220964,42.85972222188915
44257,8,5,-121.95027777764761,42.91972222189319
44258,8,5,-121.96916666653777,42.93749999967216
44259,8,5,-122.21472222210986,42.926388888560304
44260,8,5,-121.95361111098117,42.85749999966678
44261,8,5,-122.05805555543265,42.95083333300639
44262,8,5,-122.1636111109953,42.9741666663413
44263,8,5,-122.22472222211053,42.88972222189117
44264,8,5,-122.09583333321297,42.89416666633591
44265,8,5,-122.13027777765973,42.885277777446426
44267,8,5,-122.11472222210313,42.860833333000336
44268,8,5,-122.17361111099598,43.00861111078806
44269,8,5,-122.24583333322306,42.953055555228765
44270,8,5,-122.00361111098454,42.85638888855559
44271,8,5,-122.16805555544005,42.90861111078133
44272,8,5,-122.2191666665546,42.96861111078537
44273,8,5,-122.1402777776604,42.91638888855963
44274,8,5,-121.99249999987268,42.958611110784695
44276,8,5,-122.21027777766511,42.96861111078537
44277,8,5,-122.12138888877024,42.96972222189655
44278,8,5,-122.00583333320691,42.971944444118925
44279,8,5,-122.04805555543197,42.99305555523146
44280,8,5,-121.96805555542659,42.95972222189588
44281,8,5,-122.08249999987873,42.94861111078402
44282,8,5,-121.95361111098117,42.94638888856165
44283,8,5,-122.22361111099934,42.93527777744979
44284,8,5,-122.06472222209976,42.920833333004374
44285,8,5,-122.1402777776604,42.94416666633928
44286,8,5,-122.09916666654652,42.99861111078739
44287,8,5,-122.20472222210918,42.93861111078335
44288,8,5,-122.04805555543197,42.983055555230784
44289,8,5,-122.1880555554414,42.896388888558285
44290,8,5,-122.26361111100204,42.879722221890496
44291,8,5,-122.17027777766242,42.88861111077998
44292,8,5,-122.16916666655123,42.95194444411758
44293,8,5,-121.99361111098386,42.86749999966745
44294,8,5,-122.16916666655123,42.966388888562996
44295,8,5,-122.1091666665472,42.91416666633726
44296,8,5,-122.01583333320758,42.896388888558285
44297,8,5,-122.11361111099194,42.96972222189655
44298,8,5,-121.98694444431675,42.96972222189655
44299,8,5,-122.25249999989018,42.909722221892515
44300,8,5,-122.05583333321027,42.87861111077931
44301,8,5,-122.05027777765434,42.877499999668125
44302,8,5,-122.0769444443228,42.93305555522742
44303,8,5,-122.22805555544409,42.883055555224054
44305,8,5,-121.95027777764761,42.93083333300505
44306,8,5,-122.08916666654585,42.86305555522271
44307,8,5,-121.99138888876149,42.94305555522809
44308,8,5,-122.25694444433492,42.96527777745181
44309,8,5,-122.08916666654585,42.964166666340624
44310,8,5,-122.11472222210313,42.90861111078133
44311,8,5,-122.20916666655393,42.93861111078335
44312,8,5,-122.05027777765434,42.90527777744777
44313,8,5,-121.97249999987133,42.95638888856232
44314,8,5,-122.03138888876418,42.858611110777964
44315,8,5,-122.14472222210514,42.99861111078739
44316,8,5,-122.203611110998,42.96749999967418
44317,8,5,-122.20916666655393,42.91638888855963
44318,8,5,-122.08027777765636,42.91194444411489
44319,8,5,-121.95027777764761,42.945277777450464
44320,8,5,-122.15805555543938,42.94972222189521
44321,8,5,-122.2502777776678,42.92972222189386
44322,8,5,-122.2502777776678,42.93083333300505
44323,8,5,-122.03249999987537,42.99194444412027
44324,8,5,-122.07583333321162,42.92527777744912
44325,8,5,-121.98805555542793,42.89194444411354
44326,8,5,-122.07472222210043,42.85972222188915
44327,8,5,-122.02472222209707,42.904166666336586
44328,8,5,-122.25583333322373,42.988611110786714
44329,8,5,-122.26138888877966,42.91972222189319
44330,8,5,-121.95249999986999,42.96194444411825
44331,8,5,-122.13027777765973,42.88416666633524
44332,8,5,-122.24472222211187,42.9741666663413
44333,8,5,-121.95805555542591,42.883055555224054
44335,8,5,-122.03583333320893,42.91749999967082
44336,8,5,-122.07805555543399,42.941944444116906
44337,8,5,-122.21472222210986,42.96194444411825
44338,8,5,-122.14694444432752,42.93083333300505
44339,8,5,-122.22583333322171,42.94638888856165
44340,8,5,-122.24805555544543,42.988611110786714
44341,8,5,-122.05583333321027,42.9819444441196
44342,8,5,-121.97916666653845,42.89749999966947
44343,8,5,-122.24138888877832,42.97861111078604
44344,8,5,-121.9747222220937,42.915277777448445
44345,8,5,-122.1958333332197,42.890833333002355
44346,8,5,-121.95027777764761,42.918611110782
44347,8,5,-122.05249999987672,42.877499999668125
44348,8,5,-122.2347222221112,42.945277777450464
44349,8,5,-122.14361111099396,42.915277777448445
44350,8,5,-122.0936111109906,42.953055555228765
44351,8,5,-122.02694444431944,42.95527777745114
44352,8,5,-121.99472222209505,42.95749999967351
44353,8,5,-122.19805555544207,42.94305555522809
44354,8,5,-122.23027777766646,42.97638888856367
44355,8,5,-122.1636111109953,42.89861111078066
44356,8,5,-121.97805555542726,42.947499999672836
44357,8,5,-122.18249999988547,42.89749999966947
44358,8,5,-122.10472222210245,42.958611110784695
44359,8,5,-121.99472222209505,42.90638888855896
44360,8,5,-122.05138888876553,42.953055555228765
44361,8,5,-122.05027777765434,42.91749999967082
44362,8,5,-122.12694444432617,42.915277777448445
44363,8,5,-122.10694444432482,42.864166666333894
44364,8,5,-121.96805555542659,42.939722221894534
44365,8,5,-122.24805555544543,42.95416666633995
44366,8,5,-121.99583333320624,42.907499999670144
44367,8,5,-121.96361111098184,42.85638888855559
44368,8,5,-122.12805555543736,42.985277777453156
44369,8,4,-122.21805555544341,42.88972222189117
44370,8,5,-122.15916666655056,42.90527777744777
44371,8,5,-122.13694444432684,42.95416666633995
44372,8,5,-122.02694444431944,42.89305555522473
44373,8,5,-122.203611110998,42.964166666340624
44374,8,5,-121.95027777764761,42.96527777745181
44375,8,5,-122.04361111098723,42.87305555522338
44376,8,5,-122.18138888877428,43.00305555523213
44377,8,5,-122.15916666655056,42.88972222189117
44378,8,5,-121.98472222209438,42.971944444118925
44379,8,5,-122.21027777766511,42.890833333002355
44380,8,5,-122.1402777776604,42.88638888855761
44381,8,4,-121.95027777764761,42.91972222189319
44382,8,5,-122.18583333321902,42.93083333300505
44383,8,5,-122.18916666655258,43.007499999676874
44384,8,5,-121.97694444431608,42.91194444411489
44385,8,5,-122.17916666655191,42.93749999967216
44386,8,5,-122.19249999988614,42.91749999967082
44387,8,5,-122.1958333332197,42.91638888855963
44388,8,5,-122.2502777776678,42.88972222189117
44389,8,5,-122.00361111098454,42.93749999967216
44390,8,5,-122.01027777765165,42.87083333300101
44391,8,4,-122.11583333321431,42.85749999966678
44392,8,5,-122.18916666655258,42.883055555224054
44394,8,5,-122.2502777776678,42.98638888856434
44395,8,5,-121.95027777764761,42.93194444411623
44396,8,4,-122.25138888877899,42.8952777774471
44397,8,5,-122.20916666655393,42.96749999967418
44398,8,5,-122.1169444443255,42.91416666633726
44399,8,5,-122.26027777766848,42.988611110786714
44400,8,5,-122.12694444432617,42.88194444411287
44401,8,5,-122.0936111109906,42.890833333002355
44402,8,4,-122.1802777776631,42.88861111077998
44403,8,5,-122.11138888876957,42.907499999670144
44404,8,5,-122.11805555543668,42.89194444411354
44405,8,5,-122.13916666654922,42.877499999668125
44406,8,5,-121.98472222209438,42.96305555522944
44407,8,5,-122.20249999988681,42.96749999967418
44408,8,5,-122.09472222210178,43.001944444120944
44409,8,5,-122.24805555544543,42.960833333007066
44410,8,5,-122.13805555543803,42.939722221894534
44411,8,5,-121.9669444443154,42.95972222189588
44412,8,5,-121.96916666653777,42.8952777774471
44413,8,5,-121.98583333320556,43.00861111078806
44414,8,5,-122.12583333321498,42.85638888855559
44415,8,5,-122.2269444443329,42.93861111078335
44416,8,5,-122.16805555544005,42.904166666336586
44417,8,5,-121.97583333320489,42.95083333300639
44418,8,5,-121.96916666653777,42.896388888558285
44419,8,5,-122.03472222209774,42.94083333300572
44420,8,4,-122.0691666665445,42.85749999966678
44421,8,5,-121.95472222209236,42.99194444412027
44422,8,5,-122.10694444432482,42.86305555522271
44423,8,5,-122.04249999987604,42.89416666633591
44424,8,5,-122.0847222221011,43.0130555552328
44425,8,5,-122.08361111098992,42.91305555522607
44426,8,5,-122.20694444433155,42.91638888855963
44427,8,5,-122.14249999988277,42.93194444411623
44428,8,5,-122.1636111109953,42.93861111078335
44429,8,5,-122.10361111099127,42.966388888562996
44430,8,5,-122.2269444443329,42.89972222189184
44431,8,5,-122.15805555543938,42.95083333300639
44432,8,5,-122.155833333217,42.945277777450464
44433,8,5,-121.96916666653777,42.939722221894534
44434,8,5,-121.95472222209236,42.86305555522271
44435,8,5,-122.22249999988816,42.86861111077864
44436,8,5,-122.18472222210784,42.985277777453156
44437,8,5,-122.21249999988748,43.001944444120944
44438,8,5,-122.13694444432684,42.96749999967418
44439,8,5,-122.19027777766377,42.896388888558285
44440,8,5,-122.09583333321297,42.91638888855963
44441,8,5,-122.00027777765098,42.971944444118925
44442,8,5,-122.22361111099934,42.94861111078402
44443,8,5,-122.02138888876351,42.95638888856232
44444,8,5,-122.06583333321095,42.88083333300168
44445,8,5,-122.24138888877832,42.93305555522742
44446,8,5,-122.2191666665546,42.93194444411623
44447,8,5,-121.95583333320354,42.89416666633591
44449,8,5,-121.982499999872,42.9974999996762
44450,8,5,-122.04027777765367,43.0052777774545
44451,8,5,-122.07249999987806,42.939722221894534
44452,8,5,-121.96138888875947,42.85638888855559
44453,8,5,-122.22583333322171,42.87527777744575
44454,8,5,-122.25472222211255,42.879722221890496
44455,8,5,-122.11583333321431,42.958611110784695
44456,8,5,-122.11916666654787,43.004166666343316
44457,8,5,-122.21472222210986,42.90083333300303
44458,8,5,-122.05138888876553,42.92972222189386
44459,8,5,-122.11249999988075,42.87527777744575
44460,8,5,-122.0069444443181,42.97083333300774
44461,8,5,-122.05805555543265,42.88083333300168
44462,8,5,-122.22249999988816,42.88861111077998
44463,8,5,-122.09583333321297,42.966388888562996
44464,8,5,-122.10027777765771,42.93638888856098
44466,8,5,-122.01138888876284,42.896388888558285
44467,8,5,-121.9991666665398,42.88638888855761
44468,8,5,-122.1880555554414,42.88861111077998
44469,8,5,-122.26138888877966,42.890833333002355
44470,8,5,-122.21027777766511,42.91638888855963
44471,8,5,-122.03583333320893,42.87861111077931
44472,8,5,-122.0613888887662,42.87861111077931
44473,8,5,-122.01361111098521,43.01194444412162
44474,8,5,-122.2347222221112,42.858611110777964
44475,8,5,-122.09472222210178,42.871944444112195
44476,8,5,-122.11916666654787,42.95416666633995
44477,8,5,-122.1169444443255,42.858611110777964
44478,8,5,-122.10805555543601,42.866388888556266
44479,8,5,-122.23916666655595,42.88416666633524
44480,8,5,-122.19694444433088,42.97861111078604
44481,8,5,-122.22249999988816,42.918611110782
44482,8,5,-122.23916666655595,42.94972222189521
44483,8,5,-122.24138888877832,43.004166666343316
44484,8,5,-122.0936111109906,42.871944444112195
44485,8,5,-122.04138888876486,42.92194444411556
44486,8,5,-122.1013888887689,42.90638888855896
44487,8,5,-122.1247222221038,42.915277777448445
44488,8,5,-122.2191666665546,43.009722221899246
44489,8,5,-122.15027777766107,42.98749999967553
44490,8,5,-122.13805555543803,42.860833333000336
44491,8,5,-122.05916666654383,42.93527777744979
44492,8,5,-122.25583333322373,42.96305555522944
44493,8,5,-122.01805555542995,42.95527777745114
44494,8,5,-122.04361111098723,42.95972222189588
44495,8,5,-122.0458333332096,43.00861111078806
44496,8,5,-122.04249999987604,43.007499999676874
44497,8,5,-122.14361111099396,42.93305555522742
44498,8,5,-122.0536111109879,42.88083333300168
44499,8,5,-121.98138888876082,43.001944444120944
44500,8,5,-122.01805555542995,42.98416666634197
44501,8,5,-122.19805555544207,42.99527777745383
44502,8,5,-122.25472222211255,43.00638888856569
44503,8,5,-122.06472222209976,43.00861111078806
44504,8,5,-122.06472222209976,42.93083333300505
44505,8,5,-122.09916666654652,43.004166666343316
44506,8,5,-122.10361111099127,42.985277777453156
44507,8,5,-122.14472222210514,42.945277777450464
44508,8,5,-122.25249999989018,42.86861111077864
44509,8,5,-122.11805555543668,42.923055555226746
44510,8,5,-122.00583333320691,42.96861111078537
44511,8,5,-122.23694444433357,42.915277777448445
44512,8,5,-122.17916666655191,42.87083333300101
44513,8,5,-122.155833333217,42.94305555522809
44514,8,5,-122.21027777766511,42.96749999967418
44515,8,5,-122.0536111109879,42.864166666333894
44516,8,5,-122.25249999989018,42.98749999967553
44517,8,5,-122.11249999988075,42.98749999967553
44518,8,5,-122.20249999988681,43.009722221899246
44519,8,5,-121.95472222209236,42.879722221890496
44520,8,5,-122.22027777766579,42.86749999966745
44521,8,5,-122.07583333321162,42.86527777744508
44522,8,5,-122.05472222209909,42.93083333300505
44523,8,5,-121.9591666665371,42.87861111077931
44524,8,5,-122.12916666654854,42.988611110786714
44525,8,5,-121.97694444431608,43.004166666343316
44526,8,5,-122.13361111099329,43.004166666343316
44527,8,5,-122.12138888877024,42.94305555522809
44528,8,5,-122.18138888877428,42.9819444441196
44529,8,5,-122.03249999987537,43.01083333301043
44530,8,5,-122.06805555543332,42.879722221890496
44531,8,5,-122.13583333321566,42.90083333300303
44532,8,5,-121.99694444431742,42.97527777745248
44533,8,5,-121.95249999986999,42.87638888855694
44534,8,5,-122.07583333321162,42.86305555522271
44535,8,5,-122.08361111098992,42.8874999996688
44536,8,5,-122.15472222210582,43.001944444120944
44537,8,5,-122.12361111099261,42.934166666338605
44538,8,5,-122.2580555554461,42.94305555522809
44539,8,5,-122.01916666654114,42.85749999966678
44540,8,5,-121.97694444431608,42.85749999966678
44541,8,5,-122.03138888876418,42.91972222189319
44542,8,5,-121.97249999987133,42.88861111077998
44543,8,5,-122.17361111099598,42.87083333300101
44544,8,5,-122.02694444431944,42.87083333300101
44546,8,5,-122.12361111099261,42.94083333300572
44547,8,5,-121.95694444431473,42.90527777744777
44548,8,5,-122.19138888877495,42.94305555522809
44549,8,5,-122.12583333321498,42.96861111078537
44550,8,5,-121.99138888876149,43.00083333300976
44551,8,5,-122.18249999988547,42.92527777744912
44552,8,5,-122.15694444432819,42.923055555226746
44553,8,5,-121.95805555542591,42.964166666340624
44554,8,5,-122.10472222210245,42.91638888855963
44555,8,5,-122.18138888877428,42.90638888855896
44556,8,5,-122.17583333321835,43.0052777774545
44557,8,5,-122.11249999988075,42.923055555226746
44558,8,5,-121.96138888875947,42.91638888855963
44559,8,5,-122.11472222210313,42.98638888856434
44560,8,5,-122.1013888887689,42.95972222189588
44561,8,5,-122.25249999989018,42.96527777745181
44562,8,5,-121.99249999987268,42.94972222189521
44563,8,5,-122.17694444432954,42.96527777745181
44564,8,5,-122.23694444433357,42.89972222189184
44565,8,5,-122.07472222210043,42.95416666633995
44566,8,5,-122.22027777766579,42.86972222188982
44567,8,5,-122.25138888877899,42.86861111077864
44568,8,5,-122.08249999987873,42.960833333007066
44570,8,5,-122.155833333217,42.86749999966745
44571,8,5,-122.1091666665472,42.958611110784695
44572,8,5,-122.01249999987402,42.958611110784695
44573,8,5,-121.9991666665398,42.871944444112195
44574,8,5,-122.2580555554461,42.95638888856232
44575,8,5,-122.21694444433223,42.95083333300639
44576,8,5,-121.9980555554286,42.97305555523011
44577,8,5,-122.25694444433492,43.004166666343316
44578,8,5,-122.18138888877428,42.92972222189386
44579,8,5,-122.14249999988277,42.94416666633928
44580,8,5,-122.23361111100002,42.93749999967216
44581,8,5,-122.25583333322373,42.95527777745114
44582,8,4,-122.15138888877226,42.85972222188915
44583,8,5,-121.97361111098252,42.91638888855963
44584,8,5,-122.22916666655527,42.9741666663413
44585,8,5,-122.0691666665445,42.91972222189319
44586,8,5,-121.99138888876149,42.958611110784695
44587,8,4,-122.16805555544005,42.86972222188982
44588,8,5,-122.08361111098992,42.89305555522473
44589,8,5,-121.95027777764761,42.91638888855963
44590,8,5,-122.00805555542928,42.93638888856098
44591,8,5,-122.12916666654854,42.95527777745114
44592,8,5,-122.2347222221112,42.93749999967216
44593,8,5,-122.08805555543466,42.934166666338605
44594,8,5,-122.1880555554414,42.890833333002355
44595,8,5,-122.16249999988412,42.890833333002355
44596,8,4,-122.2191666665546,42.90083333300303
44597,8,5,-122.03138888876418,42.87638888855694
44598,8,5,-122.03249999987537,42.9974999996762
44599,8,5,-122.22583333322171,42.926388888560304
44600,8,5,-122.00916666654047,42.971944444118925
44601,8,5,-122.12583333321498,43.01194444412162
44602,8,5,-122.15916666655056,43.01083333301043
44604,8,5,-122.24027777766713,42.8874999996688
44605,8,5,-122.07027777765569,42.90527777744777
44606,8,5,-121.96583333320422,42.97638888856367
44607,8,5,-122.12249999988143,43.0130555552328
44608,8,5,-122.14249999988277,42.91638888855963
44609,8,5,-122.26361111100204,42.90527777744777
44610,8,5,-122.01249999987402,43.0130555552328
44611,8,5,-122.19249999988614,43.001944444120944
44612,8,5,-122.17583333321835,42.918611110782
44613,8,5,-122.20694444433155,42.890833333002355
44614,8,5,-122.16805555544005,42.90083333300303
44615,8,5,-122.09805555543534,42.87416666633457
44616,8,5,-122.02472222209707,42.907499999670144
44617,8,5,-122.21472222210986,42.918611110782
44618,8,5,-122.12805555543736,42.90083333300303
44619,8,5,-121.99694444431742,42.996388888565015
44620,8,5,-122.14472222210514,43.00638888856569
44622,8,5,-122.02805555543063,42.94861111078402
44623,8,5,-121.95249999986999,42.858611110777964
44624,8,5,-122.24361111100069,42.95638888856232
44625,8,5,-122.13361111099329,42.93861111078335
44626,8,5,-122.1802777776631,43.004166666343316
44627,8,5,-121.98027777764963,42.86749999966745
44628,8,5,-122.25916666655729,42.988611110786714
44629,8,5,-122.20249999988681,42.939722221894534
44630,8,5,-122.0769444443228,43.001944444120944
44631,8,5,-122.0224999998747,42.99194444412027
44632,8,5,-122.04138888876486,42.9819444441196
44633,8,5,-122.0147222220964,42.896388888558285
44634,8,5,-122.24916666655662,42.90527777744777
44635,8,5,-121.96138888875947,42.86972222188982
44636,8,5,-121.99361111098386,42.90638888855896
44637,8,5,-121.99249999987268,42.93527777744979
44638,8,5,-122.16472222210649,42.97638888856367
44639,8,5,-122.13805555543803,42.95416666633995
44640,8,5,-121.95249999986999,42.93749999967216
44641,8,5,-121.96805555542659,42.8952777774471
44642,8,5,-122.26361111100204,42.91972222189319
44644,8,5,-122.03138888876418,43.007499999676874
44645,8,5,-121.97805555542726,42.909722221892515
44646,8,5,-122.030277777653,42.977499999674855
44647,8,5,-121.98694444431675,42.87861111077931
44648,8,5,-122.10249999988008,42.94416666633928
44649,8,5,-122.11583333321431,42.909722221892515
44650,8,5,-122.01027777765165,42.9819444441196
44651,8,5,-122.0769444443228,42.86527777744508
44652,8,5,-122.24361111100069,42.92527777744912
44653,8,5,-122.00138888876216,42.9108333330037
44654,8,5,-122.22138888877697,42.866388888556266
44655,8,5,-122.23916666655595,42.947499999672836
44656,8,5,-121.96027777764829,42.890833333002355
44657,8,5,-122.0147222220964,42.96749999967418
44658,8,5,-122.1091666665472,42.99972222189857
44659,8,5,-122.08583333321229,42.990833333009085
44660,8,5,-122.2191666665546,42.866388888556266
44661,8,5,-122.15916666655056,42.928611110782676
44662,8,5,-122.17694444432954,42.86861111077864
44663,8,5,-122.10694444432482,42.866388888556266
44664,8,5,-121.95694444431473,43.009722221899246
44665,8,5,-121.99472222209505,42.93638888856098
44666,8,5,-122.1402777776604,42.97083333300774
44667,8,5,-122.04805555543197,43.0052777774545
44668,8,5,-122.19805555544207,42.860833333000336
44669,8,5,-122.22583333322171,42.977499999674855
44670,8,5,-121.96027777764829,42.95638888856232
44671,8,5,-122.05138888876553,42.92527777744912
44672,8,5,-122.19138888877495,42.8952777774471
44673,8,5,-122.13472222210447,42.89861111078066
44674,8,5,-122.0147222220964,42.95972222189588
44675,8,5,-122.08916666654585,42.96305555522944
44676,8,5,-122.01805555542995,42.91194444411489
44677,8,5,-122.19472222210851,42.915277777448445
44678,8,5,-122.08916666654585,42.896388888558285
44679,8,5,-122.16805555544005,42.883055555224054
44680,8,5,-122.04916666654316,42.864166666333894
44681,8,5,-122.02916666654181,42.89305555522473
44682,8,5,-122.07361111098925,43.0052777774545
44683,8,5,-122.03138888876418,42.86194444411152
44684,8,5,-122.02916666654181,42.91305555522607
44685,8,5,-121.98138888876082,42.91416666633726
44686,8,5,-121.98361111098319,42.97527777745248
44687,8,5,-122.24916666655662,42.92972222189386
44688,8,5,-122.1402777776604,42.87305555522338
44689,8,5,-121.97805555542726,43.00305555523213
44690,8,5,-122.13583333321566,42.99305555523146
44691,8,5,-122.1169444443255,42.966388888562996
44693,8,5,-122.17472222210716,43.007499999676874
44694,8,5,-122.20472222210918,42.99194444412027
44695,8,5,-122.030277777653,42.96749999967418
44696,8,5,-121.98361111098319,43.00305555523213
44697,8,5,-121.95027777764761,42.96194444411825
44699,8,5,-122.05138888876553,42.864166666333894
44700,8,5,-121.98694444431675,42.90083333300303
44701,8,5,-122.26138888877966,42.99194444412027
44702,8,5,-122.23694444433357,42.94638888856165
44703,8,5,-122.20916666655393,42.99194444412027
44704,8,5,-121.99583333320624,42.939722221894534
44705,8,5,-122.20805555544274,42.95972222189588
44706,8,5,-122.01361111098521,42.8952777774471
44707,8,5,-122.1324999998821,43.0052777774545
44708,8,5,-122.2424999998895,42.88638888855761
44709,8,5,-122.05138888876553,43.007499999676874
44710,8,5,-121.9902777776503,42.94972222189521
44711,9,4,-122.00138888876216,42.93638888856098
44712,9,4,-122.155833333217,42.95416666633995
44713,9,4,-122.1324999998821,42.95194444411758
44714,9,4,-122.19805555544207,42.9897222218979
44716,9,4,-121.97805555542726,42.89305555522473
44717,9,4,-122.21805555544341,42.91416666633726
44718,9,4,-122.05027777765434,42.86527777744508
44719,9,4,-122.06583333321095,42.92194444411556
44720,9,4,-122.02916666654181,42.96749999967418
44721,9,4,-122.11361111099194,42.93083333300505
44722,9,4,-122.20694444433155,42.94083333300572
44724,9,4,-122.0458333332096,43.00638888856569
44725,9,4,-122.22027777766579,42.88861111077998
44726,9,4,-122.15027777766107,42.89972222189184
44727,9,4,-122.09805555543534,42.89416666633591
44728,9,4,-122.03694444432011,42.94861111078402
44729,9,4,-121.98472222209438,42.89305555522473
44730,9,4,-121.9591666665371,42.99416666634264
44731,9,4,-121.96361111098184,42.95749999967351
44732,9,4,-122.21472222210986,42.95194444411758
44733,9,4,-122.03249999987537,42.866388888556266
44734,9,4,-121.96361111098184,42.94861111078402
44735,9,4,-122.01249999987402,42.98749999967553
44736,9,4,-122.08916666654585,42.93638888856098
44737,9,4,-122.05472222209909,42.89861111078066
44738,9,4,-122.01138888876284,42.87083333300101
44739,9,4,-122.07249999987806,42.92194444411556
44740,9,4,-122.10249999988008,42.91749999967082
44741,9,4,-121.95805555542591,42.95194444411758
44742,9,4,-122.06694444432213,42.95194444411758
44743,9,4,-122.25472222211255,42.96527777745181
44744,9,4,-122.17694444432954,42.890833333002355
44745,9,4,-122.14249999988277,42.86972222188982
44746,9,4,-122.12694444432617,42.87527777744575
44747,9,4,-122.21694444433223,42.923055555226746
44748,9,1,-122.06805555543332,42.85638888855559
44749,9,4,-122.14583333321633,42.920833333004374
44750,9,4,-122.14249999988277,42.94305555522809
44751,9,4,-122.26361111100204,42.89749999966947
44752,9,4,-122.08694444432348,42.95749999967351
44753,9,4,-122.19472222210851,42.88972222189117
44754,9,4,-122.20805555544274,42.95194444411758
44755,9,4,-121.98361111098319,42.9741666663413
44756,9,4,-122.03472222209774,43.00638888856569
44757,9,4,-122.2502777776678,42.866388888556266
44758,9,4,-122.01916666654114,42.91972222189319
44759,9,4,-122.04361111098723,43.01083333301043
44760,9,4,-122.02583333320825,42.95638888856232
44761,9,4,-121.98361111098319,42.996388888565015
44762,9,4,-122.19138888877495,42.985277777453156
44763,9,4,-122.11805555543668,42.85749999966678
44764,9,4,-122.11027777765838,42.96527777745181
44765,9,4,-122.01583333320758,42.87861111077931
44767,9,4,-121.97916666653845,42.890833333002355
44768,9,4,-122.04138888876486,42.86527777744508
44769,9,4,-122.03472222209774,42.87861111077931
44770,9,4,-122.13361111099329,43.01083333301043
44771,9,4,-122.04027777765367,42.871944444112195
44772,9,4,-121.98583333320556,42.896388888558285
44774,9,4,-122.26472222211322,42.87638888855694
44775,9,4,-122.25138888877899,42.99527777745383
44776,9,4,-121.98138888876082,42.97527777745248
44778,9,4,-122.12138888877024,42.97305555523011
44779,9,4,-122.19805555544207,42.86194444411152
44780,9,4,-122.23027777766646,42.890833333002355
44781,9,4,-122.03249999987537,42.96527777745181
44783,9,4,-122.13138888877091,42.87416666633457
44784,9,4,-122.16138888877293,42.97527777745248
44785,9,4,-122.23027777766646,42.99416666634264
44786,9,4,-122.1013888887689,42.90527777744777
44787,9,4,-122.05027777765434,42.87861111077931
44788,9,4,-122.07027777765569,42.88416666633524
44789,9,4,-121.98138888876082,42.97861111078604
44790,9,4,-122.05249999987672,42.87861111077931
44792,9,4,-121.95472222209236,43.00083333300976
44793,9,4,-122.24472222211187,42.86749999966745
44794,9,4,-122.22027777766579,42.88083333300168
44796,9,4,-121.98027777764963,42.85638888855559
44797,9,4,-122.13583333321566,42.928611110782676
44798,9,4,-122.06249999987739,42.93083333300505
44799,9,4,-122.02138888876351,42.86749999966745
44800,9,4,-122.07249999987806,43.0052777774545
44801,9,4,-122.11916666654787,42.964166666340624
44802,9,4,-121.95472222209236,42.896388888558285
44803,9,4,-122.04694444432079,42.985277777453156
44804,9,3,-122.25583333322373,42.896388888558285
44805,9,4,-122.26361111100204,42.91972222189319
44806,9,4,-122.05916666654383,42.879722221890496
44807,9,4,-122.2269444443329,42.94416666633928
44808,9,4,-122.09027777765704,42.86972222188982
44809,9,4,-122.06583333321095,42.95083333300639
44810,9,4,-122.17027777766242,42.89972222189184
44811,9,4,-121.95027777764761,42.91416666633726
44812,9,4,-121.9902777776503,43.00305555523213
44813,9,4,-121.96249999987066,42.939722221894534
44814,9,4,-122.26472222211322,42.871944444112195
44815,9,4,-121.95249999986999,42.99861111078739
44816,9,4,-122.22805555544409,42.945277777450464
44817,9,4,-122.11472222210313,42.92527777744912
44818,9,4,-122.030277777653,42.966388888562996
44819,9,4,-122.16138888877293,42.98749999967553
44820,9,4,-122.0224999998747,42.95527777745114
44821,9,4,-122.18916666655258,42.88416666633524
44822,9,4,-122.0847222221011,42.864166666333894
44823,9,4,-122.26027777766848,42.87638888855694
44824,9,4,-122.16249999988412,42.977499999674855
44825,9,4,-121.95583333320354,42.99194444412027
44826,9,4,-122.12694444432617,42.96749999967418
44827,9,4,-122.16472222210649,42.86305555522271
44828,9,4,-122.23138888877764,43.004166666343316
44829,9,4,-122.21249999988748,42.88638888855761
44830,9,4,-122.16249999988412,42.98749999967553
44831,9,4,-122.17583333321835,42.94861111078402
44832,9,4,-122.12805555543736,42.85638888855559
44833,9,4,-122.17694444432954,42.86749999966745
44834,9,4,-122.1480555554387,42.920833333004374
44835,9,4,-122.19694444433088,42.918611110782
44836,9,4,-122.12138888877024,42.95416666633995
44837,9,4,-122.0691666665445,42.90527777744777
44838,9,4,-122.1958333332197,42.96305555522944
44839,9,4,-122.15805555543938,42.86749999966745
44840,9,4,-122.13694444432684,43.0052777774545
44841,9,4,-122.09805555543534,42.93305555522742
44842,9,4,-122.10583333321364,42.95083333300639
44843,9,4,-122.23027777766646,42.996388888565015
44844,9,4,-122.13694444432684,42.87527777744575
44845,9,4,-122.04694444432079,42.98083333300841
44846,9,4,-122.01583333320758,42.93527777744979
44847,9,4,-122.05249999987672,42.89972222189184
44848,9,4,-122.07916666654518,42.95972222189588
44849,9,4,-122.20027777766444,42.915277777448445
44850,9,4,-122.17361111099598,42.91972222189319
44851,9,4,-121.97249999987133,42.88416666633524
44852,9,4,-122.16583333321768,42.896388888558285
44853,9,4,-122.18583333321902,42.98416666634197
44854,9,4,-122.1402777776604,43.01194444412162
44855,9,4,-122.2269444443329,42.88083333300168
44856,9,4,-122.02694444431944,42.926388888560304
44857,9,4,-122.06583333321095,42.90638888855896
44859,9,4,-122.25138888877899,43.00305555523213
44860,9,4,-122.02361111098588,42.87527777744575
44861,9,4,-121.99583333320624,42.864166666333894
44862,9,4,-121.99472222209505,42.909722221892515
44863,9,4,-122.05694444432146,42.879722221890496
44864,9,4,-122.16583333321768,42.864166666333894
44865,9,4,-122.01694444431877,42.95972222189588
44866,9,4,-122.21027777766511,42.99972222189857
44867,9,4,-121.95694444431473,42.94861111078402
44868,9,4,-122.11361111099194,42.934166666338605
44869,9,4,-122.06361111098857,43.007499999676874
44870,9,4,-121.96249999987066,43.009722221899246
44871,9,4,-122.06805555543332,42.9030555552254
44872,9,4,-122.05916666654383,42.89305555522473
44873,9,4,-122.22805555544409,43.001944444120944
44874,9,4,-122.1402777776604,42.8952777774471
44875,9,4,-121.98138888876082,42.94083333300572
44876,9,4,-122.15805555543938,42.90638888855896
44878,9,4,-122.22916666655527,42.89861111078066
44879,9,4,-121.97361111098252,42.99527777745383
44880,9,4,-122.09138888876822,42.98416666634197
44881,9,4,-122.2502777776678,42.92972222189386
44882,9,4,-122.0769444443228,42.96194444411825
44883,9,4,-122.00583333320691,42.983055555230784
44884,9,4,-122.21361111099867,42.901944444114214
44886,9,4,-122.03138888876418,42.947499999672836
44887,9,4,-122.16805555544005,42.8952777774471
44888,9,4,-122.0536111109879,42.97972222189723
44889,9,4,-121.97361111098252,43.007499999676874
44890,9,4,-122.15916666655056,43.009722221899246
44891,9,4,-122.00249999987335,42.93305555522742
44892,9,4,-122.1402777776604,42.877499999668125
44893,9,4,-122.07472222210043,42.964166666340624
44895,9,4,-122.1713888887736,42.99305555523146
44896,9,4,-122.13805555543803,42.99527777745383
44897,9,4,-122.23916666655595,42.94861111078402
44898,9,4,-122.24472222211187,42.95972222189588
44899,9,4,-122.11249999988075,42.947499999672836
44900,9,4,-121.96249999987066,42.92416666633793
44901,9,4,-122.0847222221011,42.91305555522607
44902,9,4,-121.98027777764963,42.86305555522271
44903,9,4,-122.10694444432482,43.01083333301043
44904,9,4,-121.98583333320556,42.87861111077931
44905,9,4,-122.25916666655729,42.97861111078604
44906,9,4,-122.155833333217,42.953055555228765
44907,9,4,-121.98694444431675,42.977499999674855
44908,9,4,-122.20138888877563,42.915277777448445
44909,9,4,-121.95249999986999,42.87527777744575
44910,9,4,-122.0380555554313,42.93083333300505
44911,9,4,-122.18694444433021,42.877499999668125
44912,9,4,-121.9980555554286,42.883055555224054
44913,9,2,-122.13472222210447,42.85749999966678
44914,9,4,-122.19361111099732,42.88638888855761
44915,9,4,-122.09916666654652,42.9974999996762
44916,9,4,-122.15472222210582,42.97083333300774
44917,9,4,-122.20249999988681,42.890833333002355
44918,9,4,-122.13027777765973,42.89972222189184
44919,9,4,-122.1713888887736,43.004166666343316
44920,9,4,-122.10583333321364,42.96527777745181
44921,9,4,-121.99138888876149,42.90527777744777
44922,9,4,-122.04027777765367,42.860833333000336
44923,9,4,-122.08027777765636,42.99194444412027
44924,9,4,-122.11805555543668,42.9741666663413
44925,9,4,-122.02472222209707,42.88972222189117
44926,9,4,-122.05027777765434,42.86305555522271
44927,9,4,-121.98361111098319,43.0130555552328
44928,9,4,-122.26027777766848,42.920833333004374
44929,9,4,-122.1402777776604,43.00083333300976
44930,9,4,-122.20249999988681,42.99305555523146
44931,9,4,-122.12694444432617,42.877499999668125
44932,9,4,-122.09027777765704,42.953055555228765
44933,9,4,-122.21694444433223,42.88638888855761
44934,9,4,-122.1247222221038,42.93749999967216
44935,9,4,-121.95361111098117,42.95527777745114
44936,9,4,-122.11361111099194,42.928611110782676
44937,9,4,-122.17916666655191,42.9741666663413
44938,9,4,-121.97805555542726,42.85638888855559
44939,9,4,-122.06027777765502,43.007499999676874
44940,9,4,-122.0847222221011,42.91749999967082
44941,9,4,-122.12805555543736,42.879722221890496
44943,9,4,-122.13138888877091,42.926388888560304
44944,9,4,-121.95805555542591,42.95527777745114
44945,9,4,-122.03472222209774,42.858611110777964
44946,9,4,-122.10694444432482,42.90527777744777
44947,9,4,-122.15472222210582,42.928611110782676
44948,9,4,-122.16916666655123,42.890833333002355
44949,9,4,-122.04805555543197,42.926388888560304
44950,9,4,-122.18583333321902,42.909722221892515
44951,9,4,-122.13805555543803,42.866388888556266
44952,9,4,-121.97138888876015,42.99305555523146
44953,9,4,-121.98805555542793,43.00083333300976
44954,9,4,-121.97027777764896,42.95194444411758
44955,9,4,-122.1324999998821,42.87416666633457
44956,9,4,-121.9902777776503,42.960833333007066
44957,9,4,-122.26361111100204,42.91972222189319
44958,9,4,-122.02138888876351,42.91305555522607
44959,9,4,-122.0769444443228,42.996388888565015
44960,9,4,-122.23361111100002,42.87638888855694
44961,9,4,-122.05583333321027,42.99861111078739
44962,9,4,-122.04138888876486,42.9897222218979
44964,9,4,-121.96916666653777,42.89861111078066
44965,9,4,-121.98694444431675,42.926388888560304
44966,9,4,-122.09472222210178,42.926388888560304
44967,9,4,-122.18138888877428,42.901944444114214
44968,9,4,-122.25583333322373,42.896388888558285
44969,9,4,-122.16805555544005,42.9030555552254
44970,9,4,-122.20916666655393,42.988611110786714
44971,9,4,-122.09249999987941,42.88972222189117
44972,9,4,-121.96361111098184,42.86972222188982
44973,9,4,-122.02472222209707,43.01083333301043
44974,9,4,-122.23361111100002,42.958611110784695
44975,9,4,-122.2580555554461,42.996388888565015
44976,9,4,-122.13583333321566,42.896388888558285
44977,9,4,-122.09583333321297,42.95972222189588
44978,9,4,-122.23805555544476,42.915277777448445
44979,9,4,-122.06249999987739,42.89416666633591
44980,9,4,-122.12583333321498,42.85749999966678
44981,9,4,-122.02361111098588,43.00638888856569
44982,9,4,-122.0069444443181,42.87861111077931
44983,9,4,-122.23694444433357,42.958611110784695
44984,9,4,-122.09805555543534,42.87527777744575
44985,9,4,-122.14249999988277,42.98749999967553
44986,9,4,-122.21805555544341,42.9030555552254
44987,9,4,-122.06583333321095,42.93861111078335
44988,9,4,-122.09138888876822,42.988611110786714
44989,9,4,-121.95805555542591,42.879722221890496
44990,9,4,-122.030277777653,42.9819444441196
44991,9,4,-122.20027777766444,42.977499999674855
44992,9,4,-122.15138888877226,42.87083333300101
44993,9,4,-122.07249999987806,42.879722221890496
44994,9,4,-122.12805555543736,42.915277777448445
44995,9,4,-122.13694444432684,42.9897222218979
44996,9,4,-122.03361111098656,42.89861111078066
44997,9,4,-122.16249999988412,42.8874999996688
44998,9,4,-122.1713888887736,42.88416666633524
44999,9,4,-122.21027777766511,42.91305555522607
45000,9,4,-122.20916666655393,42.92527777744912
45001,9,4,-122.18694444433021,42.88416666633524
45002,9,4,-121.98361111098319,42.87527777744575
45003,9,4,-122.21361111099867,42.94972222189521
45004,9,4,-122.08916666654585,42.86972222188982
45005,9,4,-122.21361111099867,42.91194444411489
45006,9,4,-122.11916666654787,42.96749999967418
45007,9,4,-122.11583333321431,42.92972222189386
45008,9,4,-122.18583333321902,42.94861111078402
45009,9,4,-122.08138888876755,42.97638888856367
45010,9,4,-122.18916666655258,42.990833333009085
45011,9,4,-122.01805555542995,42.95638888856232
45012,9,4,-122.03472222209774,42.93194444411623
45013,9,4,-122.01805555542995,43.009722221899246
45014,9,4,-122.08361111098992,42.89416666633591
45015,9,4,-122.11027777765838,43.007499999676874
45016,9,4,-122.05805555543265,42.871944444112195
45017,9,4,-121.99249999987268,42.91305555522607
45018,9,4,-122.03472222209774,42.89972222189184
45019,9,4,-122.12805555543736,42.939722221894534
45020,9,4,-122.26027777766848,42.890833333002355
45021,9,4,-122.04916666654316,42.87638888855694
45022,9,4,-122.05583333321027,42.97638888856367
45023,9,4,-122.09138888876822,42.87416666633457
45024,9,4,-122.24138888877832,42.883055555224054
45025,9,4,-121.9591666665371,42.92527777744912
45026,9,4,-122.20138888877563,42.90083333300303
45027,9,4,-122.17361111099598,42.98749999967553
45028,9,4,-122.12249999988143,42.928611110782676
45029,9,4,-122.11472222210313,42.86972222188982
45030,9,4,-121.99583333320624,42.90861111078133
45031,9,4,-121.98583333320556,42.960833333007066
45033,9,4,-122.07249999987806,42.934166666338605
45034,9,4,-121.99472222209505,42.9741666663413
45035,9,4,-122.05138888876553,42.92416666633793
45036,9,4,-121.96249999987066,42.94972222189521
45037,9,4,-121.97805555542726,42.9108333330037
45038,9,4,-122.05472222209909,42.91972222189319
45039,9,4,-122.05472222209909,42.9108333330037
45040,9,4,-122.23916666655595,42.8874999996688
45041,9,4,-122.05138888876553,42.97861111078604
45042,9,4,-122.22027777766579,42.94972222189521
45043,9,4,-121.95694444431473,42.9897222218979
45044,9,4,-121.96027777764829,42.92416666633793
45045,9,4,-122.2347222221112,43.004166666343316
45046,9,4,-122.02472222209707,42.87638888855694
45048,9,2,-122.13583333321566,42.85638888855559
45049,9,4,-121.98027777764963,42.977499999674855
45050,9,4,-122.15138888877226,42.877499999668125
45051,9,4,-122.1636111109953,42.988611110786714
45052,9,4,-122.19249999988614,42.97527777745248
45053,9,4,-121.95583333320354,42.88861111077998
45054,9,4,-122.11027777765838,42.945277777450464
45056,9,4,-122.26249999989085,42.96972222189655
45057,9,4,-122.0147222220964,42.98749999967553
45059,9,4,-122.08583333321229,42.94972222189521
45060,9,4,-121.95361111098117,43.00305555523213
45061,9,4,-122.05583333321027,42.904166666336586
45062,9,4,-122.18249999988547,42.96972222189655
45063,9,4,-122.1091666665472,42.93083333300505
45064,9,4,-122.18583333321902,42.883055555224054
45065,9,4,-122.26138888877966,42.95638888856232
45066,9,4,-122.24472222211187,42.97861111078604
45067,9,4,-121.96583333320422,42.99861111078739
45068,9,4,-122.07027777765569,42.90638888855896
45069,9,4,-122.02916666654181,42.920833333004374
45070,9,4,-122.00583333320691,42.87527777744575
45071,9,4,-121.982499999872,43.0052777774545
45072,9,4,-122.00472222209572,42.890833333002355
45073,9,4,-122.25138888877899,42.97861111078604
45074,9,4,-121.99472222209505,42.94861111078402
45075,9,4,-122.14249999988277,43.0052777774545
45076,9,4,-122.06805555543332,42.85638888855559
45077,9,4,-122.11249999988075,43.001944444120944
45078,9,4,-121.96027777764829,42.95749999967351
45079,9,4,-122.06361111098857,42.88638888855761
45080,9,4,-122.09916666654652,42.87416666633457
45081,9,4,-121.99694444431742,42.88083333300168
45082,9,4,-122.1324999998821,42.91638888855963
45083,9,4,-122.03472222209774,42.904166666336586
45084,9,4,-122.2269444443329,42.87527777744575
45085,9,4,-122.11805555543668,42.945277777450464
45086,9,4,-122.2502777776678,42.91194444411489
45089,9,4,-122.15249999988345,42.87527777744575
45090,9,4,-122.07916666654518,42.98638888856434
45091,9,4,-122.04805555543197,42.86305555522271
45092,9,4,-122.09249999987941,42.91305555522607
45093,9,4,-122.25583333322373,42.94638888856165
45094,9,4,-121.99138888876149,42.91972222189319
45095,9,4,-122.24583333322306,42.92749999967149
45097,9,4,-121.96249999987066,42.990833333009085
45098,9,4,-122.17583333321835,42.96305555522944
45099,9,4,-122.18472222210784,42.883055555224054
45100,9,4,-122.16694444432886,42.86861111077864
45101,9,4,-121.99694444431742,42.89972222189184
45102,9,4,-122.0847222221011,42.93527777744979
45103,9,4,-122.01583333320758,42.91194444411489
45104,9,4,-122.10805555543601,42.94861111078402
45105,9,4,-122.20916666655393,42.915277777448445
45106,9,4,-122.05694444432146,42.901944444114214
45107,9,4,-121.95027777764761,42.947499999672836
45108,9,4,-122.22472222211053,42.9741666663413
45109,9,4,-122.22249999988816,42.941944444116906
45110,9,4,-122.0613888887662,42.99305555523146
45111,9,4,-121.99138888876149,42.85972222188915
45112,9,4,-122.05138888876553,42.91972222189319
45113,9,4,-122.17694444432954,42.871944444112195
45114,9,4,-122.19138888877495,42.971944444118925
45115,9,4,-122.2113888887763,42.939722221894534
45116,9,4,-122.19361111099732,42.94305555522809
45117,9,4,-122.0936111109906,42.93861111078335
45118,9,4,-122.16916666655123,42.90527777744777
45119,9,4,-122.12027777765906,42.94861111078402
45120,9,4,-122.04138888876486,43.00305555523213
45121,9,4,-122.19027777766377,42.88861111077998
45122,9,4,-122.15361111099463,43.001944444120944
45123,9,4,-121.96472222209303,42.86527777744508
45124,9,4,-122.155833333217,43.009722221899246
45125,9,4,-122.02472222209707,42.94972222189521
45126,9,4,-122.1324999998821,42.95083333300639
45127,9,4,-122.14138888877159,43.01194444412162
45128,9,4,-121.97361111098252,42.92972222189386
45129,9,4,-121.95583333320354,42.98638888856434
45131,9,4,-122.25694444433492,42.87305555522338
45132,9,4,-122.20916666655393,42.88638888855761
45133,9,4,-122.0769444443228,42.964166666340624
45134,9,3,-122.15138888877226,42.85638888855559
45135,9,4,-121.95694444431473,42.94972222189521
45136,9,4,-122.03138888876418,42.977499999674855
45137,9,4,-122.24361111100069,42.98749999967553
45138,9,4,-122.04916666654316,42.860833333000336
45139,9,4,-122.21472222210986,42.91749999967082
45140,9,4,-121.9513888887588,42.96527777745181
45141,9,4,-122.20805555544274,42.866388888556266
45142,9,4,-122.15805555543938,42.86305555522271
45143,9,4,-122.0069444443181,42.89194444411354
45144,9,4,-122.06805555543332,42.87305555522338
45145,9,4,-122.14694444432752,42.95416666633995
45146,9,4,-122.04694444432079,42.964166666340624
45147,9,4,-122.25583333322373,42.93305555522742
45148,9,4,-122.22805555544409,42.890833333002355
45149,9,4,-122.10027777765771,42.92749999967149
45150,9,4,-122.11805555543668,42.86527777744508
45151,9,4,-122.17694444432954,42.87083333300101
45152,9,4,-122.14361111099396,42.945277777450464
45153,9,4,-121.95027777764761,42.885277777446426
45154,9,4,-122.19472222210851,42.88972222189117
45155,9,4,-122.08805555543466,42.864166666333894
45156,9,4,-122.11361111099194,42.94083333300572
45157,9,4,-122.0691666665445,42.94305555522809
45158,9,4,-122.14694444432752,42.93194444411623
45159,9,4,-122.04027777765367,42.890833333002355
45160,9,4,-122.12916666654854,42.89416666633591
45161,9,4,-122.02138888876351,42.87416666633457
45162,9,4,-121.98472222209438,43.0052777774545
45163,9,4,-121.97249999987133,42.9897222218979
45164,9,4,-122.04249999987604,42.879722221890496
45165,9,4,-122.06361111098857,42.879722221890496
45166,9,4,-122.11805555543668,42.88194444411287
45167,9,4,-122.17805555544072,42.88972222189117
45168,9,4,-121.95027777764761,42.93083333300505
45169,9,4,-122.01583333320758,42.85638888855559
45170,9,4,-122.19027777766377,42.920833333004374
45171,9,4,-122.15249999988345,42.983055555230784
45172,9,4,-122.05916666654383,42.934166666338605
45173,9,4,-122.15916666655056,42.934166666338605
45174,9,4,-122.13916666654922,42.88861111077998
45175,9,4,-121.97694444431608,42.860833333000336
45176,9,4,-122.18583333321902,42.93527777744979
45177,9,4,-122.09027777765704,42.86972222188982
45178,9,4,-122.05138888876553,43.00861111078806
45179,9,4,-122.1402777776604,42.904166666336586
45180,9,4,-122.01583333320758,42.95972222189588
45181,9,4,-122.19694444433088,42.858611110777964
45182,9,4,-121.95583333320354,43.004166666343316
45183,9,4,-122.11805555543668,42.858611110777964
45184,9,4,-122.08916666654585,42.877499999668125
45185,9,4,-122.06472222209976,42.92972222189386
45186,9,4,-122.17027777766242,42.98083333300841
45188,9,4,-122.13805555543803,42.95638888856232
45189,9,4,-122.12694444432617,42.97083333300774
45190,9,4,-122.02694444431944,42.91972222189319
45191,9,4,-122.04472222209841,42.87416666633457
45192,9,4,-121.96027777764829,42.89861111078066
45193,9,4,-122.25694444433492,42.88083333300168
45194,9,4,-122.26249999989085,42.87638888855694
45195,9,4,-122.15805555543938,42.92749999967149
45196,9,4,-122.15027777766107,42.990833333009085
45197,9,4,-122.02916666654181,42.94305555522809
45198,9,4,-122.13694444432684,42.860833333000336
45199,9,4,-122.2502777776678,42.98749999967553
45200,9,4,-122.16138888877293,42.93194444411623
45201,9,4,-122.14138888877159,42.91416666633726
45202,9,4,-122.04694444432079,42.96194444411825
45203,9,4,-122.07805555543399,42.864166666333894
45204,9,4,-122.20916666655393,42.99972222189857
45205,9,4,-122.01138888876284,42.89861111078066
45206,9,4,-122.20694444433155,42.97527777745248
45207,10,3,-121.95249999986999,42.947499999672836
45208,10,3,-122.22583333322171,43.004166666343316
45209,10,3,-122.15361111099463,42.864166666333894
45210,10,3,-122.1013888887689,42.93305555522742
45211,10,3,-122.17916666655191,42.9819444441196
45212,10,3,-122.06583333321095,42.879722221890496
45213,10,3,-121.98361111098319,42.87305555522338
45214,10,3,-122.25472222211255,42.86749999966745
45215,10,3,-122.00916666654047,42.960833333007066
45216,10,3,-121.99249999987268,42.93194444411623
45217,10,3,-122.24027777766713,42.97638888856367
45218,10,3,-121.95027777764761,42.97083333300774
45219,10,3,-122.13916666654922,43.009722221899246
45220,10,3,-122.0380555554313,42.858611110777964
45221,10,3,-122.06805555543332,43.007499999676874
45222,10,3,-122.17249999988479,42.88972222189117
45223,10,3,-122.15916666655056,42.86749999966745
45224,10,3,-122.20916666655393,42.88194444411287
45225,10,3,-122.0936111109906,42.88861111077998
45226,10,3,-122.00583333320691,42.88194444411287
45227,10,3,-122.11916666654787,42.909722221892515
45228,10,3,-122.09249999987941,42.941944444116906
45229,10,3,-121.98694444431675,42.97083333300774
45230,10,3,-122.12138888877024,42.93194444411623
45231,10,3,-122.07583333321162,42.97527777745248
45232,10,3,-122.03361111098656,42.90083333300303
45233,10,3,-122.13805555543803,42.94083333300572
45234,10,3,-122.24805555544543,42.87416666633457
45235,10,3,-122.05138888876553,42.92749999967149
45236,10,3,-122.17916666655191,42.89861111078066
45237,10,3,-122.20916666655393,42.9741666663413
45238,10,3,-121.98583333320556,42.89305555522473
45239,10,3,-122.22583333322171,42.96972222189655
45240,10,3,-122.11916666654787,42.923055555226746
45241,10,3,-122.155833333217,42.86305555522271
45242,10,3,-122.09583333321297,42.9741666663413
45243,10,3,-122.03361111098656,42.97527777745248
45244,10,3,-122.11249999988075,42.91972222189319
45245,10,3,-121.98694444431675,42.88416666633524
45246,10,3,-121.96472222209303,42.93305555522742
45247,10,3,-122.17583333321835,42.960833333007066
45248,10,3,-122.1480555554387,42.864166666333894
45249,10,3,-122.17805555544072,42.99194444412027
45250,10,3,-122.2580555554461,42.890833333002355
45251,10,3,-122.20472222210918,42.85972222188915
45252,10,3,-122.1636111109953,42.92749999967149
45253,10,3,-122.02805555543063,42.92749999967149
45254,10,3,-122.16249999988412,42.93749999967216
45255,10,3,-122.1713888887736,42.94638888856165
45256,10,3,-121.96249999987066,42.93083333300505
45257,10,3,-122.10027777765771,42.97305555523011
45258,10,3,-122.15805555543938,42.923055555226746
45259,10,3,-122.11472222210313,42.99972222189857
45260,10,3,-122.04472222209841,42.904166666336586
45261,10,3,-122.24805555544543,42.96194444411825
45262,10,3,-122.06472222209976,42.8952777774471
45263,10,3,-122.1324999998821,42.99194444412027
45264,10,3,-121.98694444431675,42.99972222189857
45265,10,3,-122.24361111100069,42.88638888855761
45266,10,3,-122.07472222210043,42.92194444411556
45267,10,3,-122.25361111100136,42.923055555226746
45268,10,3,-122.0536111109879,42.91972222189319
45269,10,3,-122.09472222210178,42.90527777744777
45270,10,3,-122.20472222210918,42.86972222188982
45271,10,3,-122.1324999998821,42.87527777744575
45272,10,3,-122.08249999987873,42.91749999967082
45273,10,3,-122.16138888877293,42.926388888560304
45274,10,3,-121.96027777764829,43.00861111078806
45275,10,3,-121.99361111098386,42.966388888562996
45276,10,3,-122.01361111098521,42.93638888856098
45277,10,3,-122.13138888877091,42.86972222188982
45278,10,3,-122.10249999988008,42.95416666633995
45279,10,3,-122.16138888877293,42.86972222188982
45280,10,3,-122.22249999988816,42.89972222189184
45281,10,3,-122.05694444432146,42.947499999672836
45282,10,3,-121.96138888875947,42.99194444412027
45283,10,3,-122.22138888877697,42.9030555552254
45284,10,3,-122.08916666654585,42.860833333000336
45285,10,3,-122.18249999988547,42.92749999967149
45286,10,3,-122.16694444432886,42.93527777744979
45287,10,3,-122.24805555544543,42.95083333300639
45288,10,3,-122.21583333322104,42.96305555522944
45289,10,3,-122.25249999989018,42.86972222188982
45290,10,3,-121.9991666665398,42.90861111078133
45291,10,3,-122.12805555543736,42.94972222189521
45292,10,3,-122.23361111100002,43.00305555523213
45293,10,3,-122.26138888877966,42.904166666336586
45294,10,3,-122.25249999989018,42.88861111077998
45295,10,3,-122.19916666655325,42.93194444411623
45296,10,3,-122.203611110998,42.97638888856367
45297,10,3,-122.04249999987604,43.0052777774545
45298,10,3,-122.16027777766175,43.00861111078806
45299,10,3,-122.05472222209909,42.95194444411758
45300,10,3,-121.9591666665371,42.907499999670144
45301,10,3,-122.18916666655258,42.896388888558285
45302,10,3,-121.99583333320624,42.926388888560304
45303,10,3,-122.01805555542995,42.88416666633524
45304,10,3,-122.22472222211053,42.871944444112195
45305,10,3,-122.17361111099598,42.8874999996688
45306,10,3,-122.23583333322239,42.86194444411152
45307,10,3,-121.9747222220937,42.858611110777964
45309,10,3,-122.1802777776631,42.88861111077998
45310,10,3,-122.24138888877832,42.88416666633524
45311,10,3,-122.13472222210447,42.860833333000336
45312,10,3,-122.03583333320893,42.94083333300572
45313,10,3,-122.06027777765502,42.960833333007066
45314,10,3,-122.22027777766579,42.923055555226746
45315,10,3,-122.03694444432011,42.879722221890496
45316,10,3,-122.01694444431877,42.93527777744979
45317,10,3,-122.09916666654652,42.883055555224054
45318,10,3,-122.09583333321297,42.923055555226746
45319,10,3,-122.05583333321027,42.98083333300841
45320,10,3,-122.03694444432011,42.86194444411152
45321,10,3,-122.01916666654114,42.97861111078604
45322,10,3,-122.24694444433425,42.8952777774471
45323,10,3,-122.00916666654047,42.99305555523146
45324,10,3,-122.07916666654518,42.93638888856098
45325,10,3,-122.13694444432684,42.91416666633726
45326,10,3,-122.05583333321027,42.9741666663413
45327,10,3,-122.18138888877428,42.97305555523011
45328,10,3,-122.02027777765232,43.00083333300976
45329,10,3,-122.23249999988883,42.88638888855761
45330,10,3,-122.1247222221038,42.99861111078739
45331,10,3,-122.08027777765636,42.91305555522607
45332,10,3,-122.155833333217,42.977499999674855
45333,10,3,-122.10694444432482,42.92416666633793
45334,10,3,-122.21472222210986,42.941944444116906
45335,10,3,-122.13583333321566,42.88194444411287
45336,10,3,-122.18694444433021,43.00305555523213
45337,10,3,-121.95472222209236,42.88083333300168
45338,10,3,-122.08805555543466,42.926388888560304
45339,10,3,-122.20583333322037,42.98638888856434
45340,10,3,-122.15472222210582,42.926388888560304
45341,10,3,-122.02583333320825,42.94972222189521
45342,10,3,-122.24694444433425,42.92749999967149
45343,10,3,-122.07805555543399,42.88972222189117
45344,10,3,-122.1169444443255,42.86749999966745
45345,10,3,-122.07916666654518,42.97305555523011
45346,10,3,-122.10361111099127,42.926388888560304
45347,10,3,-122.1480555554387,42.923055555226746
45348,10,3,-122.1880555554414,42.928611110782676
45349,10,3,-121.97805555542726,42.985277777453156
45351,10,3,-121.98805555542793,42.883055555224054
45352,10,3,-122.0069444443181,42.883055555224054
45353,10,3,-122.03472222209774,42.94305555522809
45354,10,3,-122.01138888876284,42.920833333004374
45356,10,3,-122.25361111100136,42.93861111078335
45357,10,3,-122.12249999988143,42.92972222189386
45358,10,3,-122.19916666655325,42.858611110777964
45359,10,3,-122.13805555543803,42.87416666633457
45360,10,3,-122.1880555554414,42.88861111077998
45361,10,3,-121.95027777764761,42.971944444118925
45362,10,3,-122.02138888876351,42.858611110777964
45363,10,3,-122.1480555554387,42.988611110786714
45364,10,3,-122.06583333321095,42.92972222189386
45365,10,3,-122.05805555543265,43.009722221899246
45366,10,3,-122.15805555543938,42.971944444118925
45367,10,3,-122.02138888876351,42.9108333330037
45368,10,3,-122.17805555544072,42.91305555522607
45369,10,3,-122.00138888876216,42.95527777745114
45370,10,3,-122.20138888877563,42.92194444411556
45371,10,3,-122.21361111099867,42.90083333300303
45372,10,3,-122.22361111099934,42.87638888855694
45373,10,3,-122.03472222209774,42.92527777744912
45374,10,3,-122.11361111099194,42.93527777744979
45375,10,3,-122.21249999988748,42.94861111078402
45376,10,3,-122.21361111099867,42.93527777744979
45377,10,3,-122.1247222221038,42.98638888856434
45378,10,3,-122.12916666654854,42.926388888560304
45379,10,3,-122.09583333321297,42.879722221890496
45380,10,3,-122.00472222209572,42.877499999668125
45381,10,3,-122.09916666654652,43.00638888856569
45382,10,3,-122.11249999988075,42.90861111078133
45383,10,3,-122.03361111098656,42.885277777446426
45384,10,3,-121.9513888887588,42.94972222189521
45385,10,3,-122.17249999988479,42.94638888856165
45386,10,3,-122.07361111098925,42.94305555522809
45387,10,3,-121.96583333320422,43.0130555552328
45388,10,3,-122.13472222210447,42.88416666633524
45389,10,3,-122.01916666654114,42.95972222189588
45390,10,3,-122.06805555543332,42.990833333009085
45391,10,3,-122.03583333320893,42.904166666336586
45392,10,3,-122.05027777765434,42.90638888855896
45393,10,3,-122.1091666665472,42.93861111078335
45394,10,3,-122.23583333322239,43.004166666343316
45395,10,3,-122.16027777766175,42.86861111077864
45396,10,3,-121.95805555542591,42.97972222189723
45397,10,3,-122.18916666655258,42.934166666338605
45398,10,2,-121.95027777764761,42.9030555552254
45399,10,3,-122.15249999988345,42.97972222189723
45400,10,3,-122.1169444443255,42.85749999966678
45401,10,3,-121.95027777764761,42.87305555522338
45402,10,3,-121.97916666653845,43.01083333301043
45403,10,3,-122.18138888877428,42.93638888856098
45404,10,3,-122.0769444443228,42.86972222188982
45405,10,3,-122.10583333321364,43.0052777774545
45406,10,3,-122.14249999988277,42.945277777450464
45407,10,3,-121.98805555542793,42.89861111078066
45408,10,2,-121.9513888887588,42.88638888855761
45409,10,3,-122.18694444433021,42.871944444112195
45410,10,3,-121.99472222209505,42.95972222189588
45411,10,3,-122.20694444433155,42.91416666633726
45412,10,3,-122.13472222210447,42.88083333300168
45413,10,3,-122.21027777766511,42.915277777448445
45415,10,3,-122.03249999987537,42.88194444411287
45416,10,3,-122.2347222221112,42.94416666633928
45417,10,3,-122.0536111109879,42.94972222189521
45418,10,3,-122.01805555542995,42.97972222189723
45419,10,3,-122.09916666654652,42.91749999967082
45420,10,2,-122.20583333322037,42.890833333002355
45421,10,3,-122.2580555554461,42.93861111078335
45422,10,3,-122.11805555543668,42.8952777774471
45423,10,3,-122.25472222211255,42.99416666634264
45424,10,3,-122.13361111099329,42.95749999967351
45425,10,3,-122.20805555544274,42.97638888856367
45426,10,3,-122.07805555543399,43.00305555523213
45427,10,3,-122.11805555543668,42.91638888855963
45428,10,3,-122.26249999989085,42.939722221894534
45429,10,3,-122.19694444433088,42.896388888558285
45431,10,3,-122.13472222210447,42.945277777450464
45432,10,3,-122.14694444432752,42.988611110786714
45433,10,3,-122.02805555543063,42.96861111078537
45434,10,3,-122.1324999998821,42.960833333007066
45435,10,3,-122.24472222211187,42.94083333300572
45436,10,3,-122.0458333332096,42.860833333000336
45437,10,3,-122.01583333320758,42.86194444411152
45438,10,3,-122.16027777766175,42.86305555522271
45439,10,3,-122.26138888877966,42.920833333004374
45440,10,3,-122.05583333321027,43.009722221899246
45441,10,3,-122.21805555544341,42.96972222189655
45442,10,3,-121.95361111098117,42.99527777745383
45443,10,3,-122.15361111099463,42.8874999996688
45444,10,3,-122.1247222221038,42.985277777453156
45445,10,3,-122.0769444443228,42.866388888556266
45446,10,3,-121.9591666665371,43.009722221899246
45447,10,3,-121.96027777764829,42.9819444441196
45448,10,3,-122.12805555543736,42.98416666634197
45449,10,3,-121.97805555542726,42.97861111078604
45450,10,3,-122.07805555543399,42.94305555522809
45451,10,3,-122.07027777765569,42.907499999670144
45452,10,3,-122.15694444432819,43.004166666343316
45453,10,3,-122.11805555543668,42.93861111078335
45454,10,3,-122.18916666655258,42.88861111077998
45455,10,3,-122.07583333321162,42.99972222189857
45456,10,3,-122.17583333321835,42.93194444411623
45457,10,3,-122.22027777766579,42.95083333300639
45459,10,3,-122.22138888877697,42.923055555226746
45460,10,3,-122.11249999988075,43.0052777774545
45461,10,3,-122.09472222210178,42.96305555522944
45462,10,3,-122.15694444432819,42.95083333300639
45463,10,3,-121.95694444431473,42.90638888855896
45464,10,3,-122.05805555543265,42.9030555552254
45465,10,3,-122.20583333322037,42.95416666633995
45466,10,3,-122.21694444433223,42.97861111078604
45467,10,3,-121.97027777764896,42.95416666633995
45468,10,3,-122.23138888877764,42.89861111078066
45469,10,3,-122.12027777765906,42.864166666333894
45470,10,3,-121.99583333320624,42.88083333300168
45471,10,3,-122.16694444432886,42.95416666633995
45472,10,3,-122.14916666654989,42.92527777744912
45473,10,3,-122.19805555544207,42.885277777446426
45474,10,3,-121.95583333320354,42.996388888565015
45475,10,3,-122.21694444433223,42.95972222189588
45476,10,3,-122.1880555554414,42.86972222188982
45477,10,3,-122.06249999987739,42.95194444411758
45478,10,3,-122.04694444432079,43.0052777774545
45479,10,3,-122.11249999988075,42.860833333000336
45480,10,3,-122.13361111099329,42.99861111078739
45481,10,3,-122.22361111099934,43.0130555552328
45482,10,3,-121.98805555542793,42.934166666338605
45483,10,3,-122.19805555544207,42.96972222189655
45484,10,3,-122.17916666655191,42.94861111078402
45485,10,3,-122.0069444443181,42.99416666634264
45486,10,3,-122.0224999998747,42.85972222188915
45487,10,3,-122.030277777653,42.8952777774471
45488,10,3,-122.25916666655729,42.93749999967216
45489,10,3,-122.09472222210178,42.87416666633457
45490,10,3,-122.17694444432954,42.94638888856165
45491,10,3,-122.2502777776678,42.918611110782
45492,10,3,-122.07027777765569,42.99527777745383
45493,10,3,-122.1958333332197,43.009722221899246
45494,10,3,-122.23027777766646,42.96305555522944
45495,10,3,-121.97249999987133,42.99861111078739
45496,10,3,-122.0691666665445,42.93749999967216
45497,10,3,-121.95249999986999,42.89861111078066
45498,10,3,-122.0536111109879,42.86194444411152
45499,10,3,-122.15916666655056,43.007499999676874
45500,10,3,-122.07027777765569,42.91749999967082
45501,10,3,-122.1091666665472,42.99527777745383
45502,10,3,-121.97249999987133,42.896388888558285
45503,10,3,-122.19249999988614,42.91638888855963
45504,10,3,-122.26138888877966,42.977499999674855
45505,10,3,-122.16805555544005,42.98749999967553
45506,10,3,-121.97249999987133,42.8952777774471
45507,10,2,-121.95027777764761,42.93638888856098
45508,10,3,-121.982499999872,42.89972222189184
45509,10,3,-122.02916666654181,42.92972222189386
45510,10,3,-122.10249999988008,42.99527777745383
45511,10,3,-122.11027777765838,42.879722221890496
45512,10,3,-121.99694444431742,42.926388888560304
45513,10,3,-121.95694444431473,42.97861111078604
45514,10,3,-122.09027777765704,42.883055555224054
45515,10,3,-122.24583333322306,42.918611110782
45516,10,3,-122.09583333321297,42.98749999967553
45517,10,3,-122.11805555543668,42.85972222188915
45518,10,3,-122.00805555542928,42.890833333002355
45519,10,3,-122.12138888877024,42.94083333300572
45520,10,3,-122.22583333322171,42.90527777744777
45521,10,3,-122.06249999987739,42.97305555523011
45522,10,3,-122.11361111099194,42.98638888856434
45523,10,3,-122.05138888876553,42.9030555552254
45524,10,3,-122.07472222210043,42.86305555522271
45525,10,3,-122.20694444433155,42.91194444411489
45526,10,3,-122.24583333322306,42.95194444411758
45527,10,3,-122.2113888887763,42.93638888856098
45528,10,3,-122.03472222209774,42.90638888855896
45529,10,3,-122.13694444432684,42.947499999672836
45530,10,3,-122.25916666655729,43.00083333300976
45531,10,3,-122.17694444432954,42.866388888556266
45532,10,3,-122.00805555542928,42.87861111077931
45533,10,3,-122.22472222211053,42.97638888856367
45534,10,3,-122.06249999987739,42.98749999967553
45535,10,3,-122.20694444433155,42.93527777744979
45536,10,3,-122.155833333217,42.86194444411152
45537,10,3,-122.18361111099665,42.88083333300168
45538,10,3,-122.1802777776631,42.92972222189386
45539,10,3,-122.14583333321633,42.99194444412027
45540,10,3,-122.0224999998747,42.94638888856165
45541,10,3,-122.08916666654585,42.89972222189184
45542,10,3,-122.25916666655729,42.94416666633928
45543,10,3,-122.22472222211053,43.004166666343316
45544,10,3,-122.0936111109906,42.92749999967149
45545,10,3,-122.02583333320825,42.91416666633726
45546,10,3,-121.982499999872,42.97638888856367
45547,10,3,-122.16694444432886,42.909722221892515
45548,10,3,-122.18138888877428,42.93749999967216
45549,10,3,-122.05583333321027,42.934166666338605
45550,10,3,-121.98027777764963,42.977499999674855
45551,10,3,-122.21694444433223,42.91638888855963
45552,10,3,-122.23583333322239,43.0052777774545
45553,10,3,-122.00472222209572,42.996388888565015
45554,10,3,-122.13138888877091,42.8952777774471
45555,10,3,-122.23027777766646,42.87527777744575
45556,10,3,-121.95361111098117,42.85638888855559
45557,10,3,-122.00805555542928,42.983055555230784
45558,10,3,-122.09027777765704,42.9108333330037
45559,10,3,-122.1802777776631,42.93194444411623
45560,10,3,-122.09249999987941,42.971944444118925
45561,10,3,-122.00916666654047,42.89305555522473
45562,10,3,-122.03472222209774,42.901944444114214
45563,10,3,-122.23361111100002,42.95638888856232
45564,10,3,-122.01583333320758,42.93638888856098
45565,10,3,-121.98916666653912,42.96861111078537
45566,10,3,-122.15694444432819,43.01194444412162
45567,10,3,-122.20472222210918,42.860833333000336
45568,10,3,-122.08361111098992,42.97527777745248
45569,10,3,-122.16694444432886,42.89194444411354
45570,10,3,-122.15361111099463,42.90638888855896
45571,10,3,-121.9991666665398,42.89749999966947
45572,10,3,-122.17027777766242,42.890833333002355
45573,10,3,-122.12694444432617,42.87305555522338
45574,10,3,-121.98583333320556,42.996388888565015
45575,10,3,-122.01249999987402,42.918611110782
45576,10,3,-122.15472222210582,42.9974999996762
45577,10,3,-122.21694444433223,42.926388888560304
45578,10,3,-121.98138888876082,42.86305555522271
45579,10,3,-122.0536111109879,42.93638888856098
45580,10,3,-122.21472222210986,42.88416666633524
45581,10,3,-122.23694444433357,42.90083333300303
45582,10,3,-121.96583333320422,42.95972222189588
45583,10,3,-122.21027777766511,42.890833333002355
45584,10,3,-122.030277777653,42.918611110782
45585,10,3,-122.17027777766242,42.98749999967553
45586,10,3,-121.99583333320624,42.86749999966745
45587,10,3,-122.15361111099463,42.95527777745114
45588,10,3,-122.00916666654047,42.890833333002355
45589,10,3,-122.1880555554414,42.87638888855694
45591,10,3,-122.19916666655325,42.92416666633793
45592,10,3,-122.16472222210649,42.93861111078335
45593,10,3,-122.20138888877563,42.92749999967149
45594,10,3,-122.08361111098992,43.00638888856569
45595,10,3,-122.20916666655393,42.86749999966745
45596,10,3,-122.18694444433021,43.004166666343316
45597,10,3,-122.21694444433223,42.977499999674855
45598,10,3,-122.17916666655191,42.91749999967082
45599,10,3,-121.97694444431608,42.86749999966745
45600,10,3,-122.04805555543197,42.93083333300505
45601,10,3,-122.0380555554313,42.86972222188982
45602,10,3,-122.22805555544409,42.95527777745114
45603,10,3,-122.07138888876688,42.964166666340624
45604,10,3,-122.05694444432146,42.990833333009085
45605,10,3,-122.12361111099261,42.97305555523011
45606,10,3,-122.03583333320893,42.939722221894534
45607,10,3,-122.2191666665546,43.007499999676874
45608,10,3,-122.01805555542995,42.97638888856367
45609,10,3,-122.02916666654181,42.98416666634197
45610,10,3,-122.22916666655527,42.99194444412027
45611,10,3,-122.11361111099194,43.00861111078806
45612,10,3,-122.23249999988883,42.966388888562996
45613,10,3,-122.030277777653,42.92416666633793
45614,10,3,-122.02694444431944,42.91749999967082
45615,10,3,-121.98805555542793,43.0130555552328
45616,10,3,-122.0613888887662,42.95638888856232
45617,10,2,-122.06694444432213,42.85638888855559
45618,10,3,-121.98805555542793,42.93527777744979
45619,10,3,-122.00249999987335,42.95749999967351
45620,10,3,-122.22027777766579,42.960833333007066
45621,10,3,-122.11583333321431,42.98749999967553
45622,10,3,-122.08916666654585,42.87305555522338
45623,10,3,-122.15694444432819,42.86305555522271
45624,10,3,-122.16805555544005,42.971944444118925
45625,10,3,-122.04249999987604,42.92972222189386
45626,10,3,-122.06805555543332,42.88194444411287
45627,10,3,-122.08138888876755,42.89972222189184
45628,10,3,-122.2269444443329,43.00083333300976
45629,10,3,-121.99138888876149,42.941944444116906
45630,10,3,-122.13694444432684,42.89416666633591
45631,10,3,-122.13027777765973,42.95083333300639
45632,10,3,-122.15138888877226,42.85749999966678
45633,10,3,-122.25361111100136,42.86749999966745
45634,10,3,-122.24027777766713,42.97861111078604
45635,10,3,-122.09027777765704,42.96749999967418
45636,10,3,-122.17027777766242,43.004166666343316
45637,10,3,-122.02027777765232,42.915277777448445
45638,10,3,-121.95027777764761,42.95749999967351
45639,10,3,-122.15138888877226,42.907499999670144
45640,10,3,-122.19361111099732,42.90861111078133
45641,10,3,-122.25138888877899,42.93861111078335
45642,10,3,-121.982499999872,42.89194444411354
45643,10,3,-122.13027777765973,42.928611110782676
45644,10,3,-121.96361111098184,42.915277777448445
45645,10,3,-122.18694444433021,42.97638888856367
45646,10,3,-121.9747222220937,42.91305555522607
45647,10,3,-121.95027777764761,42.877499999668125
45648,10,3,-122.07472222210043,42.915277777448445
45649,10,3,-121.95472222209236,43.007499999676874
45650,10,3,-122.04361111098723,42.983055555230784
45651,10,3,-121.96361111098184,42.87083333300101
45652,10,3,-122.04916666654316,42.89194444411354
45653,10,3,-121.9902777776503,42.866388888556266
45654,10,3,-122.0536111109879,42.94305555522809
45655,10,3,-122.04694444432079,43.00638888856569
45656,10,3,-122.2191666665546,42.977499999674855
45657,10,3,-122.06249999987739,42.8874999996688
45658,10,3,-122.00472222209572,42.915277777448445
45659,10,3,-122.13472222210447,42.9030555552254
45660,10,3,-122.02583333320825,42.89194444411354
45661,10,3,-122.17472222210716,42.96972222189655
45662,10,3,-122.0936111109906,42.90861111078133
45663,10,3,-122.18249999988547,42.94416666633928
45664,10,3,-122.0613888887662,42.93749999967216
45665,10,3,-122.23138888877764,42.93638888856098
45666,10,3,-122.03361111098656,42.99972222189857
45667,10,3,-122.06472222209976,42.977499999674855
45668,10,3,-122.16916666655123,42.860833333000336
45669,10,3,-121.9902777776503,43.00083333300976
45670,10,3,-122.17694444432954,42.93194444411623
45671,10,3,-121.9902777776503,42.9974999996762
45672,10,3,-122.23694444433357,42.85972222188915
45673,10,3,-122.24027777766713,42.94861111078402
45674,10,3,-122.15805555543938,43.004166666343316
45675,10,3,-122.0691666665445,42.95972222189588
45676,10,3,-121.98361111098319,42.85638888855559
45677,10,3,-121.98694444431675,42.95749999967351
45678,10,2,-122.24138888877832,42.89749999966947
45679,10,3,-122.01805555542995,42.96305555522944
45680,10,3,-121.98583333320556,42.9974999996762
45681,10,3,-122.09805555543534,42.89305555522473
45682,10,3,-122.25249999989018,42.93861111078335
45683,10,3,-122.22805555544409,42.939722221894534
45684,10,3,-122.13805555543803,42.858611110777964
45685,10,3,-122.0691666665445,42.996388888565015
45686,10,3,-122.20027777766444,43.007499999676874
45687,10,3,-122.19472222210851,42.99194444412027
45688,10,3,-122.23138888877764,42.99527777745383
45689,10,3,-122.25472222211255,43.004166666343316
45690,10,3,-121.99583333320624,42.90527777744777
45691,10,2,-122.22138888877697,42.89972222189184
45692,10,3,-122.0691666665445,42.95083333300639
45693,10,3,-122.23027777766646,42.877499999668125
45694,10,3,-122.1324999998821,42.871944444112195
45695,10,3,-122.03138888876418,42.879722221890496
45696,10,3,-122.24472222211187,42.960833333007066
45697,10,3,-122.030277777653,42.94638888856165
45698,10,3,-122.21361111099867,42.860833333000336
45699,11,2,-121.97249999987133,42.8874999996688
45700,11,2,-122.15249999988345,42.98083333300841
45701,11,2,-122.11138888876957,42.95972222189588
45702,11,2,-122.23916666655595,42.97972222189723
45703,11,2,-122.14361111099396,42.85638888855559
45704,11,2,-122.00138888876216,42.97083333300774
45705,11,2,-122.0536111109879,43.00083333300976
45706,11,2,-122.26361111100204,42.94083333300572
45707,11,2,-122.19694444433088,42.91416666633726
45708,11,2,-122.1713888887736,42.97083333300774
45709,11,2,-122.24916666655662,42.97861111078604
45710,11,2,-121.982499999872,42.85638888855559
45711,11,2,-122.15472222210582,42.9897222218979
45712,11,2,-122.21027777766511,42.90861111078133
45713,11,2,-122.1802777776631,42.909722221892515
45714,11,2,-122.08805555543466,42.99416666634264
45715,11,2,-122.04694444432079,42.966388888562996
45716,11,2,-122.05805555543265,42.95416666633995
45717,11,2,-122.08361111098992,42.95194444411758
45718,11,2,-122.02361111098588,42.94861111078402
45719,11,2,-122.20472222210918,42.88638888855761
45720,11,2,-122.02805555543063,42.953055555228765
45721,11,2,-122.10027777765771,43.00305555523213
45722,11,2,-122.1480555554387,43.01083333301043
45723,11,2,-122.24916666655662,42.96861111078537
45724,11,2,-122.23694444433357,42.92194444411556
45725,11,2,-122.04916666654316,42.918611110782
45726,11,2,-122.19472222210851,42.98638888856434
45727,11,2,-122.13583333321566,42.9030555552254
45728,11,2,-122.05249999987672,42.9897222218979
45729,11,2,-121.95027777764761,42.95638888856232
45730,11,2,-122.0069444443181,42.996388888565015
45731,11,2,-122.11916666654787,42.91416666633726
45732,11,2,-122.25583333322373,42.864166666333894
45733,11,2,-122.06694444432213,42.926388888560304
45734,11,2,-122.05249999987672,42.95194444411758
45735,11,2,-122.0936111109906,42.958611110784695
45736,11,2,-122.06805555543332,42.91194444411489
45737,11,2,-122.07249999987806,42.9030555552254
45738,11,2,-122.155833333217,42.9974999996762
45739,11,2,-122.05472222209909,42.86749999966745
45740,11,2,-122.18138888877428,42.99416666634264
45741,11,2,-122.00916666654047,42.96972222189655
45742,11,2,-122.21583333322104,42.90527777744777
45743,11,2,-122.04027777765367,42.95527777745114
45744,11,2,-121.95472222209236,42.96194444411825
45745,11,2,-122.20694444433155,42.918611110782
45746,11,2,-122.23583333322239,42.983055555230784
45747,11,2,-121.95694444431473,42.85972222188915
45748,11,2,-122.10805555543601,42.87861111077931
45749,11,2,-122.09249999987941,42.97305555523011
45750,11,2,-122.19249999988614,42.95194444411758
45751,11,2,-122.18138888877428,42.934166666338605
45752,11,2,-121.96583333320422,42.8952777774471
45753,11,2,-122.13916666654922,42.871944444112195
45754,11,2,-122.2424999998895,42.96194444411825
45755,11,2,-122.24583333322306,42.8874999996688
45756,11,2,-122.01361111098521,42.95194444411758
45757,11,2,-122.24916666655662,42.9974999996762
45758,11,2,-122.22027777766579,42.966388888562996
45759,11,2,-122.23027777766646,42.93638888856098
45760,11,2,-122.21694444433223,42.86527777744508
45761,11,2,-122.13583333321566,42.89416666633591
45762,11,2,-122.13694444432684,42.858611110777964
45763,11,2,-122.03472222209774,42.97972222189723
45764,11,2,-121.9513888887588,42.877499999668125
45765,11,2,-122.2580555554461,42.939722221894534
45766,11,2,-122.12583333321498,42.95416666633995
45767,11,2,-122.07472222210043,42.92527777744912
45768,11,2,-122.02805555543063,42.87305555522338
45769,11,2,-122.10583333321364,42.928611110782676
45770,11,2,-121.99694444431742,42.907499999670144
45771,11,2,-122.07361111098925,42.96194444411825
45772,11,2,-122.01138888876284,42.990833333009085
45773,11,2,-122.15361111099463,42.85972222188915
45774,11,2,-121.9747222220937,42.94416666633928
45775,11,2,-122.24361111100069,42.926388888560304
45776,11,2,-122.21472222210986,42.88638888855761
45777,11,2,-122.09138888876822,42.91972222189319
45778,11,2,-121.97916666653845,42.996388888565015
45779,11,2,-122.23027777766646,42.923055555226746
45780,11,2,-122.03583333320893,42.96194444411825
45781,11,2,-122.01361111098521,43.00638888856569
45782,11,2,-122.08805555543466,42.92527777744912
45783,11,2,-122.08027777765636,42.92527777744912
45784,11,2,-122.0380555554313,42.87861111077931
45785,11,2,-122.25138888877899,42.923055555226746
45786,11,2,-122.02472222209707,42.99972222189857
45787,11,2,-122.06027777765502,42.99305555523146
45788,11,2,-122.15249999988345,42.93083333300505
45789,11,2,-121.98583333320556,43.00305555523213
45790,11,2,-121.97361111098252,42.866388888556266
45791,11,2,-122.15805555543938,42.98416666634197
45792,11,2,-122.07361111098925,43.0130555552328
45793,11,2,-122.1091666665472,43.01083333301043
45795,11,2,-122.03138888876418,42.9897222218979
45797,11,2,-122.13694444432684,43.01083333301043
45798,11,2,-122.17583333321835,42.95972222189588
45799,11,2,-122.03138888876418,42.990833333009085
45800,11,2,-122.03694444432011,42.93749999967216
45801,11,2,-122.0147222220964,42.95194444411758
45802,11,2,-122.12249999988143,43.009722221899246
45803,11,2,-122.23361111100002,42.90083333300303
45804,11,2,-122.10805555543601,42.909722221892515
45805,11,2,-121.99694444431742,42.99194444412027
45806,11,2,-121.96138888875947,43.0052777774545
45807,11,2,-122.12027777765906,42.926388888560304
45808,11,2,-122.14472222210514,42.96305555522944
45809,11,2,-122.03472222209774,42.934166666338605
45810,11,2,-122.03916666654249,42.947499999672836
45811,11,2,-122.04916666654316,42.91638888855963
45812,11,2,-122.21027777766511,42.92416666633793
45813,11,2,-122.03583333320893,42.871944444112195
45814,11,2,-122.26138888877966,42.939722221894534
45815,11,2,-122.00583333320691,42.91416666633726
45816,11,2,-122.20138888877563,42.977499999674855
45817,11,2,-121.95361111098117,43.004166666343316
45818,11,2,-122.1958333332197,42.94083333300572
45819,11,2,-122.05916666654383,42.93305555522742
45820,11,2,-122.18583333321902,42.866388888556266
45821,11,2,-121.98472222209438,42.93527777744979
45822,11,2,-122.23027777766646,42.95527777745114
45823,11,2,-122.04472222209841,42.87527777744575
45824,11,2,-122.0847222221011,42.88861111077998
45825,11,2,-121.99694444431742,42.939722221894534
45826,11,2,-122.05805555543265,42.97083333300774
45827,11,2,-122.06805555543332,42.93194444411623
45828,11,2,-122.1402777776604,42.915277777448445
45829,11,2,-121.99361111098386,42.93638888856098
45830,11,2,-122.0224999998747,42.988611110786714
45831,11,2,-122.22249999988816,42.945277777450464
45832,11,2,-122.23249999988883,42.89194444411354
45833,11,2,-122.25361111100136,43.00638888856569
45834,11,2,-122.09472222210178,42.885277777446426
45835,11,2,-122.12805555543736,42.96972222189655
45836,11,2,-122.15916666655056,43.004166666343316
45837,11,2,-122.18583333321902,42.92194444411556
45838,11,2,-122.17583333321835,42.87083333300101
45839,11,2,-122.02583333320825,43.00305555523213
45840,11,2,-121.982499999872,42.89416666633591
45841,11,2,-122.25472222211255,42.877499999668125
45842,11,2,-121.95027777764761,42.95083333300639
45843,11,2,-122.11583333321431,42.95749999967351
45844,11,2,-122.15472222210582,42.864166666333894
45845,11,2,-122.0069444443181,42.98416666634197
45846,11,2,-122.16583333321768,42.990833333009085
45847,11,2,-122.04805555543197,42.91638888855963
45848,11,2,-121.95694444431473,42.860833333000336
45849,11,2,-122.1713888887736,43.00638888856569
45850,11,2,-122.19027777766377,42.99305555523146
45851,11,2,-122.06472222209976,42.88638888855761
45852,11,2,-122.05249999987672,42.89416666633591
45853,11,2,-121.96916666653777,42.960833333007066
45854,11,2,-122.19138888877495,42.9741666663413
45855,11,2,-121.98916666653912,42.99416666634264
45856,11,2,-122.08249999987873,42.91305555522607
45857,11,2,-122.26249999989085,42.920833333004374
45858,11,2,-121.9591666665371,42.90527777744777
45859,11,2,-121.98694444431675,42.858611110777964
45860,11,2,-122.0458333332096,42.92416666633793
45861,11,2,-122.2347222221112,42.920833333004374
45862,11,2,-122.18916666655258,42.96194444411825
45863,11,2,-122.203611110998,42.985277777453156
45864,11,2,-121.98805555542793,42.915277777448445
45865,11,2,-122.04694444432079,42.96972222189655
45866,11,2,-122.23805555544476,43.001944444120944
45867,11,2,-122.0691666665445,42.88083333300168
45868,11,2,-122.06583333321095,42.97527777745248
45869,11,2,-122.07472222210043,42.966388888562996
45870,11,2,-122.09249999987941,42.923055555226746
45871,11,2,-122.16583333321768,42.90861111078133
45872,11,2,-122.24361111100069,42.977499999674855
45873,11,2,-122.00916666654047,42.97972222189723
45874,11,2,-122.19916666655325,42.8952777774471
45875,11,2,-122.09805555543534,42.95972222189588
45876,11,2,-122.0613888887662,42.89861111078066
45877,11,1,-122.07138888876688,42.85749999966678
45878,11,2,-122.09472222210178,42.92749999967149
45879,11,2,-122.17694444432954,42.93527777744979
45880,11,2,-122.02694444431944,42.89749999966947
45881,11,2,-121.99138888876149,42.93861111078335
45882,11,2,-122.20138888877563,42.99972222189857
45883,11,2,-122.04138888876486,42.918611110782
45884,11,2,-122.19361111099732,42.996388888565015
45885,11,2,-122.04361111098723,42.87083333300101
45886,11,2,-122.23916666655595,42.97861111078604
45887,11,2,-122.18361111099665,42.96527777745181
45888,11,2,-122.06583333321095,42.966388888562996
45889,11,2,-122.00916666654047,42.9108333330037
45890,11,2,-122.18916666655258,42.94305555522809
45891,11,2,-122.12583333321498,42.988611110786714
45892,11,2,-122.12694444432617,42.95638888856232
45893,11,2,-121.95472222209236,42.87527777744575
45894,11,2,-122.0380555554313,42.88416666633524
45895,11,2,-122.09138888876822,42.915277777448445
45896,11,2,-122.24916666655662,42.89749999966947
45897,11,2,-122.02583333320825,42.95416666633995
45898,11,2,-122.07138888876688,42.879722221890496
45899,11,2,-122.21249999988748,42.890833333002355
45900,11,2,-122.05694444432146,42.90638888855896
45901,11,2,-122.16583333321768,42.94083333300572
45902,11,2,-121.9902777776503,42.96972222189655
45903,11,2,-122.13916666654922,43.0130555552328
45904,11,2,-121.98583333320556,42.877499999668125
45905,11,2,-122.1802777776631,42.985277777453156
45906,11,2,-122.21472222210986,42.904166666336586
45907,11,2,-122.01027777765165,42.8952777774471
45908,11,2,-122.11805555543668,42.97305555523011
45909,11,2,-122.23583333322239,42.96194444411825
45910,11,2,-122.08249999987873,42.91416666633726
45911,11,2,-121.982499999872,42.93749999967216
45912,11,2,-121.95694444431473,43.00083333300976
45913,11,2,-121.9669444443154,42.95416666633995
45914,11,2,-122.26361111100204,42.97638888856367
45915,11,2,-122.16916666655123,42.89194444411354
45916,11,2,-122.0069444443181,42.89416666633591
45917,11,2,-122.00361111098454,43.004166666343316
45918,11,2,-122.15361111099463,42.95749999967351
45919,11,2,-122.16694444432886,42.90083333300303
45920,11,2,-121.9902777776503,43.01194444412162
45921,11,2,-122.22916666655527,42.87638888855694
45922,11,2,-122.0936111109906,42.96749999967418
45923,11,2,-121.97361111098252,42.996388888565015
45924,11,2,-122.1324999998821,42.864166666333894
45925,11,2,-122.01138888876284,42.96972222189655
45926,11,2,-122.13138888877091,42.87638888855694
45927,11,2,-122.20027777766444,42.88416666633524
45928,11,2,-122.20249999988681,42.953055555228765
45929,11,2,-122.14361111099396,42.88861111077998
45930,11,2,-121.982499999872,42.91416666633726
45931,11,2,-122.23694444433357,43.00861111078806
45932,11,2,-122.14472222210514,42.99416666634264
45933,11,2,-121.982499999872,42.85749999966678
45934,11,2,-122.23361111100002,42.88861111077998
45935,11,2,-122.02361111098588,42.86861111077864
45936,11,2,-121.95805555542591,42.907499999670144
45937,11,2,-122.03583333320893,42.91194444411489
45938,11,2,-122.07583333321162,42.966388888562996
45939,11,2,-122.20916666655393,42.890833333002355
45940,11,2,-122.00805555542928,42.918611110782
45941,11,2,-122.02805555543063,42.91638888855963
45942,11,2,-122.23583333322239,43.00305555523213
45943,11,2,-122.0147222220964,42.98416666634197
45944,11,2,-121.96472222209303,42.92527777744912
45945,11,2,-122.09583333321297,42.88083333300168
45946,11,2,-122.21249999988748,42.95083333300639
45947,11,2,-122.00138888876216,42.866388888556266
45948,11,2,-122.10361111099127,42.94416666633928
45949,11,2,-122.13805555543803,42.923055555226746
45950,11,2,-122.17916666655191,42.90861111078133
45951,11,2,-122.08361111098992,42.86749999966745
45952,11,2,-122.05694444432146,42.97305555523011
45953,11,2,-121.99472222209505,42.87416666633457
45954,11,2,-122.24027777766713,42.91638888855963
45955,11,2,-122.06583333321095,42.86749999966745
45956,11,2,-122.05805555543265,42.87861111077931
45957,11,2,-122.22027777766579,42.97083333300774
45958,11,2,-122.0936111109906,42.92972222189386
45959,11,2,-122.16694444432886,42.990833333009085
45960,11,2,-122.26138888877966,42.920833333004374
45961,11,2,-122.25916666655729,42.88083333300168
45962,11,2,-122.06249999987739,42.85638888855559
45963,11,2,-122.20916666655393,42.896388888558285
45964,11,2,-122.0936111109906,42.877499999668125
45965,11,2,-122.14916666654989,42.97972222189723
45966,11,2,-122.16472222210649,42.939722221894534
45967,11,2,-122.25361111100136,42.920833333004374
45968,11,2,-122.1480555554387,43.00861111078806
45969,11,2,-122.02361111098588,42.9897222218979
45970,11,2,-121.97138888876015,43.00305555523213
45971,11,2,-122.06583333321095,42.9030555552254
45972,11,2,-122.06805555543332,42.85972222188915
45973,11,2,-122.1958333332197,42.97861111078604
45974,11,2,-122.01694444431877,42.91749999967082
45975,11,2,-122.01583333320758,42.93527777744979
45976,11,2,-122.11138888876957,42.89416666633591
45977,11,2,-122.11805555543668,42.87416666633457
45978,11,2,-122.00361111098454,42.96861111078537
45979,11,2,-122.19805555544207,42.95416666633995
45980,11,2,-122.14583333321633,42.958611110784695
45981,11,2,-122.1480555554387,43.00638888856569
45982,11,2,-122.09583333321297,43.01194444412162
45983,11,2,-122.25361111100136,42.877499999668125
45984,11,2,-122.03472222209774,42.91972222189319
45985,11,2,-122.21361111099867,42.86861111077864
45986,11,2,-122.2113888887763,42.871944444112195
45987,11,2,-122.24805555544543,42.91749999967082
45988,11,2,-121.98027777764963,42.86194444411152
45989,11,2,-122.1247222221038,42.95194444411758
45990,11,2,-122.22583333322171,42.93861111078335
45991,11,2,-121.9980555554286,42.85972222188915
45992,11,2,-122.13583333321566,42.98638888856434
45993,11,2,-122.07583333321162,43.001944444120944
45994,11,2,-121.95027777764761,42.904166666336586
45995,11,2,-122.24472222211187,42.97083333300774
45996,11,2,-122.14249999988277,42.99527777745383
45997,11,2,-122.2191666665546,42.958611110784695
45998,11,2,-121.9513888887588,42.94861111078402
45999,11,2,-122.22138888877697,42.91749999967082
46000,11,2,-122.20249999988681,42.9030555552254
46001,11,2,-122.14361111099396,42.96749999967418
46002,11,2,-122.15694444432819,42.9108333330037
46003,11,2,-122.24805555544543,42.953055555228765
46004,11,2,-121.95694444431473,43.00861111078806
46005,11,2,-122.04138888876486,42.86861111077864
46006,11,2,-122.26027777766848,42.958611110784695
46008,11,2,-121.97916666653845,42.89861111078066
46009,11,2,-122.08916666654585,42.966388888562996
46010,11,2,-122.25583333322373,42.918611110782
46011,11,2,-122.25249999989018,42.87083333300101
46012,11,2,-122.05027777765434,42.88972222189117
46013,11,2,-122.0536111109879,42.985277777453156
46014,11,2,-122.17916666655191,42.945277777450464
46015,11,2,-121.98361111098319,43.01083333301043
46016,11,2,-122.06583333321095,42.93749999967216
46017,11,2,-122.15249999988345,42.87638888855694
46018,11,2,-122.07027777765569,42.8874999996688
46019,11,2,-122.14138888877159,42.96861111078537
46020,11,2,-122.23805555544476,42.85972222188915
46021,11,2,-122.23138888877764,42.918611110782
46023,11,2,-122.16249999988412,42.983055555230784
46024,11,2,-121.9902777776503,42.94305555522809
46025,11,2,-122.22361111099934,42.9030555552254
46026,11,2,-122.2113888887763,42.86861111077864
46027,11,2,-122.06472222209976,42.98638888856434
46028,11,2,-121.95694444431473,43.001944444120944
46029,11,2,-122.06805555543332,42.96194444411825
46030,11,2,-122.12361111099261,42.860833333000336
46031,11,2,-122.26138888877966,42.879722221890496
46032,11,2,-122.04138888876486,42.96861111078537
46033,11,2,-122.09916666654652,42.97305555523011
46034,11,2,-122.23916666655595,42.883055555224054
46035,11,2,-121.9591666665371,42.89861111078066
46036,11,1,-122.1958333332197,42.88972222189117
46037,11,2,-122.08694444432348,42.934166666338605
46038,11,2,-121.99472222209505,42.86861111077864
46039,11,2,-121.98805555542793,42.977499999674855
46040,11,2,-122.22583333322171,42.89861111078066
46041,11,2,-122.11916666654787,42.90861111078133
46042,11,2,-122.03916666654249,42.864166666333894
46043,11,2,-122.26472222211322,42.87527777744575
46044,11,2,-122.17805555544072,42.96972222189655
46045,11,2,-121.99694444431742,42.9741666663413
46046,11,2,-122.13027777765973,42.91416666633726
46047,11,2,-122.10249999988008,42.907499999670144
46048,11,2,-122.10805555543601,43.001944444120944
46049,11,2,-122.17583333321835,42.99416666634264
46050,11,2,-122.05583333321027,42.89305555522473
46051,11,2,-122.23916666655595,42.95083333300639
46052,11,2,-122.06472222209976,42.98083333300841
46053,11,2,-122.1324999998821,42.91416666633726
46054,11,2,-122.1958333332197,42.960833333007066
46055,11,2,-121.99583333320624,42.87527777744575
46056,11,2,-121.98138888876082,42.88972222189117
46057,11,2,-122.23583333322239,42.91972222189319
46058,11,2,-122.09138888876822,42.96861111078537
46059,11,2,-122.00916666654047,42.86861111077864
46060,11,2,-122.15138888877226,42.860833333000336
46061,11,2,-122.12694444432617,42.90083333300303
46062,11,2,-121.96583333320422,42.93305555522742
46063,11,2,-122.1324999998821,42.94972222189521
46064,11,2,-121.9902777776503,42.947499999672836
46065,11,2,-122.23138888877764,42.93194444411623
46066,11,2,-122.25138888877899,42.87638888855694
46067,11,2,-121.96472222209303,42.907499999670144
46068,11,2,-122.20138888877563,42.89194444411354
46069,11,2,-122.17472222210716,42.94861111078402
46070,11,2,-122.19249999988614,43.0130555552328
46071,11,2,-122.05805555543265,42.996388888565015
46072,11,2,-121.97249999987133,42.99305555523146
46073,11,2,-121.99138888876149,42.89972222189184
46074,11,2,-122.11361111099194,42.95527777745114
46075,11,2,-122.18249999988547,42.971944444118925
46076,11,2,-122.07249999987806,42.928611110782676
46077,11,2,-122.06805555543332,42.91972222189319
46078,11,2,-121.9980555554286,42.996388888565015
46079,11,2,-122.13805555543803,42.877499999668125
46080,11,2,-121.96138888875947,43.009722221899246
46081,11,2,-122.06805555543332,42.87416666633457
46082,11,2,-122.23805555544476,42.97861111078604
46083,11,2,-122.00916666654047,42.94305555522809
46084,11,2,-122.1880555554414,42.860833333000336
46085,11,2,-122.08805555543466,42.94638888856165
46086,11,2,-121.96583333320422,42.86972222188982
46087,11,2,-122.21249999988748,42.988611110786714
46088,11,2,-121.9980555554286,42.96972222189655
46089,11,2,-121.96138888875947,42.87083333300101
46090,11,2,-122.00138888876216,42.885277777446426
46091,11,2,-122.0536111109879,42.97638888856367
46092,11,2,-122.11805555543668,42.91972222189319
46093,11,2,-122.14249999988277,42.990833333009085
46094,11,2,-121.99138888876149,42.94972222189521
46095,11,2,-122.01805555542995,42.9030555552254
46096,11,2,-122.203611110998,42.98638888856434
46097,11,2,-121.9591666665371,42.877499999668125
46098,11,2,-122.12249999988143,42.88861111077998
46099,11,2,-122.08694444432348,42.86527777744508
46100,11,2,-121.98027777764963,42.996388888565015
46101,11,2,-122.18694444433021,42.89305555522473
46102,11,2,-122.05694444432146,42.934166666338605
46103,11,2,-121.982499999872,42.990833333009085
46104,11,2,-122.00249999987335,42.87305555522338
46105,11,2,-122.12916666654854,42.901944444114214
46106,11,2,-122.23805555544476,42.89861111078066
46107,11,2,-121.9747222220937,42.99527777745383
46108,11,2,-122.15027777766107,42.95972222189588
46109,11,2,-122.15361111099463,42.89972222189184
46110,11,2,-122.08805555543466,42.871944444112195
46111,11,2,-122.02361111098588,43.01083333301043
46112,11,2,-122.20027777766444,42.947499999672836
46113,11,2,-122.26472222211322,42.98083333300841
46114,11,2,-122.17472222210716,42.87305555522338
46115,11,2,-122.25472222211255,42.9897222218979
46116,11,2,-122.0147222220964,42.87416666633457
46117,11,2,-122.14916666654989,42.88416666633524
46118,11,2,-122.24583333322306,42.97861111078604
46119,11,2,-122.17583333321835,42.99194444412027
46120,11,2,-121.97138888876015,42.90083333300303
46121,11,2,-122.19027777766377,42.9741666663413
46122,11,2,-122.23027777766646,43.001944444120944
46123,11,2,-122.19916666655325,42.87083333300101
46124,11,2,-122.2347222221112,42.96749999967418
46125,11,2,-122.03694444432011,42.99861111078739
46126,11,2,-122.10027777765771,42.904166666336586
46127,11,2,-122.18694444433021,42.88861111077998
46128,11,2,-122.00472222209572,42.86194444411152
46129,11,1,-122.0769444443228,42.85972222188915
46130,11,2,-122.07249999987806,42.923055555226746
46131,11,2,-122.04361111098723,42.918611110782
46132,11,2,-122.11916666654787,42.94416666633928
46133,11,2,-122.13027777765973,42.934166666338605
46134,11,2,-122.20583333322037,42.95638888856232
46135,11,2,-122.21472222210986,42.94861111078402
46136,11,2,-122.24138888877832,42.89749999966947
46137,11,2,-122.21694444433223,43.00638888856569
46138,11,2,-122.18138888877428,42.871944444112195
46139,11,2,-122.20472222210918,42.87861111077931
46140,11,2,-122.17916666655191,42.96972222189655
46141,11,2,-121.9902777776503,43.001944444120944
46142,11,2,-122.1091666665472,42.901944444114214
46143,11,2,-121.97916666653845,42.977499999674855
46144,11,2,-122.25694444433492,42.87083333300101
46145,11,2,-122.04805555543197,42.98638888856434
46146,11,2,-122.20138888877563,42.858611110777964
46147,11,2,-122.18361111099665,42.901944444114214
46148,11,2,-121.95361111098117,42.904166666336586
46149,11,2,-122.01361111098521,43.009722221899246
46150,11,2,-122.15805555543938,43.01083333301043
46151,11,2,-121.98583333320556,42.97638888856367
46152,11,2,-122.03249999987537,42.983055555230784
46153,11,2,-122.15249999988345,43.01194444412162
46154,11,2,-122.2191666665546,42.88972222189117
46155,11,2,-122.17249999988479,42.97305555523011
46156,11,2,-122.03138888876418,42.94416666633928
46157,11,2,-122.19805555544207,42.91972222189319
46158,11,2,-122.04916666654316,42.89416666633591
46159,11,2,-121.98361111098319,42.901944444114214
46160,11,2,-122.2502777776678,42.909722221892515
46161,11,2,-122.25361111100136,42.89749999966947
46163,11,2,-122.05027777765434,42.89194444411354
46164,11,2,-121.97361111098252,42.860833333000336
46165,11,2,-122.25472222211255,42.958611110784695
46166,11,2,-121.98916666653912,42.85638888855559
46167,11,2,-122.07583333321162,42.95527777745114
46168,11,2,-122.23694444433357,42.890833333002355
46169,11,2,-122.10027777765771,42.9741666663413
46170,11,2,-121.95472222209236,42.98749999967553
46171,11,2,-122.1402777776604,42.96749999967418
46172,11,2,-122.01138888876284,42.93638888856098
46173,11,2,-122.12694444432617,42.96527777745181
46174,11,2,-122.18472222210784,42.88416666633524
46175,11,2,-122.18694444433021,42.97527777745248
46176,11,2,-122.18916666655258,42.97527777745248
46177,11,2,-122.04472222209841,42.95972222189588
46178,11,2,-122.19138888877495,42.92749999967149
46179,11,2,-121.9591666665371,42.90638888855896
46180,11,2,-122.12583333321498,42.98083333300841
46181,11,2,-122.1802777776631,42.91749999967082
46182,11,2,-122.21027777766511,42.93749999967216
46183,11,2,-122.19805555544207,42.89972222189184
46184,11,2,-122.08583333321229,42.9108333330037
46185,11,2,-121.98138888876082,42.985277777453156
46186,11,2,-121.95361111098117,43.001944444120944
46187,11,2,-122.02583333320825,42.9897222218979
46188,11,2,-121.95583333320354,42.97527777745248
46189,11,2,-122.2502777776678,42.86749999966745
46190,11,2,-122.15361111099463,42.98749999967553
46191,12,1,-122.155833333217,42.97083333300774
46192,12,1,-122.11138888876957,42.88194444411287
46194,12,1,-122.1713888887736,42.8874999996688
46195,12,1,-122.1880555554414,42.901944444114214
46196,12,1,-122.22249999988816,42.88861111077998
46197,12,1,-122.26138888877966,42.97972222189723
46198,12,1,-121.99249999987268,42.96861111078537
46199,12,1,-122.09472222210178,42.86861111077864
46200,12,1,-122.25694444433492,42.990833333009085
46201,12,1,-122.2191666665546,42.97638888856367
46202,12,1,-122.0691666665445,42.934166666338605
46203,12,1,-122.06583333321095,42.95972222189588
46204,12,1,-122.21249999988748,42.99861111078739
46205,12,1,-122.11138888876957,42.93638888856098
46206,12,1,-122.04805555543197,42.901944444114214
46207,12,1,-122.07361111098925,42.94861111078402
46208,12,1,-122.19027777766377,42.87305555522338
46209,12,1,-122.18249999988547,42.91749999967082
46210,12,1,-121.98361111098319,42.88972222189117
46211,12,1,-121.99249999987268,42.86749999966745
46212,12,1,-121.95583333320354,42.88083333300168
46213,12,1,-121.95805555542591,42.90527777744777
46214,12,1,-122.13138888877091,42.87305555522338
46215,12,1,-121.99583333320624,42.866388888556266
46216,12,1,-122.13694444432684,42.877499999668125
46217,12,1,-122.15694444432819,42.86194444411152
46218,12,1,-122.21805555544341,42.89194444411354
46219,12,1,-122.03472222209774,43.004166666343316
46220,12,1,-122.1880555554414,42.92749999967149
46221,12,1,-122.26027777766848,42.86972222188982
46222,12,1,-122.16583333321768,42.909722221892515
46223,12,1,-122.22027777766579,42.89194444411354
46224,12,1,-121.96583333320422,42.871944444112195
46225,12,1,-122.06694444432213,43.007499999676874
46226,12,1,-122.21694444433223,42.86194444411152
46227,12,1,-122.00249999987335,42.915277777448445
46228,12,1,-122.14916666654989,42.86305555522271
46229,12,1,-122.18916666655258,42.920833333004374
46230,12,1,-122.06361111098857,42.988611110786714
46231,12,1,-122.09916666654652,42.885277777446426
46232,12,1,-122.05805555543265,42.93861111078335
46233,12,1,-121.96027777764829,42.87083333300101
46234,12,1,-122.20694444433155,42.939722221894534
46235,12,1,-122.02361111098588,42.95527777745114
46236,12,1,-122.10583333321364,42.985277777453156
46237,12,1,-122.03138888876418,42.8874999996688
46238,12,1,-122.05027777765434,42.885277777446426
46239,12,1,-122.19138888877495,42.89416666633591
46240,12,1,-121.95361111098117,42.97638888856367
46241,12,1,-122.24027777766713,42.96972222189655
46242,12,1,-121.96472222209303,42.85638888855559
46243,12,1,-122.02138888876351,42.93638888856098
46244,12,1,-122.22027777766579,43.004166666343316
46245,12,1,-121.98916666653912,42.87083333300101
46246,12,1,-122.23805555544476,42.87305555522338
46247,12,1,-121.96249999987066,42.9897222218979
46248,12,1,-122.14361111099396,42.97972222189723
46249,12,1,-121.96249999987066,42.89861111078066
46250,12,1,-122.22361111099934,42.89305555522473
46251,12,1,-122.03472222209774,43.00861111078806
46252,12,1,-122.09805555543534,42.97083333300774
46253,12,1,-122.25694444433492,42.97638888856367
46254,12,1,-122.19249999988614,42.94305555522809
46255,12,1,-121.97916666653845,42.86749999966745
46256,12,1,-122.03138888876418,43.004166666343316
46257,12,1,-122.0847222221011,42.86305555522271
46258,12,1,-122.00472222209572,42.901944444114214
46259,12,1,-122.21027777766511,42.96194444411825
46260,12,1,-122.0147222220964,42.95638888856232
46261,12,1,-122.23916666655595,42.985277777453156
46262,12,1,-122.16249999988412,42.86527777744508
46263,12,1,-122.15472222210582,42.8874999996688
46264,12,1,-122.20249999988681,43.004166666343316
46265,12,1,-122.16805555544005,42.87527777744575
46266,12,1,-122.02916666654181,42.85638888855559
46267,12,1,-122.18916666655258,42.90527777744777
46268,12,1,-122.03249999987537,42.86972222188982
46269,12,1,-122.09249999987941,42.953055555228765
46270,12,1,-122.18916666655258,42.96527777745181
46271,12,1,-121.97583333320489,42.88861111077998
46272,12,1,-122.09249999987941,42.98416666634197
46273,12,1,-122.02361111098588,42.90861111078133
46274,12,1,-122.0536111109879,42.95972222189588
46275,12,1,-122.0069444443181,42.971944444118925
46276,12,1,-121.96138888875947,42.95194444411758
46277,12,1,-122.14583333321633,42.88194444411287
46278,12,1,-122.11249999988075,42.93083333300505
46279,12,1,-122.21027777766511,42.92749999967149
46280,12,1,-122.16249999988412,43.0052777774545
46281,12,1,-122.26361111100204,42.958611110784695
46282,12,1,-122.2502777776678,42.928611110782676
46283,12,1,-122.07249999987806,42.90861111078133
46284,12,1,-122.03249999987537,42.93083333300505
46285,12,1,-121.9513888887588,43.001944444120944
46286,12,1,-122.09916666654652,43.00305555523213
46287,12,1,-122.07805555543399,42.9974999996762
46288,12,1,-122.18916666655258,42.860833333000336
46289,12,1,-122.2113888887763,42.94861111078402
46290,12,1,-122.06361111098857,42.89861111078066
46291,12,1,-122.02583333320825,43.007499999676874
46292,12,1,-121.99472222209505,42.93749999967216
46293,12,1,-122.14472222210514,42.87638888855694
46294,12,1,-122.20027777766444,42.885277777446426
46295,12,1,-122.04805555543197,42.964166666340624
46296,12,1,-122.12916666654854,42.953055555228765
46297,12,1,-122.16138888877293,42.96861111078537
46298,12,1,-122.0536111109879,42.92194444411556
46299,12,1,-121.96027777764829,42.91749999967082
46300,12,1,-122.03472222209774,42.85749999966678
46301,12,1,-121.97027777764896,42.93861111078335
46302,12,1,-121.9747222220937,42.960833333007066
46303,12,1,-122.18138888877428,42.96861111078537
46304,12,1,-122.2502777776678,43.01194444412162
46305,12,1,-122.22249999988816,42.95194444411758
46306,12,1,-122.030277777653,42.9741666663413
46307,12,1,-122.13361111099329,42.964166666340624
46308,12,1,-122.08583333321229,42.915277777448445
46309,12,1,-122.04138888876486,42.971944444118925
46310,12,1,-122.12361111099261,42.89972222189184
46311,12,1,-122.26249999989085,42.864166666333894
46312,12,1,-121.98916666653912,42.947499999672836
46313,12,1,-121.9513888887588,42.99527777745383
46314,12,1,-122.13916666654922,42.87861111077931
46315,12,1,-122.06472222209976,42.953055555228765
46316,12,1,-121.97694444431608,42.94638888856165
46317,12,1,-122.05916666654383,42.89194444411354
46318,12,1,-122.11472222210313,42.89861111078066
46319,12,1,-121.98027777764963,42.945277777450464
46320,12,1,-122.05805555543265,42.923055555226746
46321,12,1,-122.02916666654181,42.918611110782
46322,12,1,-121.96472222209303,42.89305555522473
46323,12,1,-122.01027777765165,42.9897222218979
46324,12,1,-122.21583333322104,42.91638888855963
46325,12,1,-122.13472222210447,42.920833333004374
46326,12,1,-122.0224999998747,42.89305555522473
46327,12,1,-122.09249999987941,43.01194444412162
46328,12,1,-122.07805555543399,42.9030555552254
46329,12,1,-122.21361111099867,42.88638888855761
46330,12,1,-121.98694444431675,42.94861111078402
46331,12,1,-122.18694444433021,42.90083333300303
46332,12,1,-122.15138888877226,42.91749999967082
46333,12,1,-122.17694444432954,42.877499999668125
46334,12,1,-122.02805555543063,43.007499999676874
46335,12,1,-122.17249999988479,42.96194444411825
46336,12,1,-122.24027777766713,42.97972222189723
46337,12,1,-122.16027777766175,42.89194444411354
46338,12,1,-122.20694444433155,42.90638888855896
46339,12,1,-121.97361111098252,43.009722221899246
46340,12,1,-121.98027777764963,42.91749999967082
46341,12,1,-122.22138888877697,42.87083333300101
46342,12,1,-122.20916666655393,42.90083333300303
46343,12,1,-121.97249999987133,42.95194444411758
46344,12,1,-122.08027777765636,42.89972222189184
46345,12,1,-122.08138888876755,42.95638888856232
46346,12,1,-121.95805555542591,42.92527777744912
46347,12,1,-122.25361111100136,42.9741666663413
46348,12,1,-122.00027777765098,42.95194444411758
46349,12,1,-122.14249999988277,42.8952777774471
46350,12,1,-122.19027777766377,42.85638888855559
46351,12,1,-122.03916666654249,42.99416666634264
46353,12,1,-122.23805555544476,42.96972222189655
46354,12,1,-122.17583333321835,42.909722221892515
46355,12,1,-122.03138888876418,42.97527777745248
46356,12,1,-122.11138888876957,42.879722221890496
46357,12,1,-122.02027777765232,42.85638888855559
46358,12,1,-122.25249999989018,42.93194444411623
46359,12,1,-122.21583333322104,42.88638888855761
46360,12,1,-122.12583333321498,42.88638888855761
46361,12,1,-122.2269444443329,42.91749999967082
46362,12,1,-121.97694444431608,42.858611110777964
46363,12,1,-122.12694444432617,42.96972222189655
46364,12,1,-122.16805555544005,42.87305555522338
46365,12,1,-122.19249999988614,42.98638888856434
46366,12,1,-121.95805555542591,42.966388888562996
46367,12,1,-122.17027777766242,42.907499999670144
46368,12,1,-122.1958333332197,42.94861111078402
46369,12,1,-122.09472222210178,42.95083333300639
46370,12,1,-122.10694444432482,42.9897222218979
46371,12,1,-122.11805555543668,42.88083333300168
46372,12,1,-122.04138888876486,43.0052777774545
46373,12,1,-122.13694444432684,42.86861111077864
46374,12,1,-122.22472222211053,42.87416666633457
46375,12,1,-121.9669444443154,42.964166666340624
46376,12,1,-122.2424999998895,42.94416666633928
46377,12,1,-122.24583333322306,42.95972222189588
46378,12,1,-122.05805555543265,42.93083333300505
46379,12,1,-122.03138888876418,42.92972222189386
46380,12,1,-122.11583333321431,42.860833333000336
46381,12,1,-122.25361111100136,42.88861111077998
46382,12,1,-122.17027777766242,42.985277777453156
46383,12,1,-122.05472222209909,42.9030555552254
46384,12,1,-122.08138888876755,42.89194444411354
46386,12,1,-121.9902777776503,42.85749999966678
46387,12,1,-122.16027777766175,42.988611110786714
46388,12,1,-122.19805555544207,42.858611110777964
46389,12,1,-122.16027777766175,42.87305555522338
46390,12,1,-121.97138888876015,42.89749999966947
46391,12,1,-122.12249999988143,42.96527777745181
46392,12,1,-122.04694444432079,42.915277777448445
46393,12,1,-122.26027777766848,42.9897222218979
46394,12,1,-122.25472222211255,42.93083333300505
46395,12,1,-122.02472222209707,42.9108333330037
46396,12,1,-121.98361111098319,42.96749999967418
46397,12,1,-122.06805555543332,42.95638888856232
46398,12,1,-122.23916666655595,42.996388888565015
46399,12,1,-122.20472222210918,42.960833333007066
46400,12,1,-122.11583333321431,42.907499999670144
46401,12,1,-122.07249999987806,43.007499999676874
46402,12,1,-122.203611110998,43.01194444412162
46403,12,1,-121.98027777764963,42.95638888856232
46404,12,1,-122.11916666654787,42.85749999966678
46405,12,1,-122.24916666655662,42.98083333300841
46406,12,1,-122.07027777765569,43.00861111078806
46407,12,1,-122.26138888877966,42.87638888855694
46408,12,1,-122.17694444432954,42.89194444411354
46409,12,1,-122.01249999987402,42.934166666338605
46410,12,1,-121.98916666653912,42.866388888556266
46411,12,1,-122.0147222220964,42.88083333300168
46412,12,1,-122.0769444443228,42.92416666633793
46413,12,1,-122.1802777776631,42.97083333300774
46414,12,1,-122.13138888877091,42.983055555230784
46415,12,1,-122.14583333321633,42.86861111077864
46416,12,1,-122.1013888887689,42.93527777744979
46417,12,1,-121.95027777764761,43.001944444120944
46418,12,1,-122.01805555542995,42.89861111078066
46419,12,1,-122.20916666655393,42.920833333004374
46420,12,1,-122.16472222210649,42.99194444412027
46421,12,1,-121.9669444443154,43.009722221899246
46422,12,1,-122.1402777776604,42.98638888856434
46423,12,1,-121.97361111098252,42.95749999967351
46424,12,1,-121.97027777764896,42.93638888856098
46425,12,1,-121.96472222209303,42.94638888856165
46426,12,1,-122.05805555543265,42.93194444411623
46427,12,1,-122.07916666654518,42.93749999967216
46428,12,1,-122.12805555543736,42.92972222189386
46429,12,1,-121.96916666653777,42.94305555522809
46430,12,1,-122.05472222209909,42.920833333004374
46431,12,1,-122.1013888887689,42.93861111078335
46432,12,1,-122.17249999988479,42.98083333300841
46433,12,1,-122.14361111099396,42.96305555522944
46434,12,1,-122.25249999989018,42.88416666633524
46435,12,1,-122.1402777776604,42.9741666663413
46436,12,1,-122.203611110998,42.99305555523146
46437,12,1,-122.26138888877966,42.89861111078066
46438,12,1,-122.1880555554414,43.00305555523213
46439,12,1,-122.24805555544543,43.0052777774545
46440,12,1,-122.2502777776678,43.007499999676874
46441,12,1,-122.21583333322104,42.97083333300774
46442,12,1,-122.17027777766242,42.960833333007066
46443,12,1,-122.11805555543668,42.98083333300841
46444,12,1,-122.0458333332096,42.9108333330037
46445,12,1,-122.04916666654316,42.9897222218979
46446,12,1,-121.95361111098117,42.99194444412027
46447,12,1,-122.23249999988883,42.871944444112195
46448,12,1,-121.97583333320489,42.92194444411556
46449,12,1,-122.09694444432415,42.98749999967553
46450,12,1,-122.12361111099261,43.00083333300976
46451,12,1,-122.00361111098454,42.99305555523146
46452,12,1,-122.02361111098588,42.91749999967082
46453,12,1,-122.04138888876486,42.858611110777964
46454,12,1,-122.18472222210784,42.99416666634264
46455,12,1,-122.10472222210245,42.89194444411354
46456,12,1,-122.17361111099598,42.98083333300841
46457,12,1,-122.0147222220964,42.879722221890496
46458,12,1,-122.24472222211187,42.93527777744979
46459,12,1,-122.0458333332096,42.97638888856367
46460,12,1,-122.02583333320825,42.915277777448445
46461,12,1,-121.95027777764761,42.88194444411287
46462,12,1,-122.2113888887763,42.920833333004374
46463,12,1,-122.09472222210178,42.92527777744912
46464,12,1,-122.08805555543466,42.98749999967553
46465,12,1,-122.25249999989018,42.86749999966745
46466,12,1,-122.14916666654989,42.98749999967553
46467,12,1,-122.0458333332096,42.9030555552254
46468,12,1,-122.16138888877293,42.871944444112195
46469,12,1,-121.98361111098319,42.97305555523011
46470,12,1,-121.97694444431608,42.87305555522338
46471,12,1,-122.13027777765973,42.86861111077864
46472,12,1,-121.99694444431742,42.94972222189521
46473,12,1,-122.00249999987335,42.918611110782
46474,12,1,-122.17694444432954,42.9108333330037
46475,12,1,-122.24916666655662,43.01194444412162
46476,12,1,-122.19916666655325,42.90527777744777
46477,12,1,-122.14694444432752,42.98749999967553
46478,12,1,-122.2191666665546,42.97861111078604
46479,12,1,-122.03694444432011,42.85749999966678
46480,12,1,-122.24472222211187,42.92749999967149
46481,12,1,-122.030277777653,42.97972222189723
46482,12,1,-122.05138888876553,42.93861111078335
46483,12,1,-122.1247222221038,42.923055555226746
46484,12,1,-122.19138888877495,43.0052777774545
46485,12,1,-121.9991666665398,42.9819444441196
46486,12,1,-122.02916666654181,42.964166666340624
46487,12,1,-122.12916666654854,42.920833333004374
46488,12,1,-122.15694444432819,43.00861111078806
46489,12,1,-122.1169444443255,42.99972222189857
46490,12,1,-122.10027777765771,43.01194444412162
46491,12,1,-122.22472222211053,42.91749999967082
46492,12,1,-122.12583333321498,42.958611110784695
46493,12,1,-122.03249999987537,42.909722221892515
46494,12,1,-122.02472222209707,42.871944444112195
46495,12,1,-121.98138888876082,42.89305555522473
46496,12,1,-122.08027777765636,42.960833333007066
46497,12,1,-122.15916666655056,43.00638888856569
46498,12,1,-122.08694444432348,42.86749999966745
46499,12,1,-122.17361111099598,42.8952777774471
46500,12,1,-122.12361111099261,42.96527777745181
46501,12,1,-122.10805555543601,43.01083333301043
46502,12,1,-122.23805555544476,42.94972222189521
46503,12,1,-122.2269444443329,42.98083333300841
46504,12,1,-122.17249999988479,42.92527777744912
46505,12,1,-122.20249999988681,42.860833333000336
46506,12,1,-122.1880555554414,42.9974999996762
46507,12,1,-122.25361111100136,42.88083333300168
46508,12,1,-122.23249999988883,42.93861111078335
46509,12,1,-122.14916666654989,42.947499999672836
46510,12,1,-121.9669444443154,42.907499999670144
46511,12,1,-122.04027777765367,42.9819444441196
46512,12,1,-122.00472222209572,42.88972222189117
46513,12,1,-122.23583333322239,42.99861111078739
46514,12,1,-122.01027777765165,42.99416666634264
46515,12,1,-122.07027777765569,42.85749999966678
46516,12,1,-122.1802777776631,42.964166666340624
46517,12,1,-122.25361111100136,42.86972222188982
46518,12,1,-122.07138888876688,42.88083333300168
46519,12,1,-122.05583333321027,42.88416666633524
46520,12,1,-121.9513888887588,42.93638888856098
46521,12,1,-122.09805555543534,42.87083333300101
46522,12,1,-122.1713888887736,42.983055555230784
46523,12,1,-122.16916666655123,42.96972222189655
46524,12,1,-122.0613888887662,42.960833333007066
46525,12,1,-122.22249999988816,42.96972222189655
46526,12,1,-122.03249999987537,42.85749999966678
46527,12,1,-122.14138888877159,42.94972222189521
46528,12,1,-122.10249999988008,42.99972222189857
46529,12,1,-122.19138888877495,42.87305555522338
46530,12,1,-122.12138888877024,42.88861111077998
46531,12,1,-122.24694444433425,42.864166666333894
46532,12,1,-122.13138888877091,42.91194444411489
46533,12,1,-121.98694444431675,42.866388888556266
46534,12,1,-122.09249999987941,42.94972222189521
46535,12,1,-121.99249999987268,42.91749999967082
46536,12,1,-122.02361111098588,43.004166666343316
46537,12,1,-122.19805555544207,42.93749999967216
46538,12,1,-122.05805555543265,42.94972222189521
46539,12,1,-122.2424999998895,42.95972222189588
46540,12,1,-122.10249999988008,42.87638888855694
46541,12,1,-122.02805555543063,42.94638888856165
46542,12,1,-122.24916666655662,42.94416666633928
46543,12,1,-122.22472222211053,42.96861111078537
46544,12,1,-121.9747222220937,42.85749999966678
46545,12,1,-122.21694444433223,42.97972222189723
46546,12,1,-122.10361111099127,42.97972222189723
46547,12,1,-122.12138888877024,42.890833333002355
46548,12,1,-122.01361111098521,42.85749999966678
46549,12,1,-121.98472222209438,42.941944444116906
46550,12,1,-121.97583333320489,42.983055555230784
46551,12,1,-122.22583333322171,42.95416666633995
46552,12,1,-122.0536111109879,42.860833333000336
46553,12,1,-122.23361111100002,42.97305555523011
46554,12,1,-121.96027777764829,42.96305555522944
46555,12,1,-122.06694444432213,43.00083333300976
46556,12,1,-122.20027777766444,42.85972222188915
46557,12,1,-122.05694444432146,42.871944444112195
46558,12,1,-122.19472222210851,42.94083333300572
46559,12,1,-122.24694444433425,42.879722221890496
46560,12,1,-122.14583333321633,42.95416666633995
46561,12,1,-122.05027777765434,42.92527777744912
46562,12,1,-122.0224999998747,42.89416666633591
46563,12,1,-122.0069444443181,42.94416666633928
46564,12,1,-122.02027777765232,42.960833333007066
46565,12,1,-122.13805555543803,42.871944444112195
46566,12,1,-121.97027777764896,42.960833333007066
46567,12,1,-122.1802777776631,43.00083333300976
46568,12,1,-122.05805555543265,42.90638888855896
46569,12,1,-122.13694444432684,42.87416666633457
46570,12,1,-122.24916666655662,42.95527777745114
46571,12,1,-122.21027777766511,42.89305555522473
46572,12,1,-122.18583333321902,42.98749999967553
46573,12,1,-122.08694444432348,42.94861111078402
46574,12,1,-122.16249999988412,43.00083333300976
46575,12,1,-122.00916666654047,42.907499999670144
46576,12,1,-122.10583333321364,42.94638888856165
46577,12,1,-122.18361111099665,42.9819444441196
46578,12,1,-122.12805555543736,42.95416666633995
46579,12,1,-121.95472222209236,42.94972222189521
46580,12,1,-122.17472222210716,42.971944444118925
46581,12,1,-122.13916666654922,42.89972222189184
46582,12,1,-122.25249999989018,42.92194444411556
46583,12,1,-122.17694444432954,42.985277777453156
46584,12,1,-122.03916666654249,42.93749999967216
46585,12,1,-121.97027777764896,42.939722221894534
46586,12,1,-122.09249999987941,42.86861111077864
46587,12,1,-122.16916666655123,42.907499999670144
46588,12,1,-122.00916666654047,42.879722221890496
46589,12,1,-122.01027777765165,42.918611110782
46590,12,1,-122.09138888876822,42.9897222218979
46591,12,1,-122.17694444432954,42.996388888565015
46592,12,1,-122.17805555544072,42.91194444411489
46593,12,1,-122.19138888877495,42.95527777745114
46594,12,1,-122.10583333321364,42.926388888560304
46595,12,1,-122.06583333321095,42.94638888856165
46596,12,1,-122.04138888876486,42.95527777745114
46597,12,1,-122.09472222210178,42.88083333300168
46598,12,1,-122.25472222211255,42.85749999966678
46599,12,1,-122.16472222210649,42.95527777745114
46600,12,1,-122.00472222209572,42.93638888856098
46601,12,1,-122.25694444433492,42.93194444411623
46602,12,1,-122.12694444432617,42.98083333300841
46603,12,1,-122.22138888877697,42.953055555228765
46604,12,1,-122.00138888876216,42.93305555522742
46605,12,1,-122.26138888877966,42.95416666633995
46606,12,1,-122.00361111098454,43.01194444412162
46607,12,1,-122.05694444432146,42.98083333300841
46608,12,1,-121.97916666653845,43.00305555523213
46609,12,1,-122.0458333332096,42.958611110784695
46610,12,1,-122.02694444431944,42.94972222189521
46611,12,1,-122.14472222210514,42.96861111078537
46612,12,1,-122.03138888876418,42.89972222189184
46613,12,1,-122.10694444432482,42.93861111078335
46614,12,1,-122.23805555544476,42.88638888855761
46615,12,1,-122.15361111099463,42.87305555522338
46616,12,1,-122.14916666654989,42.958611110784695
46617,12,1,-122.15361111099463,42.87861111077931
46618,12,1,-122.14361111099396,42.953055555228765
46619,12,1,-122.04138888876486,42.966388888562996
46620,12,1,-122.11583333321431,42.95083333300639
46621,12,1,-122.08694444432348,42.90083333300303
46622,12,1,-122.14583333321633,42.94416666633928
46623,12,1,-122.25916666655729,42.98749999967553
46624,12,1,-122.02694444431944,42.9819444441196
46626,12,1,-122.21249999988748,42.904166666336586
46627,12,1,-122.19361111099732,42.985277777453156
46628,12,1,-122.0458333332096,43.00305555523213
46629,12,1,-122.22805555544409,42.988611110786714
46630,12,1,-121.98805555542793,42.9108333330037
46631,12,1,-122.26472222211322,42.918611110782
46632,12,1,-121.99138888876149,42.86305555522271
46633,12,1,-122.21694444433223,42.960833333007066
46634,12,1,-122.00027777765098,42.96749999967418
46635,12,1,-122.19361111099732,42.909722221892515
46636,12,1,-121.96805555542659,42.923055555226746
46637,12,1,-121.98694444431675,42.89861111078066
46638,12,1,-121.9902777776503,42.87305555522338
46639,12,1,-122.15805555543938,42.87305555522338
46640,12,1,-122.02583333320825,42.890833333002355
46641,12,1,-122.17249999988479,42.977499999674855
46642,12,1,-122.01361111098521,42.918611110782
46643,12,1,-122.15249999988345,42.86972222188982
46644,12,1,-122.03249999987537,42.860833333000336
46645,12,1,-122.19916666655325,42.89972222189184
46646,12,1,-122.20472222210918,42.97638888856367
46647,12,1,-122.01027777765165,42.91194444411489
46648,12,1,-122.05249999987672,42.983055555230784
46649,12,1,-122.08027777765636,43.00305555523213
46650,12,1,-121.97805555542726,42.904166666336586
46651,12,1,-122.05916666654383,43.01083333301043
46652,12,1,-122.17916666655191,42.89749999966947
46653,12,1,-122.15027777766107,42.926388888560304
46654,12,1,-122.18694444433021,42.95972222189588
46655,12,1,-122.13805555543803,42.928611110782676
46656,12,1,-122.26361111100204,42.87527777744575
46657,12,1,-122.06583333321095,42.94972222189521
46658,12,1,-122.13361111099329,42.85972222188915
46660,12,1,-122.20916666655393,42.966388888562996
46661,12,1,-122.203611110998,43.00638888856569
46662,12,1,-121.95249999986999,42.87638888855694
46663,12,1,-122.00916666654047,42.87527777744575
46664,12,1,-122.04472222209841,42.96749999967418
46665,12,1,-121.95694444431473,42.871944444112195
46666,12,1,-122.03694444432011,42.941944444116906
46667,12,1,-122.15249999988345,42.95972222189588
46668,12,1,-122.05138888876553,42.907499999670144
46669,12,1,-122.1402777776604,42.92972222189386
46670,12,1,-122.21249999988748,42.97638888856367
46671,12,1,-122.19805555544207,43.00638888856569
46672,12,1,-122.1247222221038,42.996388888565015
46673,12,1,-122.0536111109879,42.86749999966745
46674,12,1,-122.18583333321902,42.971944444118925
46675,12,1,-122.00361111098454,42.95638888856232
46676,12,1,-122.16694444432886,42.97305555523011
46677,12,1,-122.16472222210649,42.98638888856434
46678,12,1,-122.0613888887662,42.918611110782
46679,12,1,-122.13027777765973,42.92416666633793
46680,12,1,-122.07361111098925,42.977499999674855
46681,12,1,-122.06249999987739,42.89972222189184
46682,12,1,-122.24694444433425,42.88972222189117
46683,12,1,-122.12249999988143,42.9897222218979
46684,12,1,-121.9591666665371,42.97972222189723
46685,12,1,-122.14138888877159,42.96194444411825
46686,12,1,-122.13472222210447,42.89972222189184
