who,created_tick,moves,x,y
5450,12,1,-121.9513888887588,42.87416666633457
4282,9,4,-122.03472222209774,42.90083333300303
4298,9,4,-122.11916666654787,42.90083333300303
3017,7,6,-122.01805555542995,42.95638888856232
3962,8,5,-122.07361111098925,42.93638888856098
1149,3,10,-122.09138888876822,42.909722221892515
3766,8,5,-121.9591666665371,42.95083333300639
366,1,12,-122.19916666655325,42.928611110782676
820,2,11,-122.15138888877226,42.99972222189857
2528,6,7,-122.12361111099261,43.01194444412162
1730,4,9,-122.13472222210447,42.8952777774471
3449,7,6,-122.23694444433357,43.004166666343316
5667,12,1,-122.01249999987402,42.9897222218979
472,1,12,-122.03916666654249,42.88972222189117
1133,3,10,-122.15472222210582,42.947499999672836
2545,6,7,-122.01249999987402,42.95972222189588
4288,9,4,-122.12027777765906,42.96972222189655
1826,4,9,-122.15138888877226,42.920833333004374
1661,4,9,-122.06805555543332,42.85638888855559
4182,9,4,-122.23916666655595,42.93861111078335
2205,5,8,-121.9902777776503,42.86749999966745
2654,6,7,-122.16138888877293,43.009722221899246
1857,4,9,-122.03138888876418,43.00861111078806
116,1,12,-121.95027777764761,42.91638888855963
4460,10,3,-122.21472222210986,42.95083333300639
4901,10,3,-122.13916666654922,42.98416666634197
2905,6,7,-122.01249999987402,42.858611110777964
1569,4,9,-122.07027777765569,42.85749999966678
5718,12,1,-122.21361111099867,42.87416666633457
914,2,10,-121.95027777764761,42.96194444411825
1100,3,10,-122.08361111098992,42.920833333004374
4997,11,2,-122.09805555543534,42.96749999967418
5260,11,2,-122.06694444432213,42.94083333300572
2073,5,8,-122.01583333320758,42.966388888562996
1280,3,10,-122.19805555544207,42.85972222188915
5875,12,1,-121.97027777764896,42.860833333000336
4975,11,2,-122.0147222220964,42.9108333330037
4993,11,2,-122.26027777766848,42.8952777774471
3342,7,6,-122.22916666655527,42.96749999967418
1040,3,10,-122.19694444433088,42.95416666633995
2300,5,8,-121.97583333320489,43.01083333301043
3910,8,5,-122.2113888887763,42.92416666633793
2473,5,8,-122.24583333322306,42.86749999966745
470,1,12,-122.0224999998747,43.01083333301043
5321,11,2,-122.16805555544005,42.86194444411152
1862,4,9,-121.96472222209303,42.94083333300572
4062,9,4,-122.11138888876957,43.00861111078806
4998,11,2,-122.04472222209841,42.93861111078335
1424,3,10,-122.09249999987941,42.87083333300101
1846,4,9,-122.20583333322037,42.90083333300303
3408,7,6,-122.25472222211255,42.890833333002355
1783,4,9,-122.0936111109906,42.89194444411354
1319,3,10,-121.96138888875947,43.009722221899246
622,2,11,-122.22138888877697,42.966388888562996
5882,12,1,-122.26249999989085,42.866388888556266
4837,10,3,-122.24138888877832,42.96861111078537
5247,11,2,-121.96805555542659,42.996388888565015
2965,6,7,-122.02583333320825,42.890833333002355
1710,4,9,-121.96027777764829,42.89305555522473
1945,4,9,-122.08027777765636,42.94972222189521
5503,12,1,-122.16583333321768,42.8874999996688
276,1,12,-121.97805555542726,42.890833333002355
3096,7,6,-122.02805555543063,42.918611110782
1059,3,10,-122.20916666655393,42.93749999967216
1646,4,9,-122.02916666654181,42.947499999672836
1568,4,9,-122.11138888876957,42.945277777450464
626,2,11,-122.22249999988816,42.926388888560304
589,2,11,-122.19472222210851,42.928611110782676
2992,7,6,-122.20916666655393,42.99194444412027
5148,11,2,-122.19027777766377,42.87416666633457
5798,12,1,-122.05249999987672,42.94416666633928
5878,12,1,-122.01361111098521,42.93638888856098
1992,5,8,-122.04694444432079,42.91305555522607
4477,10,3,-122.12361111099261,43.01083333301043
1963,4,9,-122.19027777766377,42.896388888558285
4973,11,2,-121.99249999987268,42.90527777744777
3009,7,6,-122.22138888877697,43.0130555552328
1696,4,9,-122.03694444432011,43.00861111078806
3324,7,6,-122.21361111099867,42.91305555522607
3620,8,5,-122.12027777765906,42.92749999967149
4478,10,3,-122.13472222210447,42.90527777744777
694,2,11,-122.14694444432752,42.864166666333894
1976,4,9,-122.17805555544072,42.86972222188982
1749,4,9,-122.13694444432684,42.934166666338605
372,1,12,-122.09138888876822,42.88638888855761
5081,11,2,-121.99361111098386,43.01083333301043
917,2,11,-122.18583333321902,42.97638888856367
354,1,12,-122.13583333321566,42.91749999967082
1677,4,9,-122.16916666655123,42.99194444412027
1758,4,9,-122.09138888876822,42.91972222189319
631,2,11,-122.05249999987672,43.0052777774545
3280,7,6,-121.97916666653845,42.977499999674855
825,2,11,-122.10583333321364,42.918611110782
1965,4,9,-121.9991666665398,42.93749999967216
1579,4,9,-122.09472222210178,42.89194444411354
4820,10,3,-122.23249999988883,42.89972222189184
4885,10,3,-122.08583333321229,42.94305555522809
870,2,11,-121.97027777764896,42.93638888856098
4865,10,3,-122.21249999988748,42.88416666633524
1074,3,10,-122.03583333320893,42.87861111077931
212,1,12,-122.01805555542995,42.91749999967082
2241,5,8,-121.95027777764761,42.883055555224054
3753,8,5,-121.99361111098386,42.90638888855896
5666,12,1,-121.97138888876015,42.941944444116906
5390,11,2,-121.97916666653845,43.004166666343316
3296,7,6,-122.11472222210313,42.93638888856098
5532,12,1,-122.04916666654316,42.85972222188915
431,1,12,-121.97583333320489,43.004166666343316
1393,3,10,-121.95361111098117,43.0052777774545
4755,10,3,-121.98138888876082,42.860833333000336
5065,11,2,-122.15249999988345,42.99972222189857
1057,3,10,-121.98805555542793,42.901944444114214
3756,8,5,-122.13916666654922,42.91416666633726
2225,5,8,-122.20249999988681,42.88861111077998
3824,8,5,-122.13472222210447,42.94972222189521
2919,6,7,-122.11361111099194,42.9108333330037
553,2,11,-122.26361111100204,42.93861111078335
1064,3,10,-122.01694444431877,42.985277777453156
2962,6,7,-122.20249999988681,42.91416666633726
3430,7,6,-122.25472222211255,42.939722221894534
4853,10,3,-122.20694444433155,42.939722221894534
2078,5,8,-121.99138888876149,42.95749999967351
2720,6,5,-121.95027777764761,42.88638888855761
4265,9,4,-122.21027777766511,42.97638888856367
1321,3,10,-121.96138888875947,42.88638888855761
5902,12,1,-122.203611110998,42.923055555226746
2664,6,7,-122.23916666655595,42.92416666633793
605,2,8,-122.15138888877226,42.85638888855559
900,2,11,-122.12138888877024,42.934166666338605
4656,10,3,-121.9591666665371,42.996388888565015
4,1,12,-122.07027777765569,42.945277777450464
5158,11,2,-121.98583333320556,42.971944444118925
5702,12,1,-122.03694444432011,42.879722221890496
1658,4,9,-122.10694444432482,43.004166666343316
3386,7,6,-122.13472222210447,42.89305555522473
3761,8,5,-122.20249999988681,42.966388888562996
4544,10,3,-122.15249999988345,42.96972222189655
1378,3,10,-122.02583333320825,43.009722221899246
1821,4,9,-122.00249999987335,42.87083333300101
4540,10,3,-122.10027777765771,42.95972222189588
5837,12,1,-121.99472222209505,42.86972222188982
2975,7,6,-122.17472222210716,42.96194444411825
3928,8,5,-122.06249999987739,42.934166666338605
2349,5,8,-122.00583333320691,42.87527777744575
3351,7,6,-122.10805555543601,42.9108333330037
5451,12,1,-122.10583333321364,42.89861111078066
2026,5,8,-122.13361111099329,42.87305555522338
4023,9,4,-122.10805555543601,42.988611110786714
1521,4,9,-122.1247222221038,42.91416666633726
4688,10,3,-122.00916666654047,43.00305555523213
4732,10,3,-122.04805555543197,42.964166666340624
266,1,11,-122.22249999988816,42.89972222189184
4548,10,3,-122.20472222210918,42.89194444411354
5622,12,1,-121.97916666653845,42.95527777745114
107,1,12,-122.25249999989018,42.95416666633995
5880,12,1,-121.98361111098319,42.94416666633928
1585,4,7,-122.06694444432213,42.85638888855559
358,1,11,-122.07027777765569,42.85749999966678
1493,4,9,-122.02694444431944,42.98638888856434
5544,12,1,-122.15694444432819,42.93638888856098
2165,5,8,-122.11249999988075,42.90861111078133
60,1,12,-122.13583333321566,42.858611110777964
2904,6,7,-122.07249999987806,42.94638888856165
559,2,11,-122.06472222209976,42.88083333300168
2507,6,7,-122.1324999998821,42.9897222218979
3348,7,6,-122.00249999987335,42.9974999996762
1804,4,8,-122.11805555543668,42.858611110777964
5888,12,1,-122.03583333320893,42.86305555522271
5397,11,2,-122.07916666654518,42.990833333009085
3582,8,5,-121.95694444431473,43.00638888856569
4917,10,3,-122.21472222210986,42.99416666634264
4455,9,4,-122.04694444432079,42.915277777448445
4908,10,3,-122.01249999987402,42.87861111077931
1380,3,10,-122.22583333322171,42.87527777744575
3077,7,6,-122.16916666655123,42.871944444112195
5761,12,1,-122.03138888876418,42.90861111078133
5556,12,1,-122.25472222211255,42.85749999966678
3186,7,6,-122.20805555544274,42.966388888562996
1396,3,10,-122.09805555543534,43.007499999676874
5700,12,1,-122.01694444431877,42.95416666633995
705,2,11,-122.22249999988816,42.918611110782
2935,6,7,-122.13472222210447,42.87861111077931
4400,9,4,-122.19694444433088,42.890833333002355
4414,9,4,-122.2580555554461,42.89749999966947
3625,8,5,-122.23583333322239,42.890833333002355
5033,11,2,-121.98027777764963,42.93749999967216
4841,10,3,-121.97361111098252,42.96194444411825
5320,11,2,-122.03249999987537,42.94861111078402
4707,10,3,-122.19805555544207,42.91972222189319
5074,11,2,-122.14138888877159,42.885277777446426
2192,5,8,-122.04138888876486,42.94861111078402
2954,6,7,-122.15027777766107,42.953055555228765
5471,12,1,-122.25694444433492,42.86305555522271
4873,10,3,-122.07138888876688,42.88861111077998
483,1,12,-122.11249999988075,43.01083333301043
4780,10,3,-122.20694444433155,42.879722221890496
3839,8,5,-122.25138888877899,42.98638888856434
2847,6,7,-122.26249999989085,42.95638888856232
5416,11,2,-122.030277777653,42.966388888562996
3823,8,5,-121.99472222209505,42.90861111078133
833,2,11,-122.04916666654316,42.91416666633726
5868,12,1,-122.16694444432886,42.95416666633995
4753,10,3,-122.10361111099127,42.915277777448445
4793,10,3,-122.14361111099396,42.98083333300841
5120,11,2,-122.0069444443181,42.99416666634264
603,2,11,-122.12027777765906,42.8874999996688
5708,12,1,-122.24583333322306,43.009722221899246
4720,10,3,-122.18249999988547,42.96527777745181
360,1,12,-122.05138888876553,42.86194444411152
4278,9,4,-121.98138888876082,42.87638888855694
3842,8,5,-121.98583333320556,42.926388888560304
1035,3,10,-122.04916666654316,42.983055555230784
2198,5,8,-122.00916666654047,42.98749999967553
2575,6,7,-122.2113888887763,42.890833333002355
1032,3,10,-122.08027777765636,42.97527777745248
1009,3,10,-122.18138888877428,43.00083333300976
1796,4,9,-122.16916666655123,42.901944444114214
4606,10,3,-122.22583333322171,42.996388888565015
2018,5,8,-122.13805555543803,42.89194444411354
3668,8,5,-122.14472222210514,42.94416666633928
1016,3,10,-122.02916666654181,42.93305555522742
5530,12,1,-122.1091666665472,42.9897222218979
4157,9,4,-122.01361111098521,42.90083333300303
5425,11,2,-122.01805555542995,42.864166666333894
1356,3,10,-122.17472222210716,42.98416666634197
1874,4,9,-122.22583333322171,42.99194444412027
4694,10,3,-122.13138888877091,42.947499999672836
2901,6,7,-122.05027777765434,42.928611110782676
1205,3,10,-122.13694444432684,42.8952777774471
1768,4,9,-122.11916666654787,42.923055555226746
4101,9,4,-122.19361111099732,42.858611110777964
2586,6,7,-122.00138888876216,42.9974999996762
4918,10,3,-121.99138888876149,42.97527777745248
2052,5,8,-121.98916666653912,42.89749999966947
1697,4,9,-121.96027777764829,42.93305555522742
907,2,11,-122.26138888877966,42.95638888856232
4550,10,3,-122.20249999988681,43.00305555523213
1222,3,10,-122.0147222220964,42.98638888856434
5723,12,1,-122.15249999988345,42.95194444411758
4211,9,4,-122.18694444433021,42.877499999668125
1264,3,10,-121.99138888876149,42.86749999966745
1960,4,9,-122.23027777766646,42.97638888856367
2986,7,6,-122.02583333320825,43.0052777774545
4395,9,4,-121.95027777764761,42.88194444411287
3105,7,6,-122.12805555543736,42.95416666633995
3935,8,5,-122.06027777765502,42.960833333007066
3880,8,5,-122.1091666665472,42.86527777744508
1705,4,9,-122.25694444433492,42.879722221890496
416,1,12,-122.09583333321297,42.93527777744979
1773,4,9,-122.01916666654114,43.00861111078806
2605,6,7,-121.99694444431742,42.90638888855896
1454,3,10,-122.20805555544274,42.896388888558285
4663,10,3,-122.0936111109906,42.9741666663413
599,2,11,-121.95027777764761,42.96527777745181
4719,10,3,-122.01694444431877,42.95527777745114
2008,5,8,-122.11027777765838,42.91305555522607
1912,4,9,-122.22805555544409,42.918611110782
2709,6,7,-122.13472222210447,42.86194444411152
441,1,12,-122.13694444432684,42.926388888560304
3045,7,6,-121.95249999986999,42.918611110782
2959,6,7,-121.95472222209236,42.918611110782
1096,3,10,-122.22472222211053,42.93861111078335
813,2,11,-121.97249999987133,43.009722221899246
3510,8,5,-122.04249999987604,43.00861111078806
4994,11,2,-122.23138888877764,42.87861111077931
5819,12,1,-122.23916666655595,42.86749999966745
25,1,12,-122.1013888887689,42.93749999967216
5139,11,2,-121.95249999986999,42.87305555522338
5464,12,1,-122.15694444432819,42.85749999966678
5357,11,2,-121.99472222209505,42.93749999967216
292,1,12,-121.97138888876015,42.941944444116906
2047,5,8,-122.19694444433088,42.94305555522809
926,2,11,-122.2580555554461,42.8952777774471
2752,6,7,-122.1636111109953,42.864166666333894
5241,11,2,-122.09694444432415,42.871944444112195
3867,8,5,-122.09694444432415,42.95972222189588
2508,6,7,-122.08916666654585,42.945277777450464
850,2,11,-122.10472222210245,42.99972222189857
2647,6,7,-121.95472222209236,42.95194444411758
5163,11,2,-122.17027777766242,42.88861111077998
2897,6,7,-121.99138888876149,43.01194444412162
3548,8,5,-122.17805555544072,42.996388888565015
5128,11,2,-121.98583333320556,42.88194444411287
4481,10,3,-122.12583333321498,42.95527777745114
3883,8,5,-122.18361111099665,42.97527777745248
1110,3,10,-122.18694444433021,42.9741666663413
1586,4,9,-122.04916666654316,42.909722221892515
2621,6,7,-121.98027777764963,43.001944444120944
5547,12,1,-122.25694444433492,43.007499999676874
1168,3,10,-122.22916666655527,42.89861111078066
2079,5,8,-122.24583333322306,42.91749999967082
1026,3,10,-121.98583333320556,42.89972222189184
2316,5,8,-122.02916666654181,42.86305555522271
4359,9,4,-121.97361111098252,42.94083333300572
992,3,10,-122.02361111098588,43.00083333300976
939,2,11,-122.19027777766377,42.88861111077998
1799,4,9,-121.95361111098117,42.90527777744777
1946,4,9,-122.12694444432617,42.93527777744979
1729,4,9,-122.16138888877293,42.939722221894534
5429,11,2,-122.1958333332197,42.9974999996762
1870,4,9,-122.22027777766579,42.93527777744979
668,2,11,-122.09583333321297,43.01083333301043
3305,7,6,-122.02472222209707,42.95527777745114
4575,10,3,-122.15916666655056,42.947499999672836
2697,6,7,-122.02361111098588,42.95083333300639
3140,7,6,-121.9747222220937,42.9030555552254
3838,8,5,-122.20472222210918,42.964166666340624
5478,12,1,-122.01249999987402,43.00083333300976
4007,9,4,-122.1013888887689,42.934166666338605
5611,12,1,-122.11027777765838,43.00083333300976
2818,6,7,-122.01249999987402,42.94638888856165
1479,3,10,-122.16805555544005,42.86861111077864
3231,7,6,-122.1169444443255,42.85638888855559
3752,8,5,-122.2113888887763,43.007499999676874
3422,7,6,-122.22916666655527,42.977499999674855
3155,7,6,-122.07472222210043,43.001944444120944
2937,6,7,-122.1091666665472,42.923055555226746
4526,10,3,-121.99361111098386,43.0052777774545
168,1,12,-122.19027777766377,42.934166666338605
4721,10,3,-121.95694444431473,42.87861111077931
4109,9,4,-122.1402777776604,43.0130555552328
5933,12,1,-122.05694444432146,42.983055555230784
5448,12,1,-122.19027777766377,42.95194444411758
1371,3,10,-122.15249999988345,42.85749999966678
4731,10,3,-122.1091666665472,42.99861111078739
4011,9,4,-122.00916666654047,42.93527777744979
3758,8,5,-121.97138888876015,42.93749999967216
224,1,12,-122.24583333322306,42.93861111078335
4899,10,3,-122.13805555543803,42.89972222189184
467,1,12,-122.10583333321364,42.94305555522809
2677,6,7,-122.04138888876486,42.860833333000336
95,1,12,-122.155833333217,42.86305555522271
3062,7,6,-122.09027777765704,42.87416666633457
286,1,12,-122.13361111099329,42.85972222188915
2159,5,8,-122.155833333217,42.86194444411152
5479,12,1,-122.09694444432415,42.928611110782676
188,1,12,-122.07138888876688,42.96194444411825
5356,11,2,-122.26027777766848,42.87861111077931
2566,6,7,-122.22805555544409,42.877499999668125
3702,8,5,-122.155833333217,42.934166666338605
4790,10,3,-121.97916666653845,42.860833333000336
1815,4,9,-122.19805555544207,42.890833333002355
412,1,12,-122.21027777766511,43.004166666343316
1148,3,10,-121.9980555554286,42.996388888565015
636,2,11,-121.96249999987066,42.939722221894534
2279,5,8,-122.03472222209774,42.94972222189521
3966,9,4,-121.98361111098319,42.86749999966745
5517,12,1,-122.23361111100002,42.89749999966947
1089,3,10,-122.03916666654249,42.88416666633524
970,2,11,-122.20694444433155,42.96861111078537
2416,5,8,-122.2269444443329,42.91749999967082
1061,3,10,-121.95694444431473,42.8874999996688
2531,6,7,-121.98361111098319,42.964166666340624
1448,3,10,-122.24361111100069,42.95083333300639
5219,11,2,-121.98916666653912,42.91194444411489
2229,5,8,-122.1402777776604,42.966388888562996
1795,4,9,-121.99249999987268,42.94305555522809
1403,3,10,-122.11805555543668,42.85972222188915
5171,11,2,-122.22361111099934,42.977499999674855
3915,8,5,-122.15916666655056,42.89194444411354
3092,7,6,-122.04805555543197,42.90861111078133
1364,3,10,-122.05138888876553,42.9897222218979
2320,5,8,-122.0691666665445,42.85638888855559
4775,10,3,-121.99472222209505,42.99527777745383
1376,3,10,-121.96805555542659,42.95416666633995
4774,10,3,-122.13472222210447,42.87527777744575
4328,9,4,-122.03694444432011,42.88638888855761
652,2,11,-122.13916666654922,42.883055555224054
3985,9,4,-122.12138888877024,42.890833333002355
3361,7,6,-122.23916666655595,42.93194444411623
5870,12,1,-122.19249999988614,42.883055555224054
1492,4,9,-122.05472222209909,42.89305555522473
5610,12,1,-122.0769444443228,42.86749999966745
3024,7,6,-122.19138888877495,42.91749999967082
4670,10,3,-122.2113888887763,42.901944444114214
4808,10,3,-122.08805555543466,42.91638888855963
1200,3,10,-122.19805555544207,42.928611110782676
2907,6,7,-122.23027777766646,42.96749999967418
4366,9,4,-122.05583333321027,42.89305555522473
656,2,11,-122.23805555544476,42.93861111078335
1400,3,10,-122.18583333321902,42.983055555230784
5467,12,1,-122.02138888876351,42.990833333009085
5432,11,2,-122.05805555543265,42.86749999966745
720,2,11,-122.01027777765165,42.96972222189655
4764,10,3,-122.03472222209774,42.860833333000336
3541,8,5,-121.95027777764761,42.947499999672836
3147,7,6,-122.16583333321768,42.88638888855761
2775,6,7,-122.21361111099867,43.01194444412162
2303,5,8,-122.15805555543938,42.92527777744912
2043,5,8,-122.17916666655191,43.0052777774545
2408,5,8,-122.13805555543803,42.92416666633793
1178,3,10,-122.07361111098925,43.004166666343316
5210,11,2,-122.01249999987402,42.98638888856434
450,1,12,-122.18694444433021,42.87527777744575
522,2,11,-121.99694444431742,42.86861111077864
1181,3,10,-121.97249999987133,42.94083333300572
2930,6,7,-122.09249999987941,42.928611110782676
53,1,12,-122.04361111098723,42.87305555522338
5270,11,2,-122.26361111100204,42.89972222189184
5654,12,1,-122.19916666655325,42.95194444411758
2682,6,7,-122.10583333321364,42.89972222189184
533,2,11,-121.95027777764761,43.0052777774545
3555,8,5,-122.00249999987335,42.8874999996688
805,2,9,-122.24583333322306,42.93861111078335
664,2,11,-122.05138888876553,42.89305555522473
1519,4,8,-121.95027777764761,42.960833333007066
2476,5,8,-121.9902777776503,42.96972222189655
687,2,11,-121.96583333320422,43.004166666343316
1185,3,10,-121.95583333320354,42.883055555224054
3832,8,5,-122.08805555543466,42.918611110782
3236,7,6,-121.96583333320422,42.94083333300572
2074,5,8,-122.07805555543399,42.95972222189588
4180,9,3,-122.20583333322037,42.890833333002355
2480,6,7,-122.01027777765165,42.971944444118925
4262,9,4,-122.19694444433088,42.860833333000336
3447,7,6,-122.030277777653,42.953055555228765
4123,9,4,-122.04694444432079,42.86194444411152
4125,9,4,-122.24472222211187,42.95638888856232
3677,8,5,-122.05916666654383,42.98083333300841
161,1,12,-122.04249999987604,42.93638888856098
1231,3,10,-121.9902777776503,42.97527777745248
3730,8,5,-121.99583333320624,42.866388888556266
764,2,11,-122.1802777776631,42.97083333300774
2363,5,8,-121.98472222209438,42.99861111078739
1974,4,9,-122.2113888887763,42.88416666633524
260,1,11,-122.155833333217,42.866388888556266
4988,11,2,-122.21249999988748,42.93861111078335
1249,3,10,-122.15694444432819,43.00861111078806
3262,7,6,-122.20694444433155,42.99305555523146
3865,8,5,-122.07249999987806,42.9897222218979
5366,11,2,-121.98916666653912,42.941944444116906
357,1,12,-122.08027777765636,42.99527777745383
3458,7,6,-122.05694444432146,42.97305555523011
4392,9,4,-122.02805555543063,42.883055555224054
606,2,11,-122.02805555543063,42.86305555522271
311,1,12,-122.16027777766175,42.926388888560304
1157,3,10,-121.98805555542793,42.89972222189184
1238,3,10,-122.19694444433088,42.890833333002355
4249,9,4,-122.05916666654383,42.99416666634264
2348,5,8,-122.16694444432886,42.896388888558285
4867,10,3,-121.97027777764896,42.98749999967553
1257,3,10,-122.05249999987672,42.985277777453156
4321,9,4,-122.22583333322171,42.97083333300774
2045,5,8,-121.95249999986999,42.877499999668125
5767,12,1,-122.08138888876755,42.85972222188915
4070,9,4,-121.96249999987066,42.92416666633793
5811,12,1,-122.02916666654181,42.96749999967418
5422,11,2,-122.2191666665546,42.934166666338605
377,1,12,-121.99472222209505,42.90527777744777
1657,4,7,-121.9513888887588,42.91749999967082
1892,4,9,-122.19249999988614,43.00638888856569
4789,10,3,-122.08583333321229,42.871944444112195
4883,10,3,-122.0613888887662,42.99416666634264
5800,12,1,-122.1169444443255,42.879722221890496
3465,7,5,-122.06805555543332,42.85638888855559
943,2,11,-121.99249999987268,42.90638888855896
1128,3,10,-121.97583333320489,42.90638888855896
2184,5,8,-122.25249999989018,42.907499999670144
5926,12,1,-122.22138888877697,42.97972222189723
5362,11,2,-122.11361111099194,42.86972222188982
2356,5,8,-122.16805555544005,42.90083333300303
1230,3,10,-122.11916666654787,42.971944444118925
743,2,11,-122.11249999988075,42.907499999670144
3803,8,5,-122.23249999988883,42.96527777745181
4529,10,3,-122.05805555543265,42.90861111078133
174,1,12,-122.11027777765838,42.94861111078402
3707,8,5,-121.96027777764829,42.99194444412027
4953,11,2,-122.17361111099598,42.98416666634197
1793,4,9,-122.09916666654652,42.95638888856232
2050,5,8,-122.09472222210178,42.8874999996688
848,2,11,-122.0936111109906,42.94972222189521
5379,11,2,-122.05583333321027,42.90527777744777
4240,9,4,-121.95249999986999,42.94861111078402
5491,12,1,-122.10361111099127,42.945277777450464
5872,12,1,-122.0613888887662,42.96305555522944
2311,5,8,-122.1880555554414,42.8952777774471
1514,4,9,-122.155833333217,42.866388888556266
3228,7,6,-122.0224999998747,42.95194444411758
3030,7,6,-121.96249999987066,42.985277777453156
2005,5,8,-122.04361111098723,42.988611110786714
3612,8,5,-122.13361111099329,42.88194444411287
5852,12,1,-122.07027777765569,42.87416666633457
2655,6,7,-121.9902777776503,42.9741666663413
330,1,12,-122.0936111109906,42.95972222189588
4724,10,3,-122.030277777653,42.928611110782676
492,1,12,-122.02138888876351,42.91638888855963
4275,9,4,-121.96027777764829,42.89749999966947
2902,6,7,-122.18916666655258,42.920833333004374
3171,7,6,-122.10472222210245,42.89305555522473
5848,12,1,-122.14138888877159,42.988611110786714
5625,12,1,-122.0691666665445,42.885277777446426
5272,11,2,-122.02361111098588,42.94972222189521
1900,4,9,-122.24916666655662,42.98749999967553
2250,5,8,-122.15472222210582,42.93083333300505
2075,5,8,-122.12916666654854,42.8952777774471
3556,8,5,-122.25916666655729,42.95749999967351
3798,8,5,-122.17694444432954,42.97861111078604
5254,11,2,-122.10472222210245,42.94416666633928
2981,7,6,-122.09805555543534,42.953055555228765
3000,7,6,-122.13027777765973,42.98749999967553
4510,10,3,-122.25138888877899,42.87861111077931
5177,11,2,-122.19249999988614,42.860833333000336
3635,8,5,-122.09472222210178,42.93861111078335
4251,9,4,-122.12361111099261,42.91305555522607
2000,5,8,-122.1013888887689,42.93861111078335
1414,3,10,-121.99249999987268,42.97305555523011
3755,8,5,-122.17472222210716,42.996388888565015
753,2,11,-122.25361111100136,42.99972222189857
40,1,12,-122.02916666654181,42.87416666633457
5089,11,2,-122.19027777766377,42.860833333000336
209,1,12,-121.9980555554286,42.97527777745248
3444,7,6,-121.95694444431473,42.93749999967216
2156,5,8,-122.23361111100002,42.88638888855761
5314,11,2,-122.13583333321566,42.960833333007066
2578,6,7,-122.23916666655595,42.958611110784695
1881,4,9,-122.10361111099127,42.96527777745181
4734,10,3,-121.9902777776503,42.866388888556266
5522,12,1,-122.11138888876957,43.00638888856569
5069,11,2,-122.2424999998895,42.88416666633524
5874,12,1,-121.95027777764761,42.86972222188982
3329,7,6,-122.23027777766646,42.93861111078335
5144,11,2,-122.10249999988008,42.93083333300505
2386,5,8,-122.15694444432819,42.94638888856165
766,2,11,-122.12249999988143,42.8874999996688
4870,10,3,-122.03249999987537,42.923055555226746
5076,11,2,-122.23249999988883,42.91972222189319
1533,4,9,-122.06583333321095,42.92972222189386
343,1,12,-122.03361111098656,42.86749999966745
2451,5,8,-121.96583333320422,42.98749999967553
4367,9,4,-122.00916666654047,42.934166666338605
2477,5,8,-122.25249999989018,42.95638888856232
1529,4,9,-122.12361111099261,42.915277777448445
4762,10,3,-122.04916666654316,42.985277777453156
1386,3,8,-122.24361111100069,42.896388888558285
3218,7,6,-122.23138888877764,42.934166666338605
4284,9,4,-121.98694444431675,42.91416666633726
5385,11,2,-122.24916666655662,43.00861111078806
1678,4,9,-121.95583333320354,42.996388888565015
3737,8,5,-122.15694444432819,42.94861111078402
1269,3,10,-122.07027777765569,42.964166666340624
4519,10,3,-122.0936111109906,42.92749999967149
3366,7,6,-122.21472222210986,42.915277777448445
219,1,11,-122.20138888877563,42.890833333002355
4068,9,4,-122.11472222210313,42.98638888856434
4574,10,3,-122.04361111098723,42.93305555522742
2666,6,7,-122.13583333321566,42.85638888855559
3007,7,6,-122.19805555544207,42.996388888565015
2774,6,7,-121.97027777764896,42.8952777774471
2029,5,8,-122.1402777776604,42.96527777745181
4665,10,3,-122.11916666654787,43.00305555523213
5147,11,2,-122.18138888877428,42.96972222189655
2701,6,7,-122.01361111098521,42.896388888558285
2400,5,8,-122.13472222210447,42.85749999966678
2280,5,8,-122.23916666655595,43.00083333300976
2420,5,8,-122.155833333217,42.94305555522809
2113,5,8,-122.155833333217,42.86194444411152
5696,12,1,-122.11027777765838,42.926388888560304
674,2,11,-121.95583333320354,42.85749999966678
3307,7,6,-122.07361111098925,42.88083333300168
4416,9,4,-122.13916666654922,42.964166666340624
4686,10,3,-122.20472222210918,42.87861111077931
3998,9,4,-122.07361111098925,42.92194444411556
1193,3,10,-121.9513888887588,42.99972222189857
14,1,12,-122.20583333322037,42.96527777745181
5097,11,2,-121.9747222220937,42.985277777453156
5352,11,2,-122.21583333322104,42.97861111078604
3217,7,6,-122.203611110998,42.89972222189184
5721,12,1,-121.97805555542726,42.885277777446426
12,1,12,-122.23694444433357,42.92194444411556
5361,11,2,-122.06027777765502,42.97527777745248
5334,11,2,-122.08138888876755,42.95527777745114
428,1,12,-122.22361111099934,42.87416666633457
5536,12,1,-122.17249999988479,42.94972222189521
2242,5,8,-122.203611110998,42.97638888856367
4235,9,4,-122.20805555544274,42.953055555228765
1429,3,10,-122.0069444443181,42.89416666633591
4675,10,3,-122.13805555543803,42.871944444112195
4626,10,3,-122.05472222209909,43.01083333301043
2651,6,7,-122.21472222210986,42.99305555523146
1124,3,10,-121.97583333320489,42.988611110786714
3087,7,6,-122.03916666654249,42.93527777744979
2187,5,8,-122.08138888876755,42.915277777448445
5248,11,2,-122.01361111098521,42.94416666633928
5925,12,1,-122.26472222211322,42.858611110777964
1596,4,9,-122.13805555543803,42.947499999672836
808,2,11,-121.95805555542591,42.92527777744912
3888,8,5,-122.13694444432684,42.89972222189184
3517,8,5,-122.05694444432146,42.93527777744979
4442,9,4,-122.0458333332096,42.947499999672836
3466,7,6,-122.06027777765502,42.99194444412027
426,1,12,-121.982499999872,42.928611110782676
5894,12,1,-122.15138888877226,42.88194444411287
1007,3,10,-121.97583333320489,43.00638888856569
1506,4,9,-122.10027777765771,42.97083333300774
2275,5,8,-122.07916666654518,43.004166666343316
3610,8,5,-121.98138888876082,42.977499999674855
1541,4,9,-122.19361111099732,42.94416666633928
1953,4,9,-122.11138888876957,42.966388888562996
4465,10,3,-122.22249999988816,42.97861111078604
2882,6,7,-122.17027777766242,42.95083333300639
4059,9,4,-122.1958333332197,42.928611110782676
2793,6,7,-122.1013888887689,42.92194444411556
1336,3,10,-122.21805555544341,42.871944444112195
5080,11,2,-122.10472222210245,42.95083333300639
207,1,12,-121.95027777764761,42.915277777448445
4286,9,4,-122.19027777766377,42.89749999966947
4074,9,4,-122.08694444432348,42.97638888856367
2433,5,8,-122.18583333321902,42.901944444114214
1236,3,10,-122.19249999988614,42.9974999996762
4128,9,4,-122.18472222210784,42.92527777744912
2561,6,7,-122.13583333321566,42.99527777745383
4241,9,4,-122.08805555543466,43.00861111078806
378,1,12,-122.10805555543601,43.001944444120944
4887,10,3,-121.9513888887588,42.91749999967082
3558,8,5,-122.13361111099329,42.89749999966947
3424,7,6,-121.95583333320354,42.879722221890496
3810,8,5,-122.01805555542995,42.958611110784695
3881,8,5,-122.2580555554461,42.97972222189723
5751,12,1,-122.20249999988681,42.860833333000336
3317,7,6,-121.97027777764896,42.95527777745114
5149,11,2,-122.16249999988412,42.87305555522338
222,1,12,-122.11805555543668,42.96527777745181
5695,12,1,-122.22805555544409,42.99527777745383
4545,10,3,-121.98361111098319,42.87638888855694
392,1,12,-121.95361111098117,42.9974999996762
3371,7,6,-121.96027777764829,42.985277777453156
5663,12,1,-122.13138888877091,42.87416666633457
2406,5,8,-122.23805555544476,42.86527777744508
961,2,11,-122.11249999988075,42.934166666338605
5350,11,2,-122.16249999988412,42.939722221894534
1392,3,10,-121.96138888875947,42.89194444411354
1563,4,9,-122.20694444433155,42.89972222189184
942,2,11,-122.20472222210918,42.99527777745383
2521,6,7,-122.24361111100069,42.9974999996762
5308,11,2,-121.95583333320354,42.99527777745383
5207,11,2,-122.02583333320825,42.86305555522271
4949,10,3,-122.17916666655191,42.885277777446426
2879,6,7,-121.95694444431473,42.89194444411354
3298,7,6,-122.09027777765704,42.960833333007066
5758,12,1,-122.00805555542928,43.01194444412162
2858,6,7,-122.2113888887763,42.93749999967216
1557,4,9,-122.05472222209909,42.86194444411152
1198,3,10,-122.24805555544543,42.9974999996762
3629,8,5,-122.1880555554414,42.89749999966947
1183,3,10,-121.96583333320422,42.95416666633995
2785,6,7,-122.03361111098656,42.9030555552254
3994,9,4,-122.13916666654922,42.885277777446426
1845,4,9,-122.17361111099598,42.945277777450464
930,2,11,-122.26249999989085,42.990833333009085
4086,9,4,-122.23249999988883,43.004166666343316
3362,7,6,-121.95027777764761,42.88416666633524
100,1,12,-122.2191666665546,43.009722221899246
5098,11,2,-122.11138888876957,42.90861111078133
5192,11,2,-122.04916666654316,42.96749999967418
2927,6,7,-122.14361111099396,42.9974999996762
4078,9,4,-121.96805555542659,43.01194444412162
2881,6,7,-122.16138888877293,42.890833333002355
5043,11,2,-122.21249999988748,42.904166666336586
4811,10,3,-122.03249999987537,42.86305555522271
2481,6,7,-122.2424999998895,42.926388888560304
4347,9,4,-122.08583333321229,42.93305555522742
2007,5,8,-122.13472222210447,42.93083333300505
1943,4,9,-122.24583333322306,42.93861111078335
1927,4,9,-122.23805555544476,42.915277777448445
1792,4,9,-121.98694444431675,42.941944444116906
3143,7,6,-122.0224999998747,42.877499999668125
1335,3,10,-122.16027777766175,42.89305555522473
5707,12,1,-122.10694444432482,43.001944444120944
3136,7,6,-122.12583333321498,42.95416666633995
5305,11,2,-122.21249999988748,42.86305555522271
4144,9,4,-122.02361111098588,42.95638888856232
3094,7,6,-122.11361111099194,42.94416666633928
1082,3,10,-122.23805555544476,42.88638888855761
4459,10,3,-122.0458333332096,42.91305555522607
5548,12,1,-122.18138888877428,42.96305555522944
4121,9,4,-122.01583333320758,42.901944444114214
4429,9,4,-121.95249999986999,42.91638888855963
2982,7,6,-121.99138888876149,42.941944444116906
4470,10,3,-122.11249999988075,43.001944444120944
1491,4,9,-122.05694444432146,42.9819444441196
2819,6,7,-122.17805555544072,43.00083333300976
556,2,11,-121.98361111098319,42.91416666633726
5324,11,2,-122.08694444432348,42.95749999967351
4537,10,3,-121.97916666653845,42.858611110777964
1126,3,10,-122.17583333321835,42.996388888565015
1243,3,10,-121.96805555542659,42.89194444411354
1922,4,9,-122.02916666654181,43.009722221899246
4974,11,2,-122.05916666654383,43.007499999676874
4200,9,4,-122.05805555543265,42.871944444112195
3926,8,5,-122.08361111098992,42.86305555522271
2613,6,7,-122.1880555554414,42.92749999967149
3003,7,6,-121.98916666653912,42.939722221894534
5618,12,1,-122.22472222211053,42.87861111077931
165,1,12,-122.10249999988008,42.92749999967149
5938,12,1,-122.05583333321027,42.871944444112195
3694,8,5,-122.09472222210178,42.88638888855761
4907,10,3,-122.01249999987402,42.89305555522473
3091,7,5,-122.07916666654518,42.860833333000336
3326,7,6,-122.06361111098857,42.93083333300505
5907,12,1,-122.01027777765165,42.91749999967082
283,1,12,-122.15138888877226,43.004166666343316
5176,11,2,-122.15027777766107,42.98416666634197
4772,10,3,-122.11249999988075,42.8952777774471
2206,5,8,-122.08027777765636,42.96861111078537
3663,8,5,-122.25138888877899,42.93527777744979
560,2,11,-122.2191666665546,42.96305555522944
2609,6,7,-122.00583333320691,42.89194444411354
5058,11,2,-122.18249999988547,43.00861111078806
3426,7,6,-122.26138888877966,42.990833333009085
1053,3,10,-122.24694444433425,42.93861111078335
5815,12,1,-121.97138888876015,42.953055555228765
1265,3,10,-122.0936111109906,42.947499999672836
5214,11,2,-122.21472222210986,42.99972222189857
3848,8,5,-122.155833333217,42.8874999996688
119,1,12,-122.19138888877495,43.00083333300976
3890,8,5,-122.16249999988412,42.864166666333894
4598,10,3,-122.23249999988883,42.88861111077998
353,1,11,-122.13472222210447,42.85749999966678
788,2,11,-122.11027777765838,42.96194444411825
2876,6,7,-122.1713888887736,42.941944444116906
2396,5,8,-122.01805555542995,42.926388888560304
51,1,12,-122.16583333321768,42.95527777745114
2875,6,7,-122.12361111099261,42.97305555523011
2612,6,7,-122.06694444432213,42.923055555226746
3655,8,5,-122.00027777765098,42.866388888556266
2338,5,8,-122.02361111098588,42.87416666633457
1782,4,9,-122.04027777765367,42.87083333300101
225,1,12,-122.24472222211187,42.93749999967216
4984,11,2,-121.99472222209505,42.896388888558285
4131,9,4,-121.99472222209505,43.00083333300976
4122,9,4,-121.9980555554286,42.99861111078739
44,1,12,-122.05583333321027,42.9974999996762
922,2,11,-122.26138888877966,42.958611110784695
208,1,12,-122.10694444432482,42.99527777745383
3907,8,5,-122.05694444432146,42.94861111078402
1948,4,9,-122.13805555543803,42.91638888855963
1334,3,10,-121.9902777776503,42.86972222188982
3525,8,5,-122.18916666655258,42.89749999966947
1010,3,10,-122.14472222210514,42.996388888565015
1866,4,9,-121.97805555542726,42.95194444411758
299,1,12,-122.23583333322239,42.88861111077998
4044,9,4,-122.05694444432146,42.93861111078335
2590,6,6,-122.21361111099867,42.890833333002355
4971,11,2,-122.21805555544341,42.97861111078604
3682,8,5,-121.98694444431675,42.86749999966745
3192,7,6,-122.24583333322306,42.92749999967149
4159,9,4,-121.98694444431675,42.8952777774471
2898,6,7,-122.01027777765165,42.8952777774471
2025,5,8,-122.26138888877966,42.990833333009085
1598,4,9,-122.24694444433425,42.95527777745114
3341,7,6,-122.11249999988075,42.97527777745248
4155,9,4,-122.12027777765906,42.91305555522607
86,1,12,-122.0769444443228,42.93861111078335
4924,10,3,-121.97805555542726,42.877499999668125
91,1,12,-122.0691666665445,42.879722221890496
250,1,12,-122.22805555544409,42.93861111078335
2843,6,7,-122.2269444443329,42.958611110784695
2301,5,8,-122.22472222211053,42.87416666633457
2351,5,8,-122.10805555543601,42.86527777744508
45,1,12,-121.97249999987133,42.9897222218979
5890,12,1,-122.24694444433425,42.90527777744777
2214,5,8,-122.17472222210716,42.953055555228765
2957,6,7,-122.1324999998821,42.947499999672836
3119,7,6,-122.22027777766579,42.941944444116906
1220,3,10,-122.22138888877697,42.86749999966745
827,2,11,-122.02472222209707,42.860833333000336
4194,9,4,-122.20472222210918,42.860833333000336
2823,6,7,-122.07472222210043,42.94083333300572
2201,5,8,-122.23027777766646,42.99416666634264
2049,5,8,-122.09916666654652,42.87861111077931
5025,11,2,-121.99472222209505,42.92194444411556
1463,3,10,-121.98472222209438,42.964166666340624
3127,7,6,-121.99138888876149,42.866388888556266
5078,11,2,-122.04694444432079,42.918611110782
1303,3,10,-122.19027777766377,43.004166666343316
1860,4,9,-122.11027777765838,42.960833333007066
593,2,11,-122.07472222210043,42.93638888856098
1984,5,8,-122.18249999988547,42.92972222189386
5578,12,1,-122.08583333321229,43.004166666343316
2730,6,7,-121.99361111098386,42.95527777745114
3492,8,5,-122.22249999988816,42.977499999674855
3535,8,5,-122.06694444432213,42.90638888855896
5285,11,2,-121.97916666653845,42.904166666336586
2467,5,8,-122.26249999989085,42.95416666633995
2151,5,8,-121.9591666665371,42.98416666634197
1683,4,9,-122.23805555544476,42.885277777446426
2218,5,8,-122.00805555542928,42.94972222189521
3398,7,6,-122.23694444433357,42.88861111077998
4467,10,3,-122.1713888887736,42.98083333300841
2574,6,7,-122.22138888877697,42.934166666338605
968,2,11,-121.96138888875947,42.98638888856434
4576,10,3,-121.97138888876015,42.93861111078335
2375,5,7,-121.97694444431608,42.85638888855559
3982,9,4,-122.14583333321633,42.99305555523146
3786,8,5,-121.98694444431675,42.901944444114214
334,1,12,-122.26027777766848,42.93861111078335
2611,6,7,-121.99694444431742,42.934166666338605
3698,8,5,-122.21249999988748,42.91416666633726
3108,7,6,-122.16583333321768,42.909722221892515
2256,5,8,-122.03694444432011,42.89416666633591
4210,9,4,-122.09249999987941,42.88194444411287
5106,11,2,-121.96472222209303,42.94861111078402
4558,10,3,-122.1169444443255,42.866388888556266
5698,12,1,-122.04138888876486,42.934166666338605
1221,3,10,-121.98916666653912,42.92527777744912
474,1,12,-122.09916666654652,42.87416666633457
1286,3,10,-122.21361111099867,42.86972222188982
4162,9,4,-122.20694444433155,42.86194444411152
5267,11,2,-122.01694444431877,42.96305555522944
4230,9,4,-122.22027777766579,42.94083333300572
3989,9,4,-122.0613888887662,42.97305555523011
2009,5,8,-122.13805555543803,42.966388888562996
1944,4,9,-122.0536111109879,42.87083333300101
1437,3,10,-122.01583333320758,42.96972222189655
4705,10,3,-122.23583333322239,42.95638888856232
5127,11,2,-121.95361111098117,42.87527777744575
4333,9,4,-122.15361111099463,42.97527777745248
461,1,12,-122.03138888876418,42.97861111078604
1248,3,10,-122.07583333321162,42.947499999672836
2108,5,8,-122.01694444431877,43.009722221899246
4028,9,4,-122.01583333320758,42.96861111078537
3472,8,5,-121.97138888876015,43.009722221899246
4156,9,4,-122.0069444443181,42.877499999668125
2446,5,8,-122.20805555544274,42.91416666633726
963,2,11,-121.97249999987133,43.0130555552328
4897,10,3,-122.09916666654652,43.007499999676874
3554,8,5,-122.00027777765098,42.885277777446426
245,1,12,-121.9513888887588,42.877499999668125
2354,5,8,-121.95027777764761,42.94638888856165
1203,3,10,-122.19361111099732,42.99194444412027
4136,9,4,-122.09805555543534,42.91972222189319
1601,4,9,-122.09916666654652,42.971944444118925
2485,6,7,-122.06805555543332,42.92749999967149
5371,11,2,-122.1247222221038,42.94638888856165
960,2,11,-122.24027777766713,42.91749999967082
4003,9,4,-121.9591666665371,42.91638888855963
5581,12,1,-122.20138888877563,42.9030555552254
1955,4,9,-122.25916666655729,42.939722221894534
3921,8,5,-122.2424999998895,42.93861111078335
4339,9,4,-122.19361111099732,42.871944444112195
3596,8,5,-122.06249999987739,42.9030555552254
1956,4,9,-122.02805555543063,42.87527777744575
3137,7,6,-122.13138888877091,42.94638888856165
993,3,10,-122.11361111099194,42.920833333004374
1314,3,10,-122.03583333320893,42.858611110777964
3027,7,6,-121.95583333320354,42.91749999967082
3965,9,4,-122.16694444432886,42.88861111077998
2984,7,5,-122.22916666655527,42.890833333002355
2689,6,7,-122.1713888887736,42.97638888856367
3252,7,6,-122.02138888876351,42.858611110777964
2118,5,8,-121.982499999872,43.00638888856569
4184,9,4,-122.15472222210582,43.00083333300976
1086,3,8,-122.21805555544341,42.88972222189117
4831,10,3,-122.17583333321835,42.87083333300101
5580,12,1,-122.155833333217,42.93638888856098
3891,8,5,-122.17916666655191,42.945277777450464
197,1,9,-122.2424999998895,42.89194444411354
5201,11,2,-121.95805555542591,42.91749999967082
5653,12,1,-122.16916666655123,42.86527777744508
1715,4,9,-122.20027777766444,42.99416666634264
5036,11,2,-122.03138888876418,42.985277777453156
4063,9,4,-122.2191666665546,42.90083333300303
5492,12,1,-121.96472222209303,42.88861111077998
1629,4,9,-121.98694444431675,42.96972222189655
3463,7,6,-121.9747222220937,43.00638888856569
4982,11,2,-122.02361111098588,42.920833333004374
1779,4,9,-122.01027777765165,42.98749999967553
1551,4,9,-122.16249999988412,42.92972222189386
1536,4,9,-121.96583333320422,43.0130555552328
274,1,12,-122.18472222210784,42.9897222218979
114,1,12,-122.0936111109906,42.93527777744979
4201,9,4,-122.13583333321566,42.93861111078335
4579,10,3,-122.09472222210178,42.871944444112195
2299,5,8,-122.07027777765569,42.923055555226746
3290,7,6,-122.1880555554414,42.885277777446426
4319,9,4,-122.07583333321162,42.97638888856367
399,1,12,-121.9513888887588,42.87638888855694
3125,7,6,-122.11472222210313,43.00305555523213
4747,10,3,-122.16138888877293,42.86527777744508
3409,7,6,-121.9902777776503,42.934166666338605
5395,11,2,-121.95472222209236,42.87083333300101
4105,9,4,-121.99583333320624,42.971944444118925
223,1,12,-122.24805555544543,42.8952777774471
1070,3,10,-122.22472222211053,42.91749999967082
621,2,10,-122.13472222210447,42.858611110777964
1445,3,10,-122.08916666654585,42.93749999967216
1255,3,10,-122.04249999987604,42.94861111078402
1486,4,9,-122.26138888877966,42.9897222218979
253,1,12,-121.9902777776503,42.95972222189588
4708,10,3,-122.02138888876351,42.92194444411556
1455,3,10,-121.982499999872,43.004166666343316
2617,6,7,-122.19361111099732,42.964166666340624
4934,10,3,-122.23138888877764,42.99416666634264
2717,6,7,-121.96027777764829,42.95083333300639
2227,5,8,-122.17361111099598,42.97861111078604
4148,9,4,-121.9669444443154,42.89416666633591
4635,10,3,-122.25361111100136,42.85972222188915
3131,7,6,-122.22805555544409,42.88083333300168
5457,12,1,-122.11583333321431,42.93861111078335
4219,9,4,-122.20249999988681,42.93194444411623
2564,6,7,-122.15472222210582,42.953055555228765
3770,8,5,-121.97027777764896,42.93527777744979
5901,12,1,-122.06361111098857,42.90083333300303
3469,8,5,-122.00916666654047,42.89416666633591
5041,11,2,-122.26361111100204,42.96527777745181
4320,9,4,-121.98027777764963,42.977499999674855
3622,8,5,-122.16916666655123,42.966388888562996
4531,10,3,-122.26249999989085,42.95527777745114
4195,9,4,-121.9902777776503,42.89972222189184
1119,3,10,-122.2269444443329,42.88972222189117
3964,9,4,-122.07361111098925,42.92972222189386
2821,6,7,-122.030277777653,43.01083333301043
2409,5,8,-122.19138888877495,42.92527777744912
5004,11,2,-121.95361111098117,42.99305555523146
1748,4,9,-122.17472222210716,42.920833333004374
888,2,11,-122.14249999988277,42.9974999996762
1075,3,10,-122.21361111099867,43.00861111078806
4482,10,3,-122.13583333321566,42.947499999672836
5808,12,1,-122.16138888877293,42.928611110782676
186,1,12,-122.09249999987941,42.95416666633995
5476,12,1,-121.99583333320624,42.85638888855559
268,1,12,-122.21583333322104,42.88972222189117
3047,7,6,-122.09249999987941,42.934166666338605
2292,5,8,-122.02805555543063,42.88638888855761
417,1,12,-121.96027777764829,42.890833333002355
4819,10,3,-122.06027777765502,42.9030555552254
5060,11,2,-122.0380555554313,42.93527777744979
5015,11,2,-122.26027777766848,42.87527777744575
2518,6,7,-121.97916666653845,42.91305555522607
1518,4,9,-122.0458333332096,42.939722221894534
1000,3,10,-122.19027777766377,43.0130555552328
2336,5,8,-122.03249999987537,42.99527777745383
239,1,12,-122.18916666655258,43.01194444412162
534,2,10,-122.20472222210918,42.890833333002355
829,2,11,-122.0613888887662,42.901944444114214
3419,7,6,-122.1013888887689,42.94416666633928
2105,5,8,-122.00583333320691,42.85638888855559
5904,12,1,-121.9513888887588,43.0130555552328
1780,4,9,-122.14472222210514,42.920833333004374
4711,10,3,-122.20472222210918,42.90083333300303
3530,8,5,-122.26138888877966,42.87638888855694
3531,8,5,-122.11138888876957,42.9108333330037
3158,7,5,-121.99249999987268,42.866388888556266
909,2,11,-122.05916666654383,42.93749999967216
3969,9,4,-122.04472222209841,42.93749999967216
4569,10,3,-122.11472222210313,42.9108333330037
1923,4,9,-122.24361111100069,42.95638888856232
2949,6,7,-122.23583333322239,42.86305555522271
1190,3,10,-122.1880555554414,42.91972222189319
1574,4,9,-122.00805555542928,42.98749999967553
957,2,11,-121.97583333320489,42.9030555552254
5686,12,1,-122.0613888887662,42.93638888856098
308,1,12,-122.00583333320691,42.97305555523011
4297,9,4,-121.9980555554286,43.01083333301043
5431,11,2,-122.21249999988748,42.96749999967418
1615,4,9,-122.15249999988345,42.92527777744912
4677,10,3,-122.14583333321633,42.98416666634197
3205,7,6,-122.0536111109879,42.97638888856367
41,1,12,-122.1091666665472,42.90861111078133
4702,10,3,-122.203611110998,42.941944444116906
5209,11,2,-122.203611110998,42.985277777453156
277,1,12,-122.23249999988883,42.94416666633928
291,1,9,-122.20249999988681,42.89194444411354
702,2,11,-122.26027777766848,42.99194444412027
4287,9,4,-122.23916666655595,42.93305555522742
625,2,11,-122.22805555544409,42.89194444411354
1501,4,9,-122.25249999989018,42.90861111078133
3751,8,5,-121.99138888876149,42.93861111078335
3234,7,6,-122.03249999987537,42.91194444411489
4325,9,4,-122.11361111099194,42.97527777745248
1140,3,10,-121.99138888876149,42.94083333300572
2615,6,7,-122.20694444433155,42.93527777744979
2607,6,7,-122.22249999988816,42.86861111077864
5232,11,2,-122.22027777766579,42.99416666634264
931,2,11,-122.25472222211255,42.93861111078335
4024,9,4,-122.11916666654787,42.93638888856098
5332,11,2,-122.10027777765771,42.90861111078133
2912,6,6,-122.23805555544476,42.89194444411354
1361,3,10,-122.00027777765098,42.95194444411758
969,2,11,-122.00472222209572,42.9974999996762
536,2,11,-122.0691666665445,42.92416666633793
3722,8,5,-122.24027777766713,42.92527777744912
4699,10,3,-121.97361111098252,42.95527777745114
5112,11,2,-122.13027777765973,42.960833333007066
1966,4,9,-121.96027777764829,42.89194444411354
4029,9,4,-122.21805555544341,42.91749999967082
267,1,12,-122.1636111109953,42.89972222189184
1641,4,8,-121.95027777764761,42.93749999967216
3353,7,6,-122.0147222220964,42.860833333000336
1531,4,9,-122.07361111098925,42.96305555522944
4152,9,4,-122.22916666655527,43.001944444120944
1381,3,10,-121.98138888876082,42.89194444411354
4778,10,3,-122.18583333321902,42.98083333300841
1762,4,9,-121.95249999986999,42.93749999967216
3734,8,5,-122.03694444432011,42.858611110777964
140,1,12,-121.95583333320354,43.007499999676874
5389,11,2,-122.09472222210178,42.915277777448445
2729,6,7,-122.20138888877563,42.99194444412027
4741,10,3,-122.17583333321835,43.00638888856569
3676,8,5,-122.11583333321431,42.923055555226746
2217,5,8,-122.21249999988748,42.915277777448445
3634,8,5,-122.13472222210447,42.9974999996762
5373,11,2,-122.1013888887689,42.9030555552254
4669,10,3,-121.98472222209438,42.9030555552254
752,2,11,-122.11583333321431,42.93083333300505
3933,8,5,-121.95694444431473,42.94972222189521
4304,9,4,-121.97916666653845,42.85638888855559
696,2,11,-122.03472222209774,42.90527777744777
4923,10,3,-122.22027777766579,42.86861111077864
3219,7,5,-122.24027777766713,42.89194444411354
199,1,12,-121.96583333320422,42.89416666633591
5009,11,2,-122.2347222221112,42.89972222189184
4726,10,3,-122.24027777766713,42.89749999966947
5340,11,2,-121.95027777764761,42.958611110784695
509,2,11,-121.98694444431675,42.94638888856165
5553,12,1,-122.25583333322373,42.89972222189184
2970,7,6,-122.0069444443181,42.85638888855559
2439,5,8,-121.98361111098319,43.00083333300976
3851,8,5,-122.15138888877226,42.98749999967553
3044,7,6,-122.22583333322171,42.87861111077931
1642,4,9,-122.09138888876822,42.86972222188982
616,2,11,-122.2347222221112,42.920833333004374
2191,5,8,-122.2580555554461,42.99416666634264
1858,4,9,-122.01027777765165,43.00305555523213
4315,9,4,-121.9669444443154,42.93861111078335
5118,11,2,-122.26027777766848,42.90527777744777
642,2,11,-122.23361111100002,42.947499999672836
546,2,11,-121.95472222209236,42.93749999967216
777,2,11,-121.98694444431675,42.91749999967082
5447,12,1,-122.20805555544274,42.86194444411152
102,1,12,-122.12583333321498,42.95194444411758
936,2,11,-122.23138888877764,42.88194444411287
4627,10,3,-122.15361111099463,42.91972222189319
1337,3,10,-122.03138888876418,42.98749999967553
5843,12,1,-122.0069444443181,42.89861111078066
1273,3,10,-122.05472222209909,42.901944444114214
783,2,11,-122.21583333322104,42.96305555522944
5741,12,1,-122.01027777765165,42.918611110782
2747,6,7,-121.99138888876149,42.90638888855896
3512,8,5,-122.1169444443255,42.92972222189386
5752,12,1,-122.00027777765098,42.97305555523011
3073,7,6,-122.10249999988008,42.920833333004374
1263,3,10,-122.14249999988277,42.91972222189319
2610,6,7,-122.05249999987672,42.871944444112195
2179,5,8,-122.11805555543668,42.91749999967082
1607,4,9,-122.24472222211187,42.918611110782
5534,12,1,-122.05027777765434,42.88972222189117
5656,12,1,-122.17583333321835,42.890833333002355
2190,5,8,-122.16583333321768,42.864166666333894
4528,10,3,-122.12583333321498,42.91305555522607
673,2,11,-122.1169444443255,42.91638888855963
2659,6,7,-122.22805555544409,42.92972222189386
1689,4,9,-121.9591666665371,42.99194444412027
2455,5,8,-122.06805555543332,42.99527777745383
2806,6,7,-122.02805555543063,43.00861111078806
3872,8,5,-122.09583333321297,42.93638888856098
2761,6,7,-122.1958333332197,42.85749999966678
2002,5,8,-122.24694444433425,42.996388888565015
1109,3,10,-122.06805555543332,42.91972222189319
420,1,12,-122.17805555544072,42.87083333300101
747,2,11,-122.07805555543399,42.964166666340624
980,2,11,-122.09916666654652,42.87527777744575
2152,5,8,-122.0069444443181,42.99527777745383
5031,11,2,-122.24027777766713,42.93527777744979
2335,5,8,-122.05916666654383,42.93861111078335
2596,6,7,-122.06027777765502,42.97305555523011
1562,4,9,-122.02472222209707,42.96749999967418
4952,10,3,-122.1636111109953,42.89861111078066
1282,3,10,-122.09138888876822,42.87083333300101
3884,8,5,-122.17583333321835,42.923055555226746
4969,11,2,-121.97805555542726,42.91972222189319
2456,5,8,-121.95027777764761,42.88083333300168
4985,11,2,-122.15027777766107,42.947499999672836
2252,5,8,-121.95249999986999,42.93638888856098
2558,6,7,-122.25249999989018,43.00305555523213
4657,10,3,-122.19916666655325,42.947499999672836
5018,11,2,-122.16916666655123,42.97638888856367
2247,5,8,-122.11805555543668,42.85749999966678
1770,4,9,-121.95027777764761,42.93083333300505
5223,11,2,-122.24583333322306,42.864166666333894
1535,4,9,-121.98694444431675,42.977499999674855
3381,7,6,-122.19138888877495,42.8952777774471
3645,8,5,-122.04472222209841,42.918611110782
4293,9,4,-121.96805555542659,42.90083333300303
3539,8,5,-121.9902777776503,42.939722221894534
1171,3,10,-122.02583333320825,42.858611110777964
4383,9,4,-121.99472222209505,42.9741666663413
2838,6,7,-122.03249999987537,42.90861111078133
3010,7,6,-122.07027777765569,42.858611110777964
3183,7,6,-122.13916666654922,42.89194444411354
3114,7,6,-121.97583333320489,42.907499999670144
5236,11,2,-122.20694444433155,43.00305555523213
1776,4,9,-122.09249999987941,42.923055555226746
435,1,12,-122.0458333332096,43.00861111078806
2129,5,8,-122.00361111098454,42.87083333300101
193,1,12,-122.22583333322171,42.99416666634264
3869,8,5,-122.26249999989085,42.89861111078066
3292,7,6,-121.9513888887588,42.879722221890496
4621,10,3,-121.98472222209438,42.9897222218979
4053,9,4,-122.02805555543063,42.98416666634197
5499,12,1,-122.18472222210784,42.92749999967149
5592,12,1,-121.96916666653777,42.94305555522809
1785,4,9,-122.01694444431877,42.896388888558285
1876,4,9,-122.1480555554387,42.99861111078739
978,2,11,-122.01027777765165,43.01194444412162
1038,3,10,-122.02583333320825,42.8874999996688
1644,4,9,-122.08805555543466,42.958611110784695
2571,6,7,-122.16472222210649,42.86861111077864
4118,9,4,-122.12361111099261,42.89861111078066
373,1,12,-121.95694444431473,42.88638888855761
5737,12,1,-122.19472222210851,42.92972222189386
2115,5,8,-122.12361111099261,42.94416666633928
3069,7,6,-122.15916666655056,42.86861111077864
795,2,11,-121.97694444431608,42.90861111078133
3630,8,5,-122.20583333322037,42.94083333300572
5777,12,1,-122.09472222210178,42.88416666633524
5797,12,1,-122.1169444443255,42.95638888856232
1037,3,10,-122.03361111098656,42.94638888856165
4283,9,4,-122.20916666655393,42.92527777744912
2639,6,7,-122.13472222210447,42.95749999967351
728,2,11,-122.11472222210313,42.85749999966678
4151,9,4,-122.25916666655729,42.95638888856232
4386,9,4,-122.03138888876418,42.945277777450464
5428,11,2,-121.9513888887588,42.95527777745114
2850,6,7,-122.17249999988479,42.871944444112195
2865,6,7,-122.25138888877899,42.890833333002355
1202,3,10,-122.05027777765434,42.87638888855694
78,1,12,-122.19361111099732,42.88972222189117
1839,4,9,-122.14138888877159,42.93194444411623
3833,8,5,-121.96249999987066,42.92749999967149
2185,5,8,-122.1713888887736,42.86972222188982
282,1,12,-122.030277777653,42.983055555230784
4126,9,4,-122.23916666655595,42.89194444411354
1682,4,9,-122.25361111100136,42.99861111078739
369,1,12,-122.19805555544207,42.96749999967418
5258,11,2,-121.95472222209236,42.8874999996688
1260,3,10,-121.97694444431608,43.001944444120944
854,2,11,-121.97361111098252,43.00638888856569
4553,10,3,-122.16027777766175,42.8874999996688
3049,7,6,-122.22472222211053,42.93749999967216
2197,5,8,-122.12805555543736,42.92527777744912
1932,4,9,-122.07805555543399,42.94861111078402
5804,12,1,-122.16138888877293,42.9819444441196
459,1,12,-122.23361111100002,42.966388888562996
5427,11,2,-122.08916666654585,42.86861111077864
147,1,12,-122.25249999989018,42.93861111078335
1910,4,9,-122.0147222220964,42.928611110782676
1199,3,10,-122.11361111099194,42.86749999966745
2756,6,7,-122.1324999998821,42.88416666633524
632,2,11,-122.23694444433357,42.890833333002355
5842,12,1,-122.10583333321364,42.966388888562996
121,1,12,-122.03583333320893,43.00861111078806
5646,12,1,-121.96805555542659,42.87305555522338
1833,4,9,-122.11805555543668,42.85972222188915
4331,9,4,-122.04361111098723,42.92749999967149
5181,11,2,-122.21694444433223,42.858611110777964
111,1,12,-121.98694444431675,42.99972222189857
3606,8,5,-122.22805555544409,42.95972222189588
5330,11,2,-122.22472222211053,42.97861111078604
5093,11,2,-122.0936111109906,42.86972222188982
1542,4,9,-122.04805555543197,42.983055555230784
4256,9,4,-122.030277777653,42.988611110786714
2741,6,7,-121.9513888887588,42.8874999996688
2922,6,7,-122.08916666654585,42.86527777744508
1292,3,10,-121.97694444431608,42.90638888855896
3923,8,5,-122.0691666665445,42.95527777745114
2095,5,8,-122.17583333321835,42.99305555523146
562,2,11,-121.97027777764896,42.93749999967216
1962,4,9,-122.08249999987873,42.945277777450464
1703,4,9,-122.24027777766713,42.866388888556266
3297,7,6,-121.99472222209505,42.87416666633457
2687,6,7,-122.14249999988277,43.007499999676874
3085,7,6,-122.13694444432684,42.88194444411287
511,2,9,-121.99138888876149,42.860833333000336
4216,9,4,-122.04916666654316,42.8952777774471
723,2,11,-122.01694444431877,42.98416666634197
1125,3,10,-122.17916666655191,43.00305555523213
796,2,11,-121.98805555542793,42.99972222189857
1313,3,10,-122.19472222210851,42.99972222189857
1015,3,10,-122.16027777766175,43.01194444412162
4005,9,4,-122.2424999998895,42.92527777744912
4607,10,3,-122.12583333321498,42.94416666633928
108,1,12,-122.1802777776631,42.99861111078739
1971,4,9,-121.95472222209236,42.99194444412027
704,2,11,-122.23361111100002,42.91972222189319
4469,10,3,-122.13027777765973,42.91638888855963
3986,9,4,-122.0536111109879,42.901944444114214
5259,11,2,-122.01361111098521,42.95749999967351
4745,10,3,-122.15361111099463,42.85972222188915
5540,12,1,-122.06583333321095,42.90527777744777
4456,9,4,-121.96583333320422,42.97305555523011
4080,9,4,-122.0769444443228,42.93305555522742
665,2,11,-122.1402777776604,43.001944444120944
5286,11,2,-122.06805555543332,42.904166666336586
4566,10,3,-122.0769444443228,42.91305555522607
3897,8,5,-122.21472222210986,42.91749999967082
946,2,11,-122.01916666654114,42.91416666633726
2422,5,8,-121.96138888875947,42.98083333300841
3221,7,6,-121.97583333320489,42.90527777744777
3488,8,5,-122.06583333321095,42.88083333300168
1325,3,10,-122.1013888887689,42.990833333009085
653,2,11,-122.12361111099261,42.923055555226746
5917,12,1,-122.06249999987739,42.945277777450464
3581,8,5,-122.03694444432011,42.971944444118925
3078,7,6,-122.04805555543197,43.00638888856569
1894,4,9,-122.2269444443329,42.96972222189655
3660,8,5,-122.0936111109906,42.88972222189117
5529,12,1,-122.06583333321095,43.007499999676874
1170,3,10,-122.07916666654518,42.99861111078739
3033,7,6,-122.1324999998821,42.96527777745181
3896,8,5,-122.17805555544072,42.934166666338605
5493,12,1,-122.10361111099127,42.909722221892515
4826,10,3,-122.00805555542928,42.89416666633591
2340,5,8,-122.19472222210851,42.92749999967149
5889,12,1,-122.05694444432146,43.00083333300976
1281,3,10,-122.01138888876284,42.97083333300774
941,2,11,-121.96361111098184,43.00083333300976
804,2,11,-122.08138888876755,42.860833333000336
4622,10,3,-122.08249999987873,42.88638888855761
5662,12,1,-122.00027777765098,42.99972222189857
5845,12,1,-122.09583333321297,42.926388888560304
5188,11,2,-122.01027777765165,42.983055555230784
4871,10,3,-122.08694444432348,42.866388888556266
480,1,12,-121.98916666653912,42.960833333007066
1850,4,9,-122.10805555543601,42.93083333300505
3498,8,5,-121.96027777764829,42.88083333300168
541,2,11,-121.95472222209236,43.00861111078806
1226,3,9,-121.982499999872,42.85638888855559
1929,4,9,-122.16694444432886,42.86972222188982
2582,6,7,-122.02805555543063,42.89305555522473
1063,3,10,-122.0458333332096,42.93083333300505
1512,4,9,-122.08027777765636,42.996388888565015
3491,8,5,-122.14583333321633,42.99416666634264
5619,12,1,-122.04805555543197,42.90861111078133
973,2,11,-122.1324999998821,42.97861111078604
1259,3,10,-122.2347222221112,42.88083333300168
2209,5,8,-122.11249999988075,42.86861111077864
4639,10,3,-122.16805555544005,42.904166666336586
5775,12,1,-122.12916666654854,42.860833333000336
2062,5,8,-122.24472222211187,42.97861111078604
3919,8,5,-122.19694444433088,42.92749999967149
1823,4,9,-122.03916666654249,42.87638888855694
1384,3,10,-121.96249999987066,43.009722221899246
5560,12,1,-122.21805555544341,42.88972222189117
1957,4,9,-121.9513888887588,42.8874999996688
1460,3,10,-122.0691666665445,42.92972222189386
2712,6,7,-122.1636111109953,42.93305555522742
5568,12,1,-122.15916666655056,42.885277777446426
500,2,11,-122.2191666665546,42.96861111078537
1156,3,10,-121.95694444431473,43.009722221899246
1561,4,9,-122.07027777765569,42.85638888855559
709,2,11,-122.0536111109879,42.95749999967351
4323,9,4,-122.0691666665445,42.909722221892515
1465,3,10,-121.9513888887588,42.88638888855761
2505,6,7,-122.17805555544072,42.88861111077998
1019,3,10,-121.9902777776503,42.85638888855559
934,2,11,-122.13027777765973,42.93527777744979
3129,7,6,-122.25694444433492,42.871944444112195
1,1,12,-122.01805555542995,42.86305555522271
3433,7,6,-121.9747222220937,42.88972222189117
2839,6,7,-122.03472222209774,42.94861111078402
3604,8,5,-122.10249999988008,42.96527777745181
2909,6,7,-122.11249999988075,42.95527777745114
5331,11,2,-122.18583333321902,42.960833333007066
2226,5,8,-121.98138888876082,43.00638888856569
646,2,11,-122.04027777765367,42.890833333002355
2939,6,7,-122.06027777765502,42.934166666338605
2859,6,7,-122.01249999987402,42.988611110786714
1847,4,9,-122.20694444433155,42.95194444411758
4714,10,3,-121.99694444431742,42.877499999668125
1558,4,9,-122.07805555543399,42.97638888856367
2494,6,7,-122.13805555543803,42.88194444411287
3533,8,5,-122.02138888876351,42.953055555228765
4645,10,3,-122.05583333321027,42.928611110782676
3720,8,5,-122.12694444432617,42.95972222189588
3268,7,6,-122.00027777765098,42.95638888856232
385,1,12,-122.10583333321364,42.95194444411758
5415,11,2,-122.02805555543063,42.9974999996762
5496,12,1,-122.09027777765704,42.99861111078739
3678,8,5,-122.1880555554414,42.87527777744575
3653,8,5,-122.15027777766107,42.883055555224054
3775,8,5,-122.07805555543399,42.934166666338605
2520,6,7,-121.98138888876082,43.00305555523213
4187,9,4,-122.00472222209572,42.87305555522338
2893,6,7,-122.14361111099396,42.96527777745181
5511,12,1,-122.16583333321768,42.907499999670144
5229,11,2,-121.98916666653912,42.871944444112195
444,1,12,-122.21249999988748,42.96305555522944
4485,10,3,-122.0936111109906,42.87638888855694
4350,9,4,-121.96249999987066,42.966388888562996
647,2,11,-122.1091666665472,43.01083333301043
3789,8,5,-122.25694444433492,42.87416666633457
842,2,11,-122.02805555543063,42.91638888855963
5736,12,1,-121.95583333320354,42.871944444112195
2157,5,8,-122.07916666654518,42.966388888562996
1576,4,9,-122.21472222210986,42.96194444411825
2487,6,7,-121.98916666653912,42.86972222188982
4963,11,2,-122.03472222209774,42.960833333007066
5102,11,2,-122.04361111098723,42.88416666633524
4631,10,3,-122.25472222211255,43.0052777774545
3153,7,6,-122.18249999988547,42.89749999966947
202,1,12,-121.96916666653777,42.8952777774471
3927,8,5,-122.02694444431944,42.860833333000336
5862,12,1,-122.18249999988547,43.00305555523213
2868,6,7,-122.0936111109906,42.87083333300101
4017,9,4,-121.96472222209303,42.86194444411152
1214,3,10,-122.19694444433088,42.88972222189117
1606,4,9,-122.24694444433425,42.97861111078604
1186,3,10,-121.9980555554286,42.9741666663413
2807,6,7,-122.0069444443181,42.89305555522473
3999,9,4,-122.13694444432684,42.879722221890496
4436,9,4,-122.04916666654316,42.877499999668125
2147,5,8,-122.14249999988277,43.0052777774545
4272,9,4,-121.98138888876082,42.91305555522607
296,1,12,-122.04138888876486,43.00638888856569
5239,11,2,-121.96027777764829,42.971944444118925
3975,9,4,-122.18249999988547,42.89972222189184
159,1,12,-122.07361111098925,42.941944444116906
3742,8,5,-122.16138888877293,42.904166666336586
493,1,12,-122.03916666654249,42.883055555224054
3256,7,6,-122.07249999987806,42.860833333000336
246,1,12,-122.15361111099463,42.95194444411758
2306,5,8,-122.03583333320893,42.90083333300303
3902,8,5,-122.06361111098857,42.879722221890496
1449,3,10,-122.20472222210918,42.890833333002355
1146,3,10,-122.14361111099396,42.86749999966745
1421,3,10,-122.04694444432079,42.860833333000336
3778,8,5,-121.9980555554286,42.93861111078335
4034,9,4,-122.07138888876688,42.95083333300639
5335,11,2,-122.18361111099665,42.89972222189184
3972,9,4,-122.10805555543601,42.971944444118925
3250,7,6,-122.26249999989085,42.88083333300168
2961,6,7,-122.05805555543265,42.904166666336586
2419,5,8,-122.04694444432079,42.988611110786714
2337,5,8,-122.13027777765973,42.91305555522607
3080,7,6,-122.17583333321835,42.918611110782
231,1,12,-122.12805555543736,42.91638888855963
2343,5,8,-121.95249999986999,42.918611110782
2692,6,7,-122.15472222210582,43.004166666343316
5064,11,2,-122.22916666655527,42.87861111077931
902,2,11,-122.12916666654854,42.91972222189319
468,1,12,-122.02805555543063,42.99194444412027
2915,6,7,-122.02027777765232,42.95638888856232
1229,3,10,-122.0380555554313,42.88638888855761
3079,7,6,-122.13027777765973,42.86861111077864
5627,12,1,-122.18138888877428,42.99527777745383
2576,6,7,-122.06472222209976,42.96305555522944
1417,3,10,-122.10361111099127,43.00861111078806
5500,12,1,-122.25694444433492,42.85972222188915
2985,7,6,-122.1958333332197,42.88972222189117
830,2,11,-122.20138888877563,42.96861111078537
2735,6,7,-121.95249999986999,42.85749999966678
4173,9,4,-122.21249999988748,42.860833333000336
3762,8,5,-122.1247222221038,42.92749999967149
319,1,12,-121.96361111098184,42.9897222218979
2800,6,7,-122.23361111100002,42.8874999996688
5244,11,2,-122.16694444432886,42.88638888855761
407,1,12,-122.20916666655393,42.90083333300303
1505,4,9,-122.08694444432348,42.99194444412027
4776,10,3,-122.0936111109906,42.95194444411758
5124,11,2,-121.97805555542726,42.95638888856232
5566,12,1,-122.0224999998747,42.977499999674855
660,2,11,-122.04472222209841,43.00638888856569
979,2,11,-121.99138888876149,42.99861111078739
3177,7,6,-122.00472222209572,42.915277777448445
5470,12,1,-121.96805555542659,43.01083333301043
2854,6,7,-122.21249999988748,42.91638888855963
5676,12,1,-122.19805555544207,42.97083333300774
481,1,12,-122.04361111098723,42.926388888560304
5574,12,1,-122.17805555544072,42.97305555523011
929,2,11,-121.96027777764829,42.939722221894534
3336,7,6,-122.2269444443329,42.88972222189117
5712,12,1,-122.15361111099463,42.99972222189857
2931,6,7,-122.16805555544005,42.89416666633591
4813,10,3,-122.01249999987402,42.964166666340624
1191,3,10,-122.05249999987672,42.896388888558285
2387,5,8,-121.97805555542726,43.004166666343316
2445,5,8,-122.25472222211255,43.00638888856569
2504,6,7,-122.01916666654114,42.89861111078066
630,2,11,-122.12249999988143,42.939722221894534
3375,7,6,-121.98027777764963,42.939722221894534
2290,5,8,-122.17249999988479,42.98083333300841
324,1,12,-122.23361111100002,42.89972222189184
5593,12,1,-122.06361111098857,42.971944444118925
769,2,11,-122.01583333320758,42.9974999996762
1464,3,10,-122.10027777765771,42.95527777745114
408,1,12,-121.96583333320422,42.89305555522473
4015,9,4,-121.98694444431675,42.87638888855694
3240,7,6,-121.9902777776503,42.9030555552254
778,2,11,-122.10694444432482,42.9974999996762
3779,8,5,-122.08583333321229,42.947499999672836
4124,9,4,-121.98583333320556,42.97638888856367
2963,6,7,-122.02138888876351,42.966388888562996
5629,12,1,-122.19249999988614,42.97861111078604
2516,6,7,-122.25138888877899,42.93861111078335
2168,5,8,-122.03361111098656,42.92416666633793
5370,11,2,-122.08805555543466,42.947499999672836
5010,11,2,-122.07027777765569,42.94861111078402
4779,10,3,-121.99249999987268,42.85638888855559
634,2,11,-122.1169444443255,42.86194444411152
5123,11,2,-122.2269444443329,42.86749999966745
4846,10,3,-121.99249999987268,43.01083333301043
3412,7,6,-122.1091666665472,43.001944444120944
2259,5,8,-122.02027777765232,42.91416666633726
1811,4,9,-122.030277777653,42.877499999668125
4692,10,3,-121.97916666653845,42.85972222188915
4668,10,3,-122.04805555543197,42.87638888855694
1787,4,9,-122.08805555543466,42.866388888556266
3213,7,6,-121.97916666653845,42.939722221894534
3559,8,5,-122.14916666654989,43.004166666343316
868,2,11,-122.08805555543466,42.966388888562996
3427,7,6,-121.95472222209236,42.94972222189521
648,2,11,-122.07805555543399,42.94638888856165
3578,8,5,-122.08027777765636,42.860833333000336
3115,7,6,-122.06249999987739,43.007499999676874
4393,9,4,-122.08583333321229,42.86527777744508
3787,8,5,-122.11916666654787,43.0052777774545
3631,8,5,-122.13583333321566,42.89749999966947
348,1,12,-122.07361111098925,42.858611110777964
633,2,11,-122.25249999989018,42.87083333300101
2608,6,7,-122.05472222209909,42.89861111078066
2864,6,7,-122.2502777776678,42.87083333300101
3974,9,4,-122.23249999988883,42.939722221894534
1709,4,9,-121.97138888876015,42.93527777744979
216,1,12,-122.25694444433492,42.97972222189723
4857,10,3,-122.25583333322373,42.871944444112195
4859,10,3,-122.21361111099867,42.96194444411825
4042,9,4,-122.15249999988345,43.001944444120944
5378,11,2,-121.96249999987066,42.907499999670144
1899,4,9,-122.13027777765973,43.007499999676874
1166,3,9,-122.19805555544207,42.88972222189117
3715,8,5,-122.13694444432684,42.87861111077931
1692,4,9,-122.16138888877293,42.89194444411354
4057,9,4,-122.00583333320691,42.94638888856165
4276,9,4,-122.16583333321768,42.901944444114214
5382,11,2,-122.14694444432752,42.90638888855896
1889,4,9,-122.24027777766713,42.95749999967351
4551,10,3,-121.98805555542793,42.966388888562996
5602,12,1,-122.0147222220964,42.96305555522944
5154,11,2,-122.05249999987672,42.9897222218979
5528,12,1,-122.19694444433088,42.94416666633928
5709,12,1,-122.18361111099665,43.00083333300976
5516,12,1,-122.09916666654652,42.947499999672836
3785,8,5,-122.1713888887736,42.890833333002355
1552,4,8,-122.23583333322239,42.890833333002355
3847,8,5,-122.04027777765367,42.86972222188982
1250,3,10,-122.07249999987806,42.923055555226746
651,2,11,-122.02361111098588,42.86861111077864
4149,9,4,-122.1324999998821,42.864166666333894
3480,8,5,-121.9513888887588,42.86194444411152
2394,5,8,-122.12583333321498,42.879722221890496
4773,10,3,-122.09249999987941,42.99861111078739
1329,3,10,-121.95694444431473,42.93638888856098
5268,11,2,-122.17694444432954,42.86527777744508
4419,9,4,-122.26472222211322,42.86861111077864
5001,11,2,-122.15138888877226,42.907499999670144
1276,3,10,-122.16583333321768,42.8952777774471
4468,10,3,-122.18138888877428,42.93527777744979
4800,10,3,-122.14472222210514,42.91972222189319
5046,11,2,-122.14472222210514,42.91305555522607
136,1,12,-122.01249999987402,42.89416666633591
2350,5,8,-122.030277777653,42.985277777453156
4900,10,3,-122.04361111098723,42.918611110782
1406,3,9,-122.15805555543938,42.864166666333894
3687,8,5,-122.0691666665445,42.9030555552254
5303,11,2,-122.15916666655056,42.92416666633793
567,2,11,-121.98583333320556,42.96194444411825
5417,11,2,-122.16583333321768,42.94305555522809
1712,4,9,-122.13916666654922,42.926388888560304
1547,4,9,-122.1880555554414,42.88861111077998
5788,12,1,-122.01138888876284,42.96194444411825
3528,8,5,-122.10805555543601,42.9897222218979
1582,4,9,-122.11583333321431,42.9741666663413
4142,9,4,-122.09916666654652,42.99861111078739
2174,5,8,-121.9591666665371,42.99305555523146
1896,4,9,-122.03916666654249,42.89305555522473
5565,12,1,-122.19916666655325,42.885277777446426
4448,9,4,-122.02916666654181,42.95194444411758
3309,7,6,-122.07805555543399,42.91638888855963
860,2,11,-122.1324999998821,42.87416666633457
2713,6,7,-122.11138888876957,42.92972222189386
3493,8,5,-121.95027777764761,42.904166666336586
4337,9,4,-122.20583333322037,42.91749999967082
3594,8,5,-122.12361111099261,42.91972222189319
3583,8,5,-122.10027777765771,42.96305555522944
5399,11,2,-122.10694444432482,42.96305555522944
5490,12,1,-122.1880555554414,42.920833333004374
2822,6,7,-122.22138888877697,42.89972222189184
1752,4,9,-122.19805555544207,42.94305555522809
1767,4,9,-121.98805555542793,42.94416666633928
5884,12,1,-122.07916666654518,42.98638888856434
2251,5,8,-122.09583333321297,42.879722221890496
3244,7,6,-122.19138888877495,42.9819444441196
2683,6,5,-122.11916666654787,42.86194444411152
3836,8,5,-122.09583333321297,42.939722221894534
1848,4,9,-122.2113888887763,42.99194444412027
5375,11,2,-122.15249999988345,42.89972222189184
2872,6,7,-122.15472222210582,43.00305555523213
2547,6,7,-122.05805555543265,42.93305555522742
1975,4,9,-121.97249999987133,42.88861111077998
855,2,11,-122.16694444432886,42.977499999674855
2595,6,7,-122.15027777766107,42.98638888856434
4613,10,3,-122.22361111099934,42.86861111077864
3246,7,6,-121.96138888875947,43.001944444120944
3403,7,6,-122.07361111098925,42.923055555226746
1379,3,10,-121.9980555554286,42.93527777744979
1539,4,9,-122.04916666654316,42.907499999670144
2393,5,8,-122.11583333321431,43.007499999676874
2403,5,8,-122.02361111098588,42.91972222189319
5768,12,1,-122.15694444432819,42.94416666633928
489,1,12,-121.96805555542659,42.939722221894534
1467,3,10,-121.98472222209438,42.96749999967418
2840,6,7,-122.13916666654922,42.88083333300168
737,2,11,-122.24361111100069,42.97861111078604
3194,7,6,-122.09805555543534,42.95749999967351
3075,7,6,-122.10027777765771,43.007499999676874
3849,8,5,-121.97138888876015,42.95194444411758
1487,4,9,-122.04916666654316,43.009722221899246
5502,12,1,-122.2580555554461,42.85749999966678
1940,4,9,-122.20916666655393,42.93861111078335
1004,3,10,-122.01916666654114,42.95527777745114
4114,9,4,-122.10583333321364,42.94638888856165
3593,8,5,-122.05805555543265,42.93861111078335
3729,8,5,-121.97583333320489,42.928611110782676
5731,12,1,-121.98361111098319,42.901944444114214
4612,10,3,-122.17694444432954,42.877499999668125
5418,11,2,-122.01916666654114,43.004166666343316
2792,6,7,-122.01583333320758,42.958611110784695
391,1,12,-122.23583333322239,42.88972222189117
4700,10,3,-122.25249999989018,42.86749999966745
1738,4,9,-122.06805555543332,42.88083333300168
3380,7,6,-122.21027777766511,43.0052777774545
4248,9,4,-122.16027777766175,42.934166666338605
2944,6,7,-122.03361111098656,42.90638888855896
3319,7,6,-122.11027777765838,42.85638888855559
4444,9,4,-122.13138888877091,42.86972222188982
1169,3,9,-122.25916666655729,42.89749999966947
2388,5,8,-122.03361111098656,42.901944444114214
1428,3,10,-122.06805555543332,42.923055555226746
5284,11,2,-122.17694444432954,42.95194444411758
3391,7,6,-122.09805555543534,43.00305555523213
4777,10,3,-122.02138888876351,42.91305555522607
258,1,12,-122.20694444433155,42.95638888856232
2088,5,8,-122.0691666665445,42.92194444411556
96,1,12,-122.07916666654518,43.00305555523213
3736,8,5,-122.01583333320758,42.947499999672836
1798,4,8,-122.24805555544543,42.93861111078335
175,1,12,-122.09916666654652,42.926388888560304
5830,12,1,-122.24805555544543,42.96972222189655
3917,8,5,-122.09249999987941,42.97305555523011
4082,9,4,-121.98027777764963,42.866388888556266
2220,5,8,-122.04916666654316,42.90638888855896
2429,5,8,-122.19249999988614,43.004166666343316
5027,11,2,-122.00361111098454,42.877499999668125
3196,7,6,-122.08916666654585,43.00861111078806
2273,5,8,-122.1013888887689,42.9974999996762
2087,5,8,-121.98361111098319,42.98638888856434
923,2,11,-122.22138888877697,42.99194444412027
3214,7,6,-122.26361111100204,42.904166666336586
3549,8,5,-121.95805555542591,42.88861111077998
3432,7,6,-122.2502777776678,42.92972222189386
5401,11,2,-122.19249999988614,43.0130555552328
2243,5,8,-122.09583333321297,42.885277777446426
3781,8,5,-122.10805555543601,42.866388888556266
3481,8,5,-122.05249999987672,42.97861111078604
2880,6,7,-121.95805555542591,42.93749999967216
873,2,11,-121.96583333320422,42.8952777774471
526,2,11,-121.95583333320354,42.99861111078739
4546,10,3,-122.14138888877159,42.94416666633928
5504,12,1,-121.98916666653912,42.93861111078335
2581,6,7,-121.9591666665371,42.87861111077931
5142,11,2,-122.19472222210851,42.920833333004374
5838,12,1,-122.09694444432415,42.918611110782
5527,12,1,-121.95249999986999,42.883055555224054
1172,3,10,-122.08138888876755,43.001944444120944
3857,8,5,-122.09694444432415,42.89194444411354
2594,6,7,-121.9513888887588,43.004166666343316
3992,9,4,-122.08361111098992,42.92972222189386
2274,5,8,-122.11583333321431,42.96972222189655
5588,12,1,-121.982499999872,42.88972222189117
758,2,11,-122.08249999987873,42.966388888562996
273,1,12,-122.12694444432617,42.95083333300639
5466,12,1,-122.04472222209841,42.904166666336586
3749,8,5,-122.00361111098454,42.87305555522338
2257,5,8,-122.22583333322171,42.88972222189117
5168,11,2,-122.09249999987941,42.907499999670144
5227,11,2,-122.09805555543534,42.95527777745114
4047,9,4,-122.14138888877159,42.88194444411287
1628,4,9,-122.21472222210986,42.88972222189117
4587,10,3,-122.0936111109906,42.953055555228765
3738,8,5,-122.05249999987672,42.93638888856098
1626,4,9,-122.15361111099463,43.00305555523213
2032,5,8,-122.0536111109879,42.87861111077931
3592,8,5,-122.20694444433155,42.96749999967418
2081,5,8,-122.02361111098588,43.0052777774545
2778,6,7,-122.25916666655729,42.988611110786714
3418,7,6,-122.16916666655123,42.89749999966947
1427,3,10,-122.06694444432213,42.93527777744979
5218,11,2,-121.95249999986999,42.960833333007066
956,2,11,-122.00027777765098,42.99861111078739
3855,8,5,-122.01138888876284,42.971944444118925
5289,11,2,-122.0147222220964,42.89305555522473
4139,9,4,-122.00361111098454,42.99527777745383
2862,6,7,-121.96249999987066,42.98416666634197
77,1,10,-121.95027777764761,42.93638888856098
4930,10,3,-122.10805555543601,42.8952777774471
4454,9,4,-122.0769444443228,42.92194444411556
4641,10,3,-122.14694444432752,42.9897222218979
3071,7,6,-121.98138888876082,42.94083333300572
3269,7,6,-122.2424999998895,42.97861111078604
115,1,12,-121.98027777764963,42.945277777450464
2401,5,8,-122.08916666654585,42.95972222189588
1583,4,9,-121.98583333320556,42.91194444411489
554,2,11,-121.99694444431742,42.877499999668125
2642,6,6,-121.9747222220937,42.85638888855559
2392,5,8,-122.14249999988277,42.983055555230784
1317,3,10,-122.09583333321297,42.907499999670144
5670,12,1,-122.24805555544543,42.9030555552254
798,2,11,-122.16805555544005,42.89861111078066
2398,5,8,-122.19694444433088,42.9030555552254
4495,10,3,-122.10805555543601,43.009722221899246
2644,6,7,-122.2269444443329,42.883055555224054
700,2,11,-122.10027777765771,42.926388888560304
4146,9,4,-122.08916666654585,42.939722221894534
555,2,11,-122.16027777766175,42.93638888856098
5595,12,1,-122.2113888887763,42.94083333300572
4107,9,4,-122.26361111100204,42.87638888855694
3113,7,6,-122.14249999988277,42.926388888560304
3416,7,6,-122.05805555543265,42.87305555522338
847,2,10,-121.9902777776503,42.858611110777964
3368,7,6,-122.18583333321902,42.89972222189184
3270,7,6,-122.25138888877899,42.9108333330037
1366,3,10,-122.21361111099867,42.95638888856232
3434,7,6,-122.11027777765838,42.87305555522338
3669,8,5,-122.1402777776604,42.883055555224054
716,2,11,-122.24694444433425,42.918611110782
972,2,11,-122.18916666655258,42.896388888558285
1234,3,10,-122.24694444433425,42.88861111077998
4322,9,4,-121.96805555542659,42.94083333300572
4903,10,3,-122.06472222209976,42.909722221892515
5255,11,2,-122.02916666654181,42.98416666634197
2377,5,8,-122.02138888876351,42.92527777744912
3647,8,5,-122.12249999988143,43.0130555552328
1911,4,9,-122.21805555544341,42.94972222189521
2534,6,7,-122.09694444432415,42.971944444118925
2799,6,7,-122.25249999989018,42.99527777745383
4814,10,3,-122.06694444432213,42.92527777744912
2149,5,8,-122.06027777765502,42.904166666336586
1917,4,9,-121.97249999987133,42.88972222189117
2506,6,7,-122.04249999987604,42.990833333009085
4664,10,3,-122.07916666654518,42.96305555522944
4097,9,4,-122.12916666654854,42.87083333300101
4186,9,4,-122.12916666654854,43.001944444120944
2873,6,7,-122.26027777766848,42.93749999967216
3822,8,5,-122.25138888877899,42.93749999967216
2362,5,8,-122.1402777776604,42.885277777446426
5449,12,1,-122.0536111109879,43.00083333300976
3946,8,5,-122.20805555544274,43.0052777774545
1735,4,9,-122.18583333321902,42.923055555226746
4054,9,4,-122.11916666654787,42.864166666333894
4818,10,3,-121.96583333320422,42.86305555522271
182,1,12,-121.9747222220937,42.98416666634197
1664,4,9,-122.17583333321835,42.990833333009085
3065,7,6,-122.10805555543601,42.92972222189386
1073,3,10,-122.11027777765838,42.990833333009085
1441,3,10,-122.02805555543063,42.87305555522338
4341,9,4,-122.23138888877764,42.97861111078604
3623,8,5,-122.10694444432482,42.92527777744912
4009,9,4,-122.24694444433425,42.866388888556266
3799,8,5,-122.01249999987402,42.87083333300101
1623,4,9,-122.03361111098656,42.945277777450464
1649,4,9,-122.09249999987941,42.93638888856098
5184,11,2,-122.17805555544072,42.93083333300505
703,2,10,-122.23916666655595,42.89861111078066
4462,10,3,-122.23138888877764,42.9108333330037
1652,4,9,-122.19027777766377,42.87638888855694
204,1,12,-122.19916666655325,42.85972222188915
1047,3,10,-122.12916666654854,42.953055555228765
1458,3,10,-122.0769444443228,42.96861111078537
2238,5,8,-122.08027777765636,42.97638888856367
4353,9,4,-122.07027777765569,42.99527777745383
5024,11,2,-122.10805555543601,42.877499999668125
2302,5,8,-122.13805555543803,42.8874999996688
3513,8,5,-122.06583333321095,42.923055555226746
1390,3,10,-122.08027777765636,42.941944444116906
5099,11,2,-122.24694444433425,42.99861111078739
2631,6,7,-122.18361111099665,42.901944444114214
5936,12,1,-122.08138888876755,42.97861111078604
3006,7,6,-122.24138888877832,42.996388888565015
4388,9,4,-122.1402777776604,42.87527777744575
4141,9,4,-122.0536111109879,42.97861111078604
5802,12,1,-121.9980555554286,42.971944444118925
2527,6,7,-121.95249999986999,42.858611110777964
1227,3,10,-122.19027777766377,42.945277777450464
5195,11,2,-122.21361111099867,42.99527777745383
4246,9,4,-121.95805555542591,42.96527777745181
3886,8,5,-122.06249999987739,42.866388888556266
890,2,11,-122.25138888877899,42.87083333300101
5648,12,1,-122.07361111098925,42.988611110786714
3603,8,5,-122.11583333321431,42.95527777745114
4346,9,4,-122.19027777766377,42.91972222189319
5461,12,1,-122.00805555542928,42.95416666633995
4990,11,2,-122.01916666654114,42.95749999967351
4043,9,4,-121.97805555542726,42.89972222189184
31,1,12,-122.23694444433357,42.95972222189588
5056,11,2,-122.23583333322239,42.99416666634264
712,2,11,-122.14472222210514,42.93194444411623
4868,10,3,-122.19249999988614,42.89416666633591
2413,5,8,-121.9902777776503,42.9974999996762
2010,5,8,-122.06583333321095,42.92194444411556
4654,10,3,-122.10027777765771,43.004166666343316
5765,12,1,-122.18583333321902,42.86861111077864
4330,9,4,-122.13361111099329,42.885277777446426
1039,3,10,-122.18361111099665,43.009722221899246
1687,4,9,-122.09249999987941,42.871944444112195
4326,9,4,-122.25694444433492,42.95749999967351
5728,12,1,-122.19805555544207,42.86972222188982
1609,4,9,-122.08583333321229,42.97305555523011
2714,6,7,-122.22249999988816,43.0130555552328
1765,4,9,-122.06249999987739,42.93083333300505
1639,4,9,-122.15249999988345,42.93194444411623
995,3,10,-122.2580555554461,42.88083333300168
4236,9,4,-122.02027777765232,42.95527777745114
5438,11,2,-122.15361111099463,42.9741666663413
1775,4,9,-121.97361111098252,42.88861111077998
4559,10,3,-122.16138888877293,42.94305555522809
3086,7,6,-122.00249999987335,42.94972222189521
1477,3,10,-122.12361111099261,42.92749999967149
3364,7,6,-122.1402777776604,42.928611110782676
1112,3,10,-122.13916666654922,42.88861111077998
300,1,12,-122.22027777766579,42.92527777744912
2979,7,6,-122.1091666665472,42.964166666340624
2395,5,8,-121.95027777764761,42.918611110782
2397,5,8,-122.07472222210043,42.86305555522271
1420,3,10,-122.13583333321566,42.8952777774471
4178,9,4,-122.18249999988547,42.90083333300303
1105,3,10,-122.05138888876553,42.860833333000336
4373,9,4,-122.04916666654316,42.99194444412027
927,2,11,-122.01027777765165,42.85638888855559
5084,11,2,-122.01694444431877,42.86305555522271
3439,7,6,-122.09694444432415,43.00861111078806
817,2,11,-122.01361111098521,42.858611110777964
4056,9,4,-122.24805555544543,42.864166666333894
750,2,11,-122.25472222211255,42.95749999967351
5789,12,1,-122.24694444433425,42.94416666633928
9,1,12,-122.0847222221011,42.99972222189857
3440,7,6,-121.9902777776503,43.00083333300976
952,2,11,-121.96249999987066,42.95638888856232
4839,10,3,-122.07138888876688,42.858611110777964
2686,6,7,-122.23027777766646,42.93083333300505
4643,10,3,-122.23138888877764,42.89194444411354
5480,12,1,-122.06361111098857,42.89416666633591
2732,6,7,-122.18916666655258,42.877499999668125
1553,4,9,-122.05805555543265,42.9741666663413
838,2,11,-122.04916666654316,43.00861111078806
203,1,12,-122.13805555543803,42.923055555226746
4799,10,3,-122.21027777766511,42.88194444411287
1189,3,10,-122.25916666655729,42.93638888856098
4218,9,4,-122.05138888876553,42.915277777448445
4247,9,4,-122.24694444433425,43.009722221899246
4232,9,4,-122.13472222210447,42.90083333300303
4516,10,3,-122.22027777766579,42.86527777744508
3759,8,5,-122.0847222221011,42.9974999996762
3385,7,6,-122.17472222210716,42.87305555522338
4378,9,4,-122.25249999989018,42.8952777774471
4426,9,4,-121.99249999987268,42.93527777744979
1121,3,10,-122.00249999987335,42.87416666633457
5269,11,2,-121.98694444431675,42.95749999967351
5166,11,2,-122.26361111100204,42.97972222189723
2500,6,7,-122.25694444433492,42.91416666633726
3123,7,6,-122.05249999987672,42.95527777745114
919,2,10,-122.20249999988681,42.890833333002355
5111,11,2,-122.11583333321431,42.89749999966947
3442,7,6,-122.15694444432819,42.92194444411556
1686,4,9,-122.25916666655729,42.89749999966947
5047,11,2,-122.20805555544274,42.926388888560304
3924,8,5,-122.07249999987806,43.004166666343316
2438,5,8,-122.18472222210784,42.89972222189184
2051,5,8,-122.24916666655662,42.918611110782
2694,6,7,-122.03916666654249,42.88861111077998
4920,10,3,-122.21583333322104,42.877499999668125
2889,6,7,-122.18694444433021,42.926388888560304
2287,5,8,-122.0147222220964,42.85972222188915
4018,9,4,-122.20916666655393,42.89305555522473
3739,8,4,-122.2580555554461,42.89749999966947
3776,8,5,-122.05027777765434,42.89749999966947
1871,4,9,-121.97361111098252,42.901944444114214
3858,8,5,-121.9991666665398,42.939722221894534
3486,8,5,-122.23027777766646,42.88083333300168
1408,3,10,-122.19694444433088,42.88972222189117
3199,7,6,-122.11249999988075,43.0130555552328
2662,6,7,-122.13027777765973,42.964166666340624
5455,12,1,-122.15361111099463,42.95416666633995
3121,7,6,-121.95027777764761,42.879722221890496
3574,8,5,-121.97694444431608,42.909722221892515
596,2,10,-121.99249999987268,42.86527777744508
2167,5,8,-122.10249999988008,42.95527777745114
1890,4,9,-121.99361111098386,43.00305555523213
35,1,12,-122.09138888876822,42.971944444118925
4291,9,4,-122.1802777776631,42.904166666336586
1627,4,9,-122.06694444432213,42.966388888562996
1058,3,10,-122.08027777765636,42.918611110782
575,2,11,-122.14916666654989,42.95527777745114
5312,11,2,-122.18138888877428,43.004166666343316
3211,7,6,-122.16805555544005,42.90638888855896
4345,9,4,-122.16249999988412,42.93749999967216
1176,3,10,-122.11805555543668,42.86194444411152
2796,6,7,-122.14361111099396,42.99527777745383
1903,4,9,-121.98138888876082,43.01083333301043
5691,12,1,-122.16138888877293,42.89861111078066
1786,4,9,-122.02583333320825,42.877499999668125
1693,4,9,-122.20805555544274,42.97638888856367
4449,9,4,-122.03138888876418,43.007499999676874
1398,3,10,-122.02138888876351,42.85749999966678
4371,9,4,-122.17027777766242,42.9108333330037
5863,12,1,-122.05583333321027,42.91416666633726
3601,8,5,-122.21472222210986,42.86972222188982
4728,10,3,-122.17361111099598,42.93194444411623
4605,10,3,-122.1402777776604,42.890833333002355
924,2,11,-122.24472222211187,42.9974999996762
5930,12,1,-122.23916666655595,42.877499999668125
740,2,11,-122.0936111109906,42.99416666634264
4886,10,3,-122.03472222209774,42.985277777453156
2923,6,7,-122.18138888877428,43.00638888856569
190,1,12,-122.10805555543601,42.99527777745383
1986,5,8,-122.06583333321095,42.879722221890496
3918,8,5,-122.03694444432011,42.94861111078402
2743,6,7,-122.13694444432684,42.96194444411825
4221,9,4,-122.1402777776604,42.871944444112195
5444,11,2,-122.09027777765704,43.00861111078806
1451,3,10,-122.05916666654383,42.93527777744979
1113,3,10,-122.05472222209909,43.00861111078806
5812,12,1,-122.05694444432146,42.871944444112195
5346,11,2,-122.03916666654249,43.01194444412162
3931,8,5,-121.98361111098319,42.877499999668125
5659,12,1,-122.08027777765636,42.89749999966947
2024,5,8,-122.16027777766175,42.93749999967216
494,1,12,-122.21805555544341,42.93527777744979
3696,8,5,-122.25138888877899,42.98749999967553
5687,12,1,-122.20249999988681,42.86194444411152
5412,11,2,-122.15249999988345,42.94638888856165
1034,3,10,-122.09472222210178,42.885277777446426
2298,5,8,-122.24361111100069,42.86749999966745
4863,10,3,-122.24916666655662,42.95416666633995
2679,6,7,-121.9669444443154,42.95527777745114
650,2,11,-122.10027777765771,42.87638888855694
2083,5,8,-121.9513888887588,42.904166666336586
4691,10,3,-121.96361111098184,42.883055555224054
1432,3,10,-122.10027777765771,43.009722221899246
3768,8,5,-122.10583333321364,42.858611110777964
5068,11,2,-122.07583333321162,42.86749999966745
3763,8,5,-121.9513888887588,42.964166666340624
4854,10,3,-122.17805555544072,42.89861111078066
4822,10,3,-121.96138888875947,42.990833333009085
5688,12,1,-122.00472222209572,42.86305555522271
3248,7,6,-122.04805555543197,42.91305555522607
3988,9,4,-122.09916666654652,43.0130555552328
2627,6,7,-122.25138888877899,42.996388888565015
568,2,11,-122.14916666654989,42.996388888565015
1935,4,9,-122.11805555543668,42.858611110777964
754,2,10,-122.22027777766579,42.88861111077998
2835,6,7,-121.98361111098319,42.89194444411354
4227,9,4,-122.25472222211255,42.91194444411489
3900,8,5,-122.0847222221011,43.004166666343316
2482,6,7,-122.16027777766175,43.0130555552328
3377,7,6,-122.23916666655595,42.91638888855963
2684,6,7,-122.02805555543063,42.885277777446426
3445,7,6,-122.16249999988412,42.907499999670144
3795,8,5,-121.95027777764761,42.87861111077931
3274,7,6,-121.98805555542793,42.97638888856367
4628,10,3,-122.18249999988547,42.89861111078066
124,1,12,-122.04916666654316,42.9108333330037
4147,9,4,-122.2269444443329,42.93861111078335
2541,6,7,-121.98027777764963,42.9108333330037
3732,8,5,-122.2347222221112,42.94416666633928
1050,3,10,-121.99583333320624,42.87861111077931
243,1,12,-122.02472222209707,42.915277777448445
3279,7,6,-122.19694444433088,42.945277777450464
4740,10,3,-122.1480555554387,42.99416666634264
4295,9,4,-122.02472222209707,42.901944444114214
3894,8,5,-122.1880555554414,42.983055555230784
2193,5,8,-122.24361111100069,42.95972222189588
878,2,11,-122.23249999988883,42.960833333007066
2885,6,7,-122.16027777766175,42.97527777745248
320,1,9,-122.11805555543668,42.85972222188915
5042,11,2,-122.15916666655056,42.88638888855761
1817,4,9,-122.04361111098723,42.8952777774471
5716,12,1,-121.95583333320354,42.97861111078604
954,2,11,-122.0458333332096,43.0052777774545
120,1,12,-122.1013888887689,42.94972222189521
4379,9,4,-121.97916666653845,43.01083333301043
3922,8,5,-122.23138888877764,42.918611110782
4536,10,3,-122.14694444432752,42.92527777744912
1372,3,10,-122.01583333320758,42.923055555226746
3289,7,6,-122.05583333321027,42.89416666633591
2313,5,8,-122.0847222221011,42.86305555522271
2511,6,7,-122.15805555543938,42.92416666633793
5680,12,1,-122.03583333320893,42.99527777745383
4944,10,3,-122.07805555543399,42.890833333002355
3841,8,5,-122.20583333322037,42.93638888856098
2136,5,8,-121.9513888887588,42.960833333007066
1375,3,10,-122.03138888876418,42.94972222189521
3323,7,6,-122.17694444432954,42.985277777453156
5912,12,1,-122.19361111099732,42.953055555228765
5487,12,1,-121.96138888875947,42.858611110777964
3686,8,5,-121.97916666653845,42.864166666333894
1952,4,9,-122.10694444432482,42.909722221892515
1294,3,10,-121.96472222209303,42.9897222218979
2342,5,8,-122.16916666655123,42.8952777774471
2754,6,7,-122.06805555543332,42.928611110782676
46,1,11,-121.95027777764761,42.87638888855694
2529,6,7,-122.08361111098992,42.99305555523146
5735,12,1,-122.14583333321633,42.871944444112195
4370,9,4,-122.17027777766242,42.88972222189117
4471,10,3,-122.19916666655325,42.990833333009085
1210,3,10,-121.96361111098184,42.990833333009085
3438,7,6,-122.10805555543601,42.92527777744912
5860,12,1,-122.1169444443255,42.94305555522809
3930,8,5,-122.2191666665546,42.866388888556266
525,2,11,-122.00805555542928,42.9897222218979
2589,6,7,-122.13472222210447,43.00638888856569
1118,3,10,-122.2347222221112,42.960833333007066
3540,8,5,-121.97916666653845,42.91194444411489
4752,10,3,-122.13583333321566,42.904166666336586
2568,6,7,-122.0536111109879,42.95638888856232
949,2,11,-122.13805555543803,42.890833333002355
389,1,12,-122.01583333320758,42.96749999967418
278,1,12,-122.15027777766107,42.93194444411623
4408,9,4,-122.04694444432079,42.8952777774471
152,1,12,-122.15138888877226,42.860833333000336
4069,9,4,-121.982499999872,42.93749999967216
5190,11,2,-122.23583333322239,42.864166666333894
3997,9,4,-122.03138888876418,42.85749999966678
5628,12,1,-122.21027777766511,42.87305555522338
2635,6,7,-122.00472222209572,42.966388888562996
981,2,11,-122.19916666655325,42.890833333002355
1637,4,9,-122.12916666654854,42.91305555522607
2488,6,7,-122.2424999998895,42.95194444411758
1187,3,10,-122.2269444443329,42.971944444118925
5747,12,1,-122.24583333322306,42.904166666336586
265,1,12,-122.00805555542928,42.99194444412027
5905,12,1,-122.15027777766107,42.95972222189588
2203,5,8,-122.11805555543668,42.860833333000336
1145,3,9,-122.2113888887763,42.890833333002355
344,1,11,-122.22472222211053,42.89972222189184
586,2,11,-122.08138888876755,42.95749999967351
5748,12,1,-122.2424999998895,42.91749999967082
3141,7,6,-122.16249999988412,42.93194444411623
3955,8,5,-122.18138888877428,42.92972222189386
2341,5,8,-122.03916666654249,42.93305555522742
2941,6,7,-122.03361111098656,42.91638888855963
4394,9,4,-122.24472222211187,42.93861111078335
3207,7,6,-122.030277777653,42.947499999672836
5077,11,2,-122.17361111099598,42.920833333004374
5208,11,2,-122.06361111098857,42.94861111078402
551,2,11,-122.09583333321297,42.96305555522944
3395,7,6,-122.24916666655662,42.960833333007066
3020,7,6,-122.08249999987873,42.91416666633726
1675,4,9,-122.23694444433357,42.890833333002355
1879,4,9,-122.22472222211053,42.96972222189655
4594,10,3,-122.08916666654585,42.86749999966745
183,1,12,-122.13694444432684,42.945277777450464
4662,10,3,-122.04805555543197,42.91638888855963
3656,8,5,-121.96027777764829,42.990833333009085
580,2,11,-122.2502777776678,42.95527777745114
2759,6,7,-122.0847222221011,42.92194444411556
376,1,11,-122.01027777765165,42.85638888855559
178,1,12,-122.17472222210716,42.88861111077998
4129,9,4,-121.9513888887588,42.877499999668125
3621,8,5,-122.23805555544476,42.89861111078066
4655,10,3,-122.26249999989085,42.93861111078335
1908,4,9,-122.25249999989018,43.0052777774545
565,2,11,-122.22138888877697,43.00305555523213
4033,9,4,-122.2347222221112,43.004166666343316
4060,9,4,-122.03138888876418,43.01194444412162
2945,6,7,-122.19472222210851,42.9974999996762
3943,8,5,-122.11916666654787,42.879722221890496
2204,5,8,-122.24027777766713,42.92416666633793
3875,8,5,-122.0147222220964,43.01194444412162
247,1,12,-122.24583333322306,42.996388888565015
657,2,11,-122.08138888876755,42.947499999672836
1638,4,9,-122.26472222211322,42.86749999966745
1470,3,10,-122.1169444443255,42.94638888856165
3840,8,5,-122.10805555543601,42.89749999966947
2046,5,8,-122.16249999988412,42.98416666634197
730,2,11,-122.21361111099867,42.915277777448445
3564,8,5,-122.07472222210043,42.92194444411556
3118,7,6,-122.10249999988008,42.97083333300774
2491,6,7,-122.04805555543197,42.901944444114214
2549,6,7,-122.02916666654181,42.98749999967553
4197,9,4,-122.21472222210986,42.926388888560304
2924,6,7,-122.14694444432752,42.92194444411556
3868,8,5,-122.23027777766646,42.918611110782
2643,6,7,-122.18138888877428,42.97861111078604
3526,8,5,-122.18916666655258,42.91972222189319
4972,11,2,-122.16916666655123,42.864166666333894
2762,6,7,-122.18694444433021,42.88861111077998
1878,4,9,-121.99472222209505,42.95749999967351
5749,12,1,-122.22027777766579,42.96861111078537
2884,6,7,-122.19694444433088,42.95972222189588
2492,6,7,-121.98472222209438,42.96972222189655
4212,9,4,-122.1802777776631,42.890833333002355
4099,9,4,-122.24027777766713,42.94972222189521
4351,9,4,-122.11138888876957,42.928611110782676
4158,9,4,-121.98138888876082,42.97861111078604
1884,4,9,-122.23138888877764,42.964166666340624
1673,4,9,-122.14694444432752,42.99527777745383
1163,3,8,-122.06694444432213,42.85749999966678
504,2,11,-121.95361111098117,43.004166666343316
4513,10,3,-121.95472222209236,42.92749999967149
1062,3,10,-122.19472222210851,43.001944444120944
5288,11,2,-122.06805555543332,42.92972222189386
5740,12,1,-122.19472222210851,42.923055555226746
4119,9,4,-122.02361111098588,42.93083333300505
3990,9,4,-122.22361111099934,42.877499999668125
2212,5,8,-122.1324999998821,42.95527777745114
3899,8,5,-122.00583333320691,42.92194444411556
181,1,12,-122.26361111100204,42.9897222218979
3642,8,5,-122.0691666665445,42.945277777450464
4335,9,4,-122.16138888877293,43.007499999676874
1745,4,9,-122.20027777766444,42.860833333000336
4983,11,2,-122.13805555543803,42.928611110782676
4649,10,3,-122.15472222210582,42.89749999966947
4421,9,4,-122.05138888876553,42.990833333009085
5067,11,2,-121.9591666665371,42.94416666633928
3266,7,6,-122.08138888876755,42.97305555523011
5594,12,1,-121.96361111098184,42.9974999996762
951,2,11,-122.10583333321364,43.00861111078806
2632,6,7,-121.9591666665371,42.85638888855559
5549,12,1,-122.16694444432886,42.96305555522944
2798,6,7,-122.02361111098588,42.86972222188982
3034,7,6,-122.2191666665546,42.91638888855963
4093,9,4,-122.1091666665472,42.87416666633457
458,1,12,-121.95027777764761,42.918611110782
2773,6,7,-122.04805555543197,42.89972222189184
2996,7,6,-122.13472222210447,42.89972222189184
1048,3,10,-122.2347222221112,42.95972222189588
984,2,11,-122.06249999987739,42.93194444411623
1362,3,10,-122.07805555543399,42.953055555228765
5599,12,1,-122.26249999989085,42.96972222189655
2237,5,8,-122.09249999987941,42.88972222189117
619,2,11,-122.1324999998821,42.95972222189588
4615,10,3,-121.99472222209505,42.97638888856367
3807,8,5,-121.97027777764896,42.896388888558285
3152,7,6,-122.19472222210851,42.9030555552254
2096,5,8,-122.21694444433223,42.99416666634264
5311,11,2,-122.12916666654854,42.94416666633928
1293,3,10,-122.09472222210178,42.890833333002355
3641,8,5,-122.21694444433223,42.91638888855963
1982,5,8,-122.06805555543332,42.90638888855896
4302,9,4,-122.11472222210313,42.94416666633928
3885,8,5,-122.10805555543601,42.99416666634264
3938,8,5,-121.9902777776503,42.86861111077864
445,1,12,-121.98916666653912,42.87305555522338
3942,8,5,-122.20027777766444,42.88416666633524
1718,4,9,-122.08694444432348,42.953055555228765
2103,5,8,-122.20916666655393,43.00305555523213
4224,9,4,-121.9591666665371,42.9819444441196
2861,6,7,-122.04805555543197,42.909722221892515
26,1,12,-122.25583333322373,42.909722221892515
4292,9,4,-122.2424999998895,42.896388888558285
5107,11,2,-122.030277777653,42.94972222189521
2592,6,7,-122.26361111100204,42.88083333300168
3358,7,6,-121.99583333320624,42.9741666663413
3184,7,6,-122.07472222210043,42.95749999967351
3299,7,6,-121.98027777764963,42.98638888856434
1573,4,9,-122.13805555543803,42.99416666634264
3500,8,5,-121.98805555542793,42.98638888856434
5437,11,2,-122.20694444433155,42.91194444411489
238,1,10,-122.2424999998895,42.89749999966947
955,2,11,-121.9991666665398,42.97527777745248
37,1,12,-122.24027777766713,42.958611110784695
21,1,12,-122.10249999988008,42.941944444116906
3808,8,5,-122.16138888877293,42.864166666333894
5169,11,2,-122.25472222211255,42.89416666633591
5655,12,1,-122.01694444431877,42.947499999672836
2031,5,8,-122.2191666665546,42.99416666634264
4013,9,4,-122.203611110998,42.86749999966745
4821,10,3,-122.17694444432954,42.87527777744575
350,1,12,-121.98583333320556,42.87527777744575
4285,9,4,-122.0847222221011,42.95416666633995
861,2,11,-122.22249999988816,42.94972222189521
5569,12,1,-122.21361111099867,42.93749999967216
1526,4,9,-122.23361111100002,43.00305555523213
2891,6,7,-122.03916666654249,42.883055555224054
3181,7,6,-122.09583333321297,42.89416666633591
4309,9,4,-121.96361111098184,42.89305555522473
4976,11,2,-122.0224999998747,42.91749999967082
2272,5,8,-122.23583333322239,42.945277777450464
5228,11,2,-122.08249999987873,42.92194444411556
5299,11,2,-122.25583333322373,42.85749999966678
2548,6,7,-121.9591666665371,42.8874999996688
5235,11,2,-122.23916666655595,42.92972222189386
1834,4,9,-122.01805555542995,43.001944444120944
1275,3,9,-122.06694444432213,42.85638888855559
5062,11,2,-122.12916666654854,42.98749999967553
1442,3,10,-121.95361111098117,42.8874999996688
2093,5,8,-122.09694444432415,42.92972222189386
3981,9,4,-122.25472222211255,42.88083333300168
2794,6,7,-122.0536111109879,42.877499999668125
5589,12,1,-122.07361111098925,42.99194444412027
5339,11,2,-122.22361111099934,42.89972222189184
3689,8,5,-122.03138888876418,42.98083333300841
5482,12,1,-122.02805555543063,42.98749999967553
1443,3,10,-122.17472222210716,42.8874999996688
2065,5,8,-122.11916666654787,42.915277777448445
3399,7,6,-122.0847222221011,43.00083333300976
2150,5,8,-121.97361111098252,42.90527777744777
3536,8,5,-122.01138888876284,42.945277777450464
1213,3,10,-121.95361111098117,42.88194444411287
3203,7,6,-121.9991666665398,42.93305555522742
5342,11,2,-122.1013888887689,42.89194444411354
170,1,12,-122.13027777765973,42.88416666633524
982,2,11,-122.11361111099194,42.918611110782
4317,9,4,-122.18583333321902,42.934166666338605
4257,9,4,-122.0458333332096,42.985277777453156
3959,8,5,-121.95027777764761,42.87527777744575
5591,12,1,-122.15916666655056,43.01083333301043
4840,10,3,-122.13583333321566,42.93527777744979
1655,4,9,-122.05583333321027,42.879722221890496
5632,12,1,-122.13472222210447,42.99972222189857
290,1,12,-121.95472222209236,43.009722221899246
3185,7,6,-122.16583333321768,42.88972222189117
822,2,11,-122.2269444443329,42.947499999672836
582,2,11,-122.05138888876553,42.89861111078066
2098,5,8,-121.99361111098386,42.89861111078066
1218,3,10,-122.19027777766377,42.99527777745383
3619,8,5,-122.25138888877899,42.95972222189588
3283,7,6,-122.030277777653,42.9819444441196
5782,12,1,-122.09138888876822,42.958611110784695
1154,3,10,-122.21027777766511,42.96527777745181
4906,10,3,-122.13694444432684,42.93305555522742
1828,4,9,-122.14694444432752,42.95749999967351
5932,12,1,-122.03583333320893,42.95527777745114
1143,3,10,-121.99583333320624,42.877499999668125
3372,7,6,-122.02805555543063,42.890833333002355
3862,8,5,-122.00472222209572,42.99416666634264
2888,6,7,-122.15805555543938,42.88861111077998
3557,8,5,-122.23138888877764,42.85638888855559
5411,11,2,-121.9902777776503,42.953055555228765
1116,3,10,-122.18138888877428,42.92527777744912
5745,12,1,-122.13027777765973,42.98638888856434
5257,11,2,-122.06472222209976,42.85638888855559
1022,3,10,-122.24138888877832,42.99972222189857
5507,12,1,-122.22249999988816,42.879722221890496
840,2,11,-122.21694444433223,42.88972222189117
5644,12,1,-122.05916666654383,42.94416666633928
3350,7,6,-122.0613888887662,42.953055555228765
4451,9,3,-122.24472222211187,42.896388888558285
5828,12,1,-122.09805555543534,42.9030555552254
4382,9,4,-122.00472222209572,42.86972222188982
5143,11,2,-122.10361111099127,43.00638888856569
1088,3,10,-122.25916666655729,42.93861111078335
3783,8,5,-122.1713888887736,42.94972222189521
1671,4,9,-122.11138888876957,42.96194444411825
4978,11,2,-122.09583333321297,42.95416666633995
608,2,11,-122.16916666655123,42.88861111077998
2001,5,8,-122.25694444433492,43.001944444120944
5539,12,1,-121.9902777776503,43.001944444120944
2370,5,8,-122.24583333322306,42.964166666340624
2171,5,8,-122.18361111099665,42.926388888560304
5424,11,2,-122.01805555542995,42.95416666633995
4689,10,3,-122.12361111099261,42.920833333004374
1056,3,10,-122.2113888887763,42.92527777744912
3255,7,6,-122.18138888877428,42.88861111077998
3825,8,5,-122.01361111098521,42.923055555226746
2765,6,7,-122.1802777776631,43.004166666343316
1208,3,10,-122.00472222209572,42.99527777745383
2063,5,8,-122.25583333322373,42.93861111078335
1613,4,9,-122.1958333332197,42.996388888565015
191,1,12,-122.24694444433425,42.93861111078335
3308,7,6,-122.00027777765098,42.87083333300101
1315,3,10,-121.97805555542726,42.98638888856434
1763,4,9,-122.23138888877764,43.00305555523213
1404,3,10,-122.09027777765704,42.86749999966745
4941,10,3,-122.25138888877899,42.920833333004374
1755,4,9,-122.11361111099194,42.85972222188915
2436,5,8,-122.17583333321835,43.007499999676874
3411,7,6,-121.96361111098184,42.99416666634264
411,1,12,-121.9669444443154,42.8952777774471
3893,8,5,-121.99361111098386,42.92749999967149
5271,11,2,-122.11361111099194,43.01083333301043
2699,6,7,-122.0147222220964,42.8952777774471
4784,10,3,-122.17805555544072,42.92416666633793
4420,9,4,-122.1713888887736,42.96861111078537
5546,12,1,-122.05916666654383,43.009722221899246
837,2,11,-121.97694444431608,43.0130555552328
5829,12,1,-121.97916666653845,42.97305555523011
5883,12,1,-121.96361111098184,42.89972222189184
4479,10,3,-122.12249999988143,42.96305555522944
2015,5,8,-122.25583333322373,42.9108333330037
2258,5,8,-121.95694444431473,42.918611110782
3600,8,5,-122.20249999988681,42.915277777448445
2974,7,6,-122.1958333332197,42.88972222189117
5071,11,2,-122.20138888877563,42.96749999967418
5130,11,2,-122.10472222210245,42.94083333300572
5911,12,1,-121.9669444443154,42.87861111077931
4943,10,3,-122.10694444432482,42.99305555523146
3941,8,5,-121.98361111098319,42.99861111078739
4916,10,3,-122.1636111109953,42.939722221894534
5240,11,2,-122.0936111109906,42.98749999967553
5657,12,1,-122.06583333321095,42.945277777450464
1937,4,9,-122.2113888887763,42.99416666634264
5231,11,2,-122.02583333320825,42.99972222189857
3509,8,5,-122.2113888887763,42.91749999967082
3295,7,6,-122.00027777765098,42.909722221892515
2262,5,8,-122.02583333320825,42.86194444411152
446,1,12,-122.07916666654518,42.92749999967149
4150,9,4,-122.01249999987402,42.928611110782676
4108,9,4,-122.09583333321297,42.89305555522473
1538,4,9,-121.98361111098319,42.85749999966678
4064,9,4,-122.01027777765165,42.99194444412027
4437,9,4,-122.18694444433021,42.890833333002355
5915,12,1,-122.20472222210918,42.86749999966745
4629,10,3,-122.030277777653,42.85972222188915
5197,11,2,-122.06694444432213,42.860833333000336
1592,4,9,-121.95805555542591,42.89194444411354
8,1,12,-122.10694444432482,42.996388888565015
1636,4,9,-122.11361111099194,42.864166666333894
5217,11,2,-122.24694444433425,42.86194444411152
806,2,11,-122.18916666655258,42.87638888855694
3503,8,5,-122.1636111109953,42.88638888855761
543,2,10,-122.2191666665546,42.88972222189117
5005,11,2,-122.26472222211322,43.001944444120944
5562,12,1,-122.16472222210649,42.96194444411825
5063,11,2,-122.0069444443181,42.990833333009085
4329,9,4,-122.04138888876486,43.007499999676874
1934,4,9,-122.12805555543736,42.94972222189521
2260,5,8,-122.20027777766444,42.90083333300303
2368,5,8,-122.13027777765973,42.89305555522473
604,2,11,-121.99361111098386,42.86527777744508
2706,6,7,-122.25694444433492,42.86749999966745
4398,9,4,-122.05694444432146,42.86194444411152
3318,7,6,-122.1013888887689,42.93194444411623
5287,11,2,-122.12027777765906,42.94861111078402
3112,7,6,-122.15916666655056,42.98083333300841
2435,5,8,-121.9991666665398,42.86861111077864
3611,8,5,-122.26472222211322,42.95638888856232
3169,7,6,-122.25694444433492,42.96194444411825
4713,10,3,-122.1402777776604,42.91305555522607
5584,12,1,-122.19361111099732,42.94972222189521
2770,6,7,-122.11249999988075,42.86749999966745
2971,7,6,-122.05027777765434,42.99194444412027
5051,11,2,-122.1880555554414,42.98083333300841
826,2,11,-121.96361111098184,42.89194444411354
5193,11,2,-122.0769444443228,43.0130555552328
271,1,12,-122.26361111100204,42.87083333300101
1246,3,10,-122.15361111099463,42.953055555228765
843,2,11,-122.05138888876553,42.99416666634264
3130,7,6,-122.17027777766242,42.871944444112195
537,2,11,-122.22805555544409,42.89861111078066
1882,4,9,-121.99138888876149,42.85972222188915
5893,12,1,-121.9991666665398,42.87083333300101
371,1,12,-122.05249999987672,42.97972222189723
129,1,12,-122.12027777765906,42.93194444411623
921,2,11,-122.15249999988345,42.94861111078402
4250,9,4,-122.24138888877832,42.866388888556266
2593,6,7,-122.03249999987537,42.985277777453156
4432,9,4,-121.97916666653845,42.89972222189184
775,2,11,-122.20805555544274,42.95527777745114
2441,5,8,-122.18916666655258,42.96305555522944
4946,10,3,-122.20249999988681,42.98638888856434
3311,7,6,-122.17805555544072,42.93194444411623
3151,7,6,-122.04694444432079,42.89861111078066
5322,11,2,-121.96249999987066,42.92527777744912
5070,11,2,-122.17361111099598,42.88972222189117
317,1,12,-121.97138888876015,42.8952777774471
1081,3,10,-122.05027777765434,42.91194444411489
99,1,12,-122.09805555543534,42.93083333300505
731,2,11,-122.13583333321566,42.87416666633457
1605,4,9,-122.07138888876688,42.92972222189386
944,2,11,-122.10249999988008,42.9108333330037
1746,4,9,-122.10583333321364,43.00083333300976
1300,3,10,-121.96583333320422,42.99861111078739
1843,4,9,-122.1013888887689,42.92527777744912
2022,5,8,-122.23249999988883,42.95749999967351
4625,10,3,-122.22249999988816,42.88861111077998
5023,11,2,-122.18583333321902,42.88083333300168
1668,4,9,-122.16694444432886,42.896388888558285
2728,6,7,-121.98361111098319,42.89749999966947
72,1,12,-122.16694444432886,42.98638888856434
5642,12,1,-122.19138888877495,42.983055555230784
4132,9,4,-122.09027777765704,42.96194444411825
3692,8,5,-122.2269444443329,42.87305555522338
1410,3,10,-121.97694444431608,43.004166666343316
5573,12,1,-122.17916666655191,42.9030555552254
2601,6,7,-122.15694444432819,42.97861111078604
4000,9,4,-122.20694444433155,42.93861111078335
5570,12,1,-122.1013888887689,42.877499999668125
2307,5,8,-121.9591666665371,42.92416666633793
1405,3,10,-122.04805555543197,42.8952777774471
3396,7,6,-122.08361111098992,42.92194444411556
3063,7,6,-122.0691666665445,42.90638888855896
3572,8,5,-122.12027777765906,42.91638888855963
4404,9,4,-122.01805555542995,42.95527777745114
1036,3,10,-122.24472222211187,42.96194444411825
1979,4,9,-122.01249999987402,42.92527777744912
2630,6,7,-122.10805555543601,42.90861111078133
2094,5,8,-122.19027777766377,42.88638888855761
430,1,12,-122.06805555543332,42.92416666633793
4616,10,3,-122.18138888877428,42.92416666633793
1247,3,10,-121.99472222209505,42.939722221894534
4869,10,3,-122.06583333321095,42.93194444411623
5183,11,2,-122.22027777766579,42.883055555224054
3727,8,5,-121.95472222209236,42.89416666633591
5179,11,2,-122.09916666654652,42.90527777744777
2208,5,8,-122.21361111099867,42.96861111078537
2,1,12,-122.04916666654316,42.901944444114214
548,2,11,-122.25361111100136,42.909722221892515
5281,11,2,-121.96027777764829,42.98638888856434
2557,6,7,-122.00138888876216,42.8874999996688
4273,9,4,-122.06583333321095,42.90638888855896
1990,5,8,-122.16027777766175,42.93861111078335
5877,12,1,-122.18249999988547,42.88416666633524
499,2,11,-122.02361111098588,42.86861111077864
3198,7,6,-122.01805555542995,42.95972222189588
3608,8,5,-122.09916666654652,42.91972222189319
3852,8,5,-122.12694444432617,42.985277777453156
2894,6,7,-122.1091666665472,42.97527777745248
3566,8,5,-122.13361111099329,42.941944444116906
4942,10,3,-121.96027777764829,42.88972222189117
4071,9,4,-122.26138888877966,42.89194444411354
3804,8,5,-122.0691666665445,42.95083333300639
125,1,12,-122.02027777765232,42.95749999967351
4864,10,3,-122.17916666655191,42.98749999967553
4832,10,3,-122.16027777766175,42.92527777744912
510,2,11,-121.95694444431473,42.9897222218979
2623,6,7,-122.07916666654518,42.91194444411489
1216,3,10,-122.1247222221038,42.966388888562996
367,1,12,-122.07472222210043,43.00305555523213
4527,10,3,-122.0936111109906,42.96527777745181
4824,10,3,-122.04694444432079,42.98083333300841
5160,11,2,-122.04027777765367,42.879722221890496
4507,10,3,-122.09472222210178,43.00305555523213
1345,3,10,-122.25138888877899,42.99527777745383
2216,5,8,-122.03361111098656,43.01083333301043
13,1,12,-122.19361111099732,42.977499999674855
2169,5,8,-122.0069444443181,42.964166666340624
4497,10,3,-122.24138888877832,43.00861111078806
386,1,12,-122.15805555543938,42.94638888856165
1589,4,9,-122.26249999989085,42.91972222189319
4314,9,4,-122.16138888877293,42.988611110786714
711,2,11,-122.01138888876284,42.988611110786714
1732,4,9,-122.08694444432348,42.945277777450464
680,2,11,-122.06805555543332,42.926388888560304
4578,10,3,-122.1958333332197,42.94305555522809
679,2,11,-122.01583333320758,42.86194444411152
977,2,11,-121.98583333320556,42.91638888855963
4682,10,3,-122.0691666665445,42.88194444411287
4727,10,3,-122.21583333322104,42.90083333300303
2690,6,7,-121.97249999987133,42.95638888856232
2380,5,8,-122.2424999998895,42.93527777744979
3551,8,5,-122.23583333322239,42.939722221894534
3723,8,5,-122.12694444432617,42.95749999967351
1054,3,10,-122.04805555543197,42.91416666633726
5103,11,2,-122.24027777766713,42.94083333300572
4876,10,3,-121.97027777764896,42.95194444411758
164,1,12,-121.9747222220937,42.90638888855896
4026,9,4,-122.25138888877899,42.86972222188982
218,1,12,-122.07138888876688,42.85749999966678
3765,8,5,-122.00583333320691,42.996388888565015
4502,10,3,-122.22361111099934,43.001944444120944
4798,10,3,-122.25694444433492,42.98083333300841
4039,9,4,-122.26027777766848,42.89416666633591
393,1,12,-122.24916666655662,42.92972222189386
1731,4,9,-122.20694444433155,42.91416666633726
3609,8,5,-122.10694444432482,43.00638888856569
4809,10,3,-122.03472222209774,42.97527777745248
776,2,11,-122.00027777765098,42.86749999966745
5586,12,1,-122.0147222220964,42.98416666634197
2892,6,7,-121.9902777776503,42.95194444411758
4723,10,3,-122.09249999987941,42.99305555523146
2471,5,8,-121.99472222209505,42.86749999966745
5206,11,2,-122.25472222211255,42.98083333300841
4412,9,4,-122.18472222210784,42.896388888558285
2554,6,7,-122.17694444432954,42.99194444412027
485,1,12,-122.23361111100002,42.96305555522944
3376,7,5,-121.9513888887588,42.88638888855761
5770,12,1,-122.1091666665472,42.95638888856232
5769,12,1,-121.99249999987268,42.97527777745248
117,1,12,-122.22916666655527,42.939722221894534
2828,6,7,-122.2113888887763,42.86861111077864
2318,5,8,-121.95027777764761,42.960833333007066
600,2,11,-121.98583333320556,42.97083333300774
2154,5,8,-122.04138888876486,42.926388888560304
1481,3,10,-122.15805555543938,42.90527777744777
515,2,11,-122.09249999987941,42.90861111078133
2719,6,7,-122.18916666655258,42.88083333300168
4661,10,3,-122.03138888876418,42.87527777744575
5115,11,2,-122.17583333321835,42.93083333300505
721,2,11,-122.1091666665472,42.94638888856165
4830,10,3,-121.9591666665371,42.91749999967082
2089,5,8,-122.20805555544274,42.93638888856098
4992,11,2,-122.1480555554387,42.90861111078133
4560,10,3,-122.08027777765636,42.8874999996688
1812,4,9,-122.11027777765838,42.971944444118925
3,1,12,-122.06583333321095,42.85638888855559
3025,7,6,-122.06027777765502,42.96194444411825
1188,3,10,-122.04805555543197,42.86194444411152
1472,3,10,-122.13583333321566,42.87861111077931
5672,12,1,-122.00027777765098,42.985277777453156
756,2,11,-122.19472222210851,42.86194444411152
1283,3,10,-121.98805555542793,42.941944444116906
2544,6,7,-122.18472222210784,42.97861111078604
4889,10,3,-122.17583333321835,42.99416666634264
889,2,11,-122.08138888876755,42.918611110782
476,1,12,-121.95805555542591,42.88972222189117
429,1,12,-122.15694444432819,42.92749999967149
4140,9,4,-121.95027777764761,42.93749999967216
5886,12,1,-122.17805555544072,43.00305555523213
2943,6,7,-122.06027777765502,43.00638888856569
2423,5,8,-122.16694444432886,42.89416666633591
5861,12,1,-122.07027777765569,42.94972222189521
959,2,11,-122.22583333322171,42.90083333300303
5520,12,1,-122.25249999989018,42.93861111078335
1060,3,10,-122.11138888876957,42.95638888856232
947,2,11,-122.25138888877899,42.958611110784695
883,2,11,-122.24805555544543,42.98416666634197
3571,8,5,-122.03249999987537,42.95083333300639
449,1,11,-122.25361111100136,42.8952777774471
1810,4,9,-122.21361111099867,42.885277777446426
5887,12,1,-122.01249999987402,42.90638888855896
55,1,12,-121.95694444431473,42.90638888855896
2104,5,8,-122.24805555544543,42.86861111077864
5931,12,1,-122.09805555543534,42.93194444411623
872,2,11,-122.08694444432348,42.86527777744508
1942,4,9,-122.15805555543938,42.88972222189117
5327,11,2,-122.20472222210918,42.99194444412027
4352,9,4,-122.24138888877832,42.97861111078604
2266,5,8,-122.2113888887763,42.915277777448445
4951,10,3,-122.0613888887662,42.99972222189857
1933,4,9,-122.25472222211255,42.95638888856232
935,2,11,-122.15916666655056,42.92527777744912
2899,6,7,-122.06361111098857,43.007499999676874
996,3,10,-122.20138888877563,42.99305555523146
126,1,12,-121.98805555542793,43.00305555523213
1309,3,10,-122.05138888876553,43.007499999676874
2583,6,7,-122.25583333322373,42.9974999996762
4223,9,4,-122.07138888876688,42.95749999967351
2946,6,7,-122.0458333332096,42.91638888855963
3133,7,6,-122.15805555543938,43.00861111078806
583,2,11,-122.16138888877293,42.985277777453156
1806,4,9,-122.14472222210514,42.99305555523146
3026,7,6,-122.13805555543803,42.883055555224054
976,2,11,-122.16916666655123,42.95083333300639
4940,10,3,-122.18694444433021,42.86749999966745
2202,5,8,-122.0536111109879,42.98749999967553
1274,3,10,-122.1713888887736,42.988611110786714
5117,11,2,-122.07361111098925,42.9030555552254
3553,8,5,-122.22361111099934,43.004166666343316
782,2,11,-122.26472222211322,42.88083333300168
2602,6,7,-122.0936111109906,42.871944444112195
1640,4,9,-122.0691666665445,42.920833333004374
3806,8,5,-122.18694444433021,43.009722221899246
4381,9,4,-122.15916666655056,42.864166666333894
4458,10,3,-122.17027777766242,42.87305555522338
800,2,11,-121.97138888876015,42.9897222218979
2877,6,7,-122.04472222209841,42.99527777745383
4046,9,4,-122.04805555543197,42.89861111078066
5392,11,2,-122.16249999988412,42.94972222189521
4266,9,4,-122.26249999989085,43.00305555523213
4476,10,3,-122.25361111100136,42.93861111078335
4457,9,4,-122.16694444432886,42.9030555552254
256,1,12,-122.04138888876486,42.89305555522473
1835,4,9,-122.2502777776678,42.9108333330037
1179,3,10,-122.0936111109906,42.94861111078402
3287,7,6,-122.02583333320825,42.89194444411354
1753,4,9,-122.2269444443329,42.88194444411287
5368,11,2,-122.25583333322373,42.99527777745383
3328,7,6,-122.03472222209774,42.9108333330037
1997,5,8,-122.03916666654249,42.879722221890496
876,2,11,-121.99583333320624,42.879722221890496
5421,11,2,-121.9991666665398,42.88972222189117
4483,10,3,-122.25916666655729,42.918611110782
4327,9,4,-121.99361111098386,42.86749999966745
5510,12,1,-122.15694444432819,43.007499999676874
4338,9,4,-122.10361111099127,42.97083333300774
5383,11,2,-122.13805555543803,43.001944444120944
3954,8,5,-122.19361111099732,43.001944444120944
3316,7,6,-122.12138888877024,42.97083333300774
3853,8,5,-122.02805555543063,43.01194444412162
5488,12,1,-122.22027777766579,42.87527777744575
180,1,12,-121.95805555542591,42.97861111078604
4296,9,4,-122.03249999987537,42.977499999674855
1304,3,10,-121.96916666653777,42.89416666633591
4016,9,4,-122.19694444433088,43.00638888856569
4914,10,3,-121.97805555542726,42.945277777450464
5780,12,1,-122.09916666654652,42.99972222189857
1741,4,9,-121.95027777764761,42.877499999668125
910,2,11,-122.030277777653,42.977499999674855
1129,3,10,-122.25361111100136,42.93861111078335
3242,7,6,-122.23027777766646,43.001944444120944
2355,5,8,-122.10805555543601,42.94305555522809
784,2,11,-122.04916666654316,42.904166666336586
4488,10,3,-122.07805555543399,42.86861111077864
2142,5,8,-122.24694444433425,42.92749999967149
1134,3,10,-122.00027777765098,42.95416666633995
5038,11,2,-122.02472222209707,42.871944444112195
1407,3,10,-122.20694444433155,42.99861111078739
475,1,12,-122.1013888887689,42.99416666634264
5293,11,2,-121.99249999987268,42.953055555228765
3598,8,5,-122.20916666655393,42.95194444411758
897,2,11,-122.00805555542928,42.990833333009085
2988,7,6,-121.95249999986999,42.85638888855559
4881,10,3,-122.13694444432684,42.88083333300168
2672,6,7,-122.17027777766242,42.98083333300841
3470,8,5,-122.18249999988547,43.004166666343316
4334,9,4,-122.20805555544274,42.915277777448445
2522,6,7,-122.06361111098857,42.87305555522338
5136,11,2,-121.97361111098252,42.90861111078133
5697,12,1,-122.16583333321768,42.89416666633591
539,2,11,-122.05027777765434,42.890833333002355
4666,10,2,-122.22472222211053,42.88972222189117
5900,12,1,-122.10361111099127,42.934166666338605
1977,4,9,-121.98694444431675,42.87416666633457
4102,9,4,-122.21472222210986,42.86527777744508
1620,4,9,-121.96805555542659,42.99861111078739
4743,10,3,-122.07138888876688,42.91749999967082
3717,8,5,-122.12916666654854,42.934166666338605
3979,9,4,-122.12916666654854,42.966388888562996
893,2,11,-122.25138888877899,42.90861111078133
112,1,12,-122.00472222209572,42.97305555523011
1302,3,10,-122.16027777766175,42.945277777450464
2475,5,8,-122.00916666654047,42.85638888855559
2288,5,8,-122.14361111099396,42.95638888856232
3191,7,6,-122.06027777765502,42.93083333300505
3436,7,6,-122.02361111098588,42.86749999966745
2685,6,7,-122.23138888877764,42.960833333007066
4542,10,3,-122.14694444432752,42.99861111078739
1115,3,10,-122.2191666665546,42.960833333007066
2066,5,8,-122.11472222210313,42.86749999966745
5302,11,2,-122.00805555542928,42.96194444411825
405,1,12,-122.25472222211255,42.99527777745383
205,1,12,-122.26249999989085,42.879722221890496
624,2,11,-121.97027777764896,42.89416666633591
1523,4,9,-122.01249999987402,43.01194444412162
2668,6,7,-122.16472222210649,42.98749999967553
4332,9,4,-122.14361111099396,42.99305555523146
779,2,11,-122.02916666654181,42.885277777446426
3057,7,6,-122.24138888877832,42.93305555522742
2991,7,6,-122.11027777765838,42.88083333300168
4874,10,3,-122.20583333322037,42.86194444411152
4209,9,4,-122.14916666654989,42.934166666338605
3743,8,5,-122.21805555544341,42.92749999967149
3956,8,5,-122.12916666654854,43.00083333300976
1312,3,10,-122.1636111109953,42.86972222188982
5603,12,1,-122.00916666654047,43.01194444412162
839,2,11,-122.18361111099665,43.007499999676874
5159,11,2,-122.21805555544341,42.87861111077931
5795,12,1,-122.04249999987604,42.89416666633591
1252,3,8,-122.07361111098925,42.858611110777964
1737,4,9,-122.18249999988547,42.97305555523011
4601,10,3,-122.10583333321364,42.90638888855896
1076,3,10,-121.97138888876015,42.89416666633591
5161,11,2,-122.26138888877966,42.920833333004374
5922,12,1,-122.2347222221112,42.96972222189655
3384,7,6,-122.23583333322239,42.915277777448445
3064,7,6,-121.9980555554286,42.907499999670144
5557,12,1,-122.25361111100136,42.95972222189588
4424,9,4,-121.99249999987268,42.97638888856367
975,2,11,-122.21694444433223,42.93194444411623
2569,6,7,-122.01027777765165,42.988611110786714
4518,10,3,-122.1091666665472,42.907499999670144
1099,3,10,-122.08805555543466,42.864166666333894
2588,6,7,-122.07583333321162,42.95083333300639
2817,6,7,-122.21249999988748,42.95749999967351
4640,10,3,-122.05583333321027,42.97527777745248
4511,10,3,-122.2424999998895,42.896388888558285
613,2,10,-122.24916666655662,42.89416666633591
131,1,12,-122.0458333332096,43.007499999676874
4401,9,4,-121.96583333320422,42.86194444411152
3400,7,6,-122.0769444443228,42.85972222188915
5145,11,2,-122.13138888877091,42.98638888856434
4880,10,3,-121.95027777764761,42.971944444118925
3417,7,6,-122.07138888876688,42.85749999966678
2194,5,8,-122.13472222210447,42.85972222188915
2332,5,8,-122.22138888877697,42.96194444411825
5017,11,2,-122.05472222209909,42.9974999996762
363,1,12,-122.04916666654316,42.91638888855963
819,2,11,-122.18583333321902,42.88861111077998
933,2,11,-122.04138888876486,42.88194444411287
1611,4,9,-121.95805555542591,42.9897222218979
1500,4,9,-122.16027777766175,43.00861111078806
5273,11,2,-122.02694444431944,42.890833333002355
3230,7,6,-122.01361111098521,42.85972222188915
4196,9,4,-122.26027777766848,42.97083333300774
2636,6,7,-122.06472222209976,42.904166666336586
5105,11,2,-122.00027777765098,42.97527777745248
10,1,12,-122.26361111100204,42.95749999967351
4498,10,3,-122.00249999987335,42.93638888856098
3901,8,5,-122.08361111098992,42.92416666633793
4647,10,3,-122.10249999988008,42.89194444411354
2452,5,8,-122.19027777766377,42.98638888856434
4931,10,3,-122.13694444432684,42.901944444114214
4676,10,3,-122.24472222211187,42.939722221894534
3327,7,6,-122.02805555543063,42.88861111077998
2599,6,7,-122.20694444433155,42.86527777744508
3664,8,5,-122.23138888877764,42.92527777744912
5596,12,1,-122.10472222210245,42.945277777450464
4964,11,2,-122.1802777776631,43.00083333300976
1457,3,10,-122.03138888876418,42.947499999672836
4895,10,3,-122.12694444432617,42.883055555224054
2560,6,7,-122.17694444432954,43.0052777774545
1296,3,10,-121.9513888887588,42.860833333000336
4294,9,4,-122.24138888877832,42.95083333300639
2325,5,8,-122.03361111098656,42.90083333300303
4505,10,3,-122.24027777766713,42.93861111078335
881,2,10,-122.24138888877832,42.89749999966947
5347,11,2,-122.07805555543399,42.95416666633995
1174,3,10,-122.17583333321835,42.93638888856098
1228,3,10,-121.99694444431742,42.909722221892515
2317,5,8,-122.0769444443228,42.918611110782
2736,6,7,-122.18916666655258,43.0052777774545
2346,5,8,-121.96027777764829,42.99194444412027
5793,12,1,-121.95805555542591,42.98083333300841
1152,3,10,-122.1958333332197,42.92749999967149
3792,8,5,-122.2580555554461,42.91638888855963
3163,7,6,-122.01138888876284,42.89416666633591
5551,12,1,-122.21583333322104,43.001944444120944
3638,8,5,-122.03694444432011,42.93861111078335
5677,12,1,-122.00361111098454,42.96749999967418
869,2,11,-121.98583333320556,42.960833333007066
4904,10,3,-122.24916666655662,42.99527777745383
863,2,11,-122.23805555544476,42.93638888856098
713,2,11,-122.1958333332197,42.890833333002355
3511,8,5,-122.17916666655191,42.97638888856367
3276,7,6,-122.1247222221038,42.88638888855761
2725,6,7,-122.07583333321162,42.960833333007066
1842,4,9,-122.21805555544341,42.960833333007066
5835,12,1,-122.12694444432617,42.85972222188915
473,1,12,-122.02361111098588,42.99416666634264
2183,5,8,-122.08361111098992,42.966388888562996
5116,11,2,-122.05805555543265,42.93749999967216
1662,4,9,-122.06249999987739,42.94083333300572
4637,10,3,-122.18472222210784,42.93305555522742
5558,12,1,-122.24916666655662,42.90527777744777
904,2,11,-122.01583333320758,42.896388888558285
3055,7,6,-122.1324999998821,42.93083333300505
4861,10,3,-121.98583333320556,42.890833333002355
3706,8,5,-121.98916666653912,42.94305555522809
887,2,11,-121.96472222209303,43.01083333301043
2681,6,7,-122.26138888877966,42.89861111078066
2791,6,7,-122.25472222211255,42.9108333330037
5400,11,2,-121.97027777764896,42.89861111078066
4110,9,4,-122.1013888887689,42.90638888855896
249,1,11,-121.9513888887588,42.93749999967216
301,1,12,-122.24583333322306,42.939722221894534
4163,9,4,-122.25916666655729,42.91638888855963
5785,12,1,-122.23027777766646,42.94305555522809
4413,9,4,-122.04027777765367,42.89305555522473
5155,11,2,-121.96027777764829,42.907499999670144
739,2,11,-122.15027777766107,43.00083333300976
4509,10,3,-122.09694444432415,43.00638888856569
3016,7,6,-122.23805555544476,42.99972222189857
2772,6,5,-122.20027777766444,42.890833333002355
3101,7,6,-122.00583333320691,42.923055555226746
2013,5,8,-121.96249999987066,42.95416666633995
4632,10,3,-122.05805555543265,43.007499999676874
349,1,12,-122.15472222210582,42.86749999966745
5806,12,1,-122.07805555543399,42.947499999672836
1177,3,10,-121.98138888876082,42.89861111078066
1011,3,10,-122.04916666654316,42.86305555522271
3373,7,6,-122.16027777766175,42.88861111077998
3877,8,5,-122.15249999988345,43.0130555552328
2777,6,7,-122.18916666655258,42.92194444411556
2357,5,8,-122.22583333322171,42.971944444118925
4036,9,4,-121.96583333320422,42.864166666333894
5059,11,2,-122.01694444431877,42.966388888562996
2833,6,7,-122.0069444443181,42.985277777453156
4025,9,4,-122.01361111098521,42.8952777774471
5637,12,1,-121.97916666653845,42.99972222189857
3746,8,5,-122.03472222209774,42.915277777448445
5817,12,1,-122.12361111099261,42.93194444411623
5463,12,1,-122.19249999988614,42.983055555230784
2871,6,7,-121.97694444431608,42.9819444441196
5927,12,1,-122.17916666655191,42.89861111078066
5705,12,1,-122.00583333320691,42.89416666633591
3339,7,6,-122.22472222211053,42.92749999967149
3705,8,5,-122.07916666654518,42.91416666633726
578,2,11,-122.1802777776631,42.88861111077998
5360,11,2,-122.16694444432886,42.97861111078604
628,2,10,-121.9902777776503,42.85638888855559
1012,3,10,-121.95583333320354,42.88972222189117
2231,5,8,-122.20472222210918,42.91638888855963
5934,12,1,-122.24138888877832,42.86861111077864
799,2,11,-122.22583333322171,42.95972222189588
4769,10,3,-122.1480555554387,42.953055555228765
19,1,12,-122.12694444432617,42.93749999967216
1055,3,7,-122.21249999988748,42.890833333002355
5803,12,1,-122.19472222210851,43.0052777774545
1137,3,10,-122.16583333321768,42.88861111077998
2427,5,8,-122.03138888876418,42.97527777745248
1135,3,10,-122.0458333332096,42.964166666340624
73,1,12,-121.99361111098386,42.90527777744777
2447,5,8,-122.11249999988075,42.86972222188982
2282,5,8,-122.18472222210784,43.0052777774545
2917,6,7,-122.24361111100069,42.93749999967216
5133,11,2,-122.0769444443228,42.88194444411287
1357,3,10,-122.24694444433425,42.9974999996762
2353,5,8,-122.0380555554313,42.858611110777964
4933,10,3,-122.02583333320825,42.91638888855963
4815,10,3,-122.0691666665445,42.907499999670144
4980,11,2,-122.22916666655527,42.960833333007066
4405,9,4,-122.26027777766848,42.990833333009085
5710,12,1,-122.0769444443228,42.93638888856098
2555,6,7,-122.13472222210447,42.901944444114214
5865,12,1,-122.203611110998,42.95527777745114
1522,4,9,-122.22916666655527,42.95749999967351
4340,9,4,-122.00472222209572,42.93527777744979
3035,7,6,-122.22138888877697,42.97861111078604
1277,3,10,-122.11472222210313,42.91194444411489
1593,4,9,-122.11583333321431,42.85749999966678
1318,3,10,-122.07027777765569,42.85749999966678
4425,9,4,-121.99472222209505,42.93861111078335
1504,4,9,-122.08249999987873,42.99305555523146
5082,11,2,-122.04361111098723,42.91749999967082
5763,12,1,-122.20583333322037,43.007499999676874
3294,7,6,-122.26472222211322,42.871944444112195
5452,12,1,-122.09138888876822,42.90527777744777
2646,6,7,-122.18916666655258,42.896388888558285
4238,9,4,-122.24027777766713,42.88638888855761
2084,5,8,-121.99361111098386,42.86749999966745
5414,11,2,-122.11583333321431,43.0130555552328
3209,7,6,-121.97805555542726,42.92972222189386
2749,6,7,-122.11916666654787,42.85638888855559
4312,9,4,-122.22583333322171,42.99527777745383
20,1,12,-121.95583333320354,42.88861111077998
5606,12,1,-122.11361111099194,42.928611110782676
3176,7,6,-122.20694444433155,42.91638888855963
310,1,12,-122.08805555543466,42.94861111078402
547,2,11,-122.20583333322037,42.953055555228765
1958,4,9,-122.05249999987672,42.86305555522271
3520,8,5,-122.20472222210918,42.990833333009085
4004,9,4,-122.08027777765636,42.90527777744777
3505,8,5,-122.0147222220964,42.91749999967082
3021,7,6,-122.17805555544072,43.0052777774545
440,1,12,-122.22472222211053,42.901944444114214
466,1,12,-122.12805555543736,42.91305555522607
3703,8,5,-122.22027777766579,42.934166666338605
4355,9,4,-122.20472222210918,42.88972222189117
864,2,11,-122.25361111100136,42.99416666634264
5675,12,1,-121.96583333320422,42.95527777745114
5200,11,2,-122.18361111099665,42.8952777774471
814,2,11,-121.9591666665371,42.88972222189117
3800,8,5,-122.24805555544543,42.89416666633591
3821,8,5,-121.95249999986999,42.99194444412027
4671,10,3,-122.01138888876284,42.93638888856098
375,1,12,-121.9669444443154,42.88861111077998
3818,8,5,-122.17361111099598,42.86305555522271
821,2,11,-122.22805555544409,42.947499999672836
5858,12,1,-122.09583333321297,42.89749999966947
1490,4,9,-121.98805555542793,42.87416666633457
2077,5,8,-121.99138888876149,42.95083333300639
1184,3,10,-122.11027777765838,42.93749999967216
5129,11,2,-122.12361111099261,43.001944444120944
5871,12,1,-122.05472222209909,42.97638888856367
5266,11,2,-122.03694444432011,42.90527777744777
2718,6,7,-122.06583333321095,42.99305555523146
329,1,12,-122.2424999998895,42.99972222189857
5022,11,2,-122.06472222209976,42.94305555522809
4434,9,4,-122.26138888877966,42.88083333300168
4164,9,4,-122.04472222209841,42.966388888562996
629,2,11,-122.22027777766579,42.918611110782
4630,10,3,-122.20472222210918,42.939722221894534
892,2,11,-122.18916666655258,42.99527777745383
3576,8,5,-121.97694444431608,42.939722221894534
4103,9,4,-122.15138888877226,43.0130555552328
437,1,12,-122.17361111099598,42.966388888562996
2036,5,8,-122.1324999998821,42.928611110782676
609,2,11,-122.155833333217,42.926388888560304
3591,8,5,-122.03361111098656,42.9108333330037
3435,7,6,-122.12916666654854,42.98638888856434
2474,5,8,-122.23916666655595,42.95749999967351
885,2,11,-122.25361111100136,42.988611110786714
5050,11,2,-122.18694444433021,42.97527777745248
5279,11,2,-122.0458333332096,42.9108333330037
3562,8,4,-121.982499999872,42.85749999966678
315,1,12,-122.18916666655258,42.9741666663413
2758,6,7,-122.07361111098925,42.939722221894534
4306,9,4,-122.2269444443329,42.97638888856367
5831,12,1,-121.98138888876082,42.97972222189723
2246,5,8,-121.9980555554286,42.909722221892515
5920,12,1,-122.22249999988816,42.96305555522944
690,2,11,-122.15361111099463,42.95638888856232
2813,6,6,-122.21249999988748,42.890833333002355
4316,9,4,-122.12027777765906,42.97305555523011
5250,11,2,-122.2347222221112,42.939722221894534
1669,4,9,-121.95361111098117,42.99861111078739
3605,8,5,-122.11027777765838,42.9897222218979
853,2,11,-122.21583333322104,42.996388888565015
2856,6,7,-121.99694444431742,42.97305555523011
3726,8,5,-122.22805555544409,42.96305555522944
4961,11,2,-122.155833333217,42.85972222188915
1018,3,9,-122.23805555544476,42.890833333002355
4213,9,4,-121.98472222209438,42.890833333002355
2827,6,7,-122.22805555544409,42.93083333300505
5582,12,1,-122.18249999988547,42.94305555522809
410,1,12,-122.24916666655662,42.95972222189588
5760,12,1,-121.95805555542591,42.883055555224054
4860,10,3,-122.18583333321902,42.90083333300303
2385,5,8,-122.00805555542928,42.971944444118925
4921,10,3,-122.12583333321498,42.93194444411623
2653,6,7,-122.14583333321633,42.95083333300639
5243,11,2,-121.98472222209438,42.98638888856434
1777,4,9,-122.13583333321566,42.96749999967418
59,1,12,-122.155833333217,43.004166666343316
2373,5,8,-122.26472222211322,42.95416666633995
1232,3,10,-122.0147222220964,42.95749999967351
1534,4,9,-122.1324999998821,42.93194444411623
3241,7,6,-121.95027777764761,42.93638888856098
4077,9,4,-122.22583333322171,42.90527777744777
4411,9,4,-122.13361111099329,42.879722221890496
1065,3,8,-122.22027777766579,42.89972222189184
5673,12,1,-122.08916666654585,42.92194444411556
1993,5,8,-122.11027777765838,42.99972222189857
2724,6,7,-122.00805555542928,42.985277777453156
5398,11,2,-122.00583333320691,42.87083333300101
5035,11,2,-122.07027777765569,42.885277777446426
2584,6,7,-122.15694444432819,42.928611110782676
1725,4,9,-122.25583333322373,42.877499999668125
2019,5,8,-121.98361111098319,42.97305555523011
2117,5,8,-121.9591666665371,42.885277777446426
226,1,12,-121.982499999872,42.85638888855559
4030,9,4,-122.23249999988883,42.8874999996688
1885,4,9,-122.09916666654652,42.94416666633928
1998,5,7,-122.24472222211187,42.896388888558285
362,1,12,-122.15916666655056,42.90527777744777
318,1,12,-122.02805555543063,42.88416666633524
4038,9,4,-122.17249999988479,42.920833333004374
68,1,12,-122.15916666655056,42.86305555522271
419,1,12,-122.11916666654787,42.858611110777964
2830,6,6,-122.08249999987873,42.86194444411152
4652,10,3,-122.20916666655393,42.88083333300168
1559,4,9,-122.24805555544543,42.92749999967149
4552,10,3,-122.17361111099598,42.93083333300505
4894,10,3,-122.11805555543668,42.909722221892515
5151,11,2,-122.15138888877226,42.94638888856165
3570,8,5,-122.09916666654652,42.88083333300168
5413,11,2,-121.99249999987268,42.91416666633726
1864,4,9,-121.96583333320422,43.01194444412162
5597,12,1,-121.98583333320556,43.0130555552328
4311,9,4,-122.24694444433425,42.939722221894534
3545,8,5,-122.07027777765569,42.947499999672836
1968,4,9,-121.98027777764963,42.98749999967553
2175,5,8,-122.25694444433492,42.93861111078335
5391,11,2,-122.02805555543063,42.953055555228765
2086,5,8,-122.23249999988883,42.996388888565015
874,2,10,-122.25694444433492,42.939722221894534
913,2,11,-122.21249999988748,42.86861111077864
5720,12,1,-122.14916666654989,43.007499999676874
858,2,11,-122.01694444431877,42.91638888855963
4804,10,3,-122.19472222210851,42.96861111078537
1663,4,9,-122.00916666654047,42.985277777453156
5007,11,2,-122.15027777766107,42.93305555522742
262,1,12,-122.05027777765434,42.90527777744777
574,2,11,-122.13805555543803,42.88638888855761
617,2,11,-122.23027777766646,42.8874999996688
1560,4,9,-122.18472222210784,42.99861111078739
2211,5,8,-122.17361111099598,42.97527777745248
1431,3,10,-122.01361111098521,42.95972222189588
5590,12,1,-122.13138888877091,42.96749999967418
3038,7,6,-121.97805555542726,42.918611110782
4761,10,3,-122.13583333321566,43.001944444120944
4586,10,3,-121.98361111098319,42.89305555522473
4453,9,4,-122.2580555554461,42.939722221894534
4463,10,3,-122.09916666654652,42.904166666336586
135,1,12,-121.95805555542591,42.94972222189521
5753,12,1,-122.04249999987604,42.988611110786714
734,2,11,-122.00472222209572,42.953055555228765
4402,9,4,-122.16027777766175,42.98638888856434
3238,7,6,-122.07472222210043,42.93861111078335
2059,5,8,-121.9747222220937,42.896388888558285
1764,4,9,-122.11583333321431,42.909722221892515
5410,11,2,-122.03138888876418,42.99305555523146
5226,11,2,-121.97361111098252,42.9030555552254
4183,9,4,-122.10694444432482,42.958611110784695
5609,12,1,-121.99138888876149,42.95527777745114
4363,9,4,-122.05472222209909,42.93749999967216
2255,5,8,-122.2502777776678,42.95416666633995
1543,4,8,-121.95027777764761,42.877499999668125
3685,8,5,-122.25249999989018,42.95527777745114
1254,3,10,-122.24027777766713,42.95527777745114
160,1,12,-122.05249999987672,42.95194444411758
5600,12,1,-122.08027777765636,42.93749999967216
3830,8,5,-121.98805555542793,42.996388888565015
142,1,12,-122.02583333320825,42.9897222218979
5690,12,1,-122.09249999987941,42.91749999967082
571,2,11,-122.20138888877563,42.928611110782676
2180,5,8,-121.96805555542659,42.960833333007066
5684,12,1,-122.14916666654989,42.93527777744979
5631,12,1,-122.17916666655191,43.004166666343316
1494,4,9,-122.07361111098925,42.96527777745181
5473,12,1,-122.15916666655056,42.89305555522473
2675,6,7,-122.02472222209707,42.95638888856232
1708,4,9,-122.22361111099934,42.964166666340624
11,1,12,-122.11805555543668,42.93638888856098
1272,3,10,-122.1091666665472,42.99194444412027
62,1,12,-122.09916666654652,42.939722221894534
3639,8,5,-122.1480555554387,43.00083333300976
2014,5,8,-122.01138888876284,42.8952777774471
3929,8,5,-121.97694444431608,42.947499999672836
3402,7,6,-122.23805555544476,42.96861111078537
1565,4,9,-122.09916666654652,42.88194444411287
4786,10,3,-122.24583333322306,42.97638888856367
1388,3,10,-122.16472222210649,42.89861111078066
2177,5,8,-121.97027777764896,42.95416666633995
3206,7,6,-122.25249999989018,43.00638888856569
4596,10,3,-122.1713888887736,42.871944444112195
2753,6,7,-122.18472222210784,43.01083333301043
1989,5,8,-122.20472222210918,42.91416666633726
5778,12,1,-122.20694444433155,42.93638888856098
309,1,12,-122.05249999987672,42.860833333000336
4746,10,3,-122.01805555542995,42.85749999966678
255,1,12,-122.08916666654585,42.94305555522809
1936,4,9,-122.20694444433155,42.866388888556266
2711,6,7,-122.0536111109879,42.86305555522271
2458,5,8,-122.1880555554414,42.98638888856434
5665,12,1,-122.0936111109906,42.915277777448445
2111,5,8,-122.20027777766444,42.896388888558285
5796,12,1,-122.19249999988614,42.928611110782676
859,2,11,-122.15138888877226,42.87083333300101
5572,12,1,-122.26027777766848,42.958611110784695
5131,11,2,-122.22472222211053,42.88194444411287
4390,9,4,-122.14361111099396,42.91749999967082
4407,9,4,-122.13361111099329,42.920833333004374
3666,8,5,-122.04138888876486,42.958611110784695
3740,8,5,-122.10583333321364,42.95416666633995
1495,4,9,-122.09027777765704,42.86861111077864
3459,7,6,-122.03138888876418,42.87638888855694
1401,3,10,-122.02694444431944,42.96749999967418
93,1,12,-122.16694444432886,42.901944444114214
1853,4,9,-122.03916666654249,42.88638888855761
3817,8,5,-121.99583333320624,42.907499999670144
5125,11,2,-122.15138888877226,42.87305555522338
2326,5,7,-122.21583333322104,42.88972222189117
958,2,11,-122.09472222210178,42.94083333300572
1480,3,10,-121.95583333320354,42.88861111077998
1311,3,10,-122.21027777766511,42.93749999967216
5323,11,2,-122.14916666654989,42.90638888855896
602,2,11,-122.06583333321095,42.95972222189588
1754,4,9,-122.23916666655595,42.866388888556266
2932,6,7,-122.19249999988614,42.98749999967553
1886,4,9,-122.13916666654922,42.915277777448445
2855,6,7,-121.99138888876149,42.96861111078537
686,2,11,-122.21805555544341,42.966388888562996
198,1,11,-121.95027777764761,42.96305555522944
154,1,12,-122.18249999988547,43.00083333300976
2418,5,8,-121.99694444431742,42.88083333300168
67,1,12,-122.25916666655729,42.99194444412027
403,1,12,-122.04027777765367,43.001944444120944
3052,7,6,-122.11583333321431,42.966388888562996
5841,12,1,-122.16805555544005,42.90527777744777
794,2,11,-122.08916666654585,42.866388888556266
3724,8,5,-122.04916666654316,42.90861111078133
2164,5,8,-122.12027777765906,42.96527777745181
76,1,12,-122.18694444433021,42.89972222189184
2195,5,8,-122.2269444443329,42.95749999967351
23,1,12,-122.19916666655325,42.96749999967418
761,2,11,-122.09805555543534,42.92416666633793
5029,11,2,-121.97361111098252,42.99416666634264
1436,3,10,-122.01583333320758,43.0130555552328
2739,6,7,-122.24361111100069,42.8874999996688
4503,10,3,-122.17472222210716,42.95972222189588
4116,9,4,-122.24472222211187,42.93861111078335
4996,11,2,-122.24916666655662,42.86305555522271
5742,12,1,-121.9747222220937,42.941944444116906
906,2,11,-122.23249999988883,42.89194444411354
2244,5,8,-122.03138888876418,42.94638888856165
971,2,11,-122.0224999998747,42.95749999967351
1554,4,9,-122.05916666654383,42.871944444112195
3515,8,5,-121.97805555542726,42.85972222188915
4573,10,3,-122.13694444432684,42.87416666633457
3253,7,6,-122.21027777766511,42.890833333002355
2926,6,5,-121.9902777776503,42.85749999966678
950,2,11,-122.03472222209774,43.00861111078806
3111,7,6,-122.20805555544274,42.93861111078335
409,1,12,-122.23583333322239,42.960833333007066
3304,7,6,-122.18472222210784,42.89972222189184
3441,7,6,-122.22361111099934,42.99416666634264
4494,10,3,-122.07472222210043,42.95527777745114
3680,8,5,-122.25361111100136,42.86527777744508
5186,11,2,-122.2502777776678,42.97972222189723
2189,5,8,-122.20805555544274,43.00305555523213
79,1,12,-122.19361111099732,42.92972222189386
3951,8,5,-121.95361111098117,42.85749999966678
591,2,11,-122.05027777765434,42.904166666336586
4365,9,4,-122.2502777776678,42.93861111078335
2543,6,7,-122.24361111100069,42.95527777745114
2674,6,7,-121.98472222209438,42.96861111078537
5135,11,2,-122.12361111099261,42.96972222189655
3160,7,6,-122.1802777776631,42.87083333300101
2112,5,8,-121.96249999987066,42.99194444412027
4888,10,3,-122.09694444432415,42.87638888855694
5867,12,1,-121.982499999872,42.89972222189184
535,2,11,-122.03916666654249,42.8874999996688
39,1,12,-122.20583333322037,42.95638888856232
157,1,12,-122.09472222210178,42.907499999670144
2661,6,7,-122.16583333321768,42.97083333300774
1802,4,9,-122.203611110998,42.86194444411152
1003,3,10,-122.26249999989085,42.98083333300841
1219,3,10,-122.17027777766242,42.9819444441196
5885,12,1,-122.18249999988547,42.94638888856165
639,2,11,-122.25249999989018,42.920833333004374
3212,7,6,-122.10027777765771,42.9974999996762
2092,5,8,-122.11472222210313,42.86861111077864
3871,8,5,-121.97805555542726,43.01194444412162
134,1,12,-121.99694444431742,42.87638888855694
688,2,11,-121.98472222209438,42.971944444118925
5316,11,2,-122.06805555543332,42.90527777744777
1333,3,9,-122.22472222211053,42.88972222189117
3058,7,6,-122.0936111109906,42.8874999996688
2953,6,7,-122.04694444432079,42.87638888855694
279,1,12,-121.98583333320556,42.96194444411825
1338,3,10,-122.19694444433088,42.85749999966678
1711,4,9,-121.98583333320556,42.99861111078739
4277,9,4,-122.15694444432819,42.866388888556266
5387,11,2,-122.0691666665445,42.918611110782
3166,7,6,-122.13694444432684,42.85749999966678
895,2,11,-122.04694444432079,42.87527777744575
564,2,11,-122.19805555544207,42.92749999967149
3104,7,6,-122.21361111099867,42.996388888565015
1328,3,10,-122.1324999998821,42.99194444412027
5897,12,1,-122.19027777766377,42.90083333300303
3546,8,5,-122.13138888877091,42.96527777745181
1520,4,9,-122.21249999988748,42.88638888855761
4766,10,3,-122.21805555544341,42.90083333300303
3410,7,6,-122.25249999989018,42.909722221892515
2305,5,8,-122.2580555554461,42.934166666338605
2415,5,8,-122.01916666654114,42.93638888856098
3365,7,6,-122.23916666655595,42.93861111078335
4891,10,3,-121.99583333320624,42.87416666633457
1868,4,9,-122.05583333321027,42.86194444411152
2016,5,8,-121.96916666653777,42.98638888856434
701,2,11,-121.98472222209438,42.896388888558285
2776,6,7,-122.12361111099261,42.91416666633726
1349,3,10,-121.99138888876149,42.939722221894534
2707,6,7,-122.03694444432011,43.007499999676874
3650,8,5,-122.18583333321902,42.94861111078402
3760,8,5,-122.12027777765906,42.9741666663413
2048,5,8,-122.08138888876755,42.92972222189386
4501,10,3,-121.95027777764761,42.87083333300101
932,2,11,-122.18472222210784,42.99194444412027
1072,3,10,-122.24472222211187,42.89305555522473
1310,3,10,-122.04027777765367,43.00638888856569
1289,3,10,-122.20916666655393,42.86749999966745
2936,6,7,-122.00027777765098,42.90861111078133
1959,4,9,-122.14583333321633,43.01083333301043
5364,11,2,-122.13027777765973,43.00305555523213
1476,3,10,-122.26361111100204,42.91972222189319
1650,4,9,-122.01583333320758,42.89972222189184
4506,10,3,-122.14249999988277,42.92527777744912
4492,10,3,-121.97027777764896,42.928611110782676
4205,9,4,-121.99472222209505,43.009722221899246
1027,3,10,-122.00583333320691,42.93527777744979
4805,10,3,-122.15027777766107,42.923055555226746
38,1,12,-122.1091666665472,42.958611110784695
4878,10,3,-122.1636111109953,42.94305555522809
94,1,12,-121.96361111098184,43.00861111078806
4966,11,2,-122.1802777776631,42.90861111078133
2133,5,8,-122.03472222209774,42.896388888558285
5481,12,1,-122.16583333321768,42.896388888558285
3967,9,4,-122.1247222221038,42.8952777774471
3357,7,6,-122.25361111100136,42.996388888565015
1195,3,10,-122.19361111099732,43.004166666343316
4967,11,2,-122.10027777765771,42.87861111077931
4435,9,4,-122.21472222210986,42.90083333300303
2233,5,7,-122.20472222210918,42.890833333002355
2114,5,8,-122.2269444443329,42.87638888855694
3863,8,5,-121.98027777764963,42.89861111078066
5291,11,2,-122.0536111109879,42.95527777745114
316,1,12,-121.98694444431675,43.001944444120944
195,1,12,-122.25694444433492,42.99416666634264
4939,10,3,-122.23916666655595,42.93749999967216
439,1,12,-121.96805555542659,42.89416666633591
2530,6,7,-122.01138888876284,42.95972222189588
5821,12,1,-122.09916666654652,42.90638888855896
3344,7,6,-122.09472222210178,42.89416666633591
2914,6,7,-121.96138888875947,42.98416666634197
1025,3,10,-122.05805555543265,43.00861111078806
3616,8,5,-121.99138888876149,42.89861111078066
1841,4,9,-122.05027777765434,42.87305555522338
880,2,11,-122.21694444433223,42.97083333300774
4215,9,4,-122.15694444432819,43.00638888856569
423,1,12,-121.9991666665398,42.99861111078739
3876,8,5,-121.96249999987066,42.98638888856434
305,1,12,-122.13694444432684,42.96527777745181
5624,12,1,-122.04472222209841,42.89194444411354
2382,5,8,-122.0847222221011,42.86305555522271
5329,11,2,-122.04916666654316,42.90638888855896
4703,10,3,-121.98694444431675,42.88194444411287
2771,6,7,-122.11138888876957,42.98638888856434
5436,11,2,-122.15027777766107,42.99972222189857
4089,9,4,-122.19361111099732,42.98638888856434
325,1,12,-122.26472222211322,42.97972222189723
5518,12,1,-122.26472222211322,42.904166666336586
1164,3,10,-121.9513888887588,42.93083333300505
3659,8,5,-122.25249999989018,42.95527777745114
1747,4,9,-121.95249999986999,42.8874999996688
3866,8,5,-122.1880555554414,42.920833333004374
2170,5,8,-121.95361111098117,42.91749999967082
5929,12,1,-122.14361111099396,42.92194444411556
2916,6,7,-122.05694444432146,42.958611110784695
5011,11,2,-122.14361111099396,42.92972222189386
1988,5,8,-121.96027777764829,42.98749999967553
5822,12,1,-122.0613888887662,42.926388888560304
1851,4,9,-122.13361111099329,42.8874999996688
1591,4,9,-122.02583333320825,42.98749999967553
3029,7,6,-122.24027777766713,42.89194444411354
2265,5,8,-122.03916666654249,42.885277777446426
844,2,11,-122.08027777765636,43.00305555523213
5743,12,1,-121.95583333320354,42.95083333300639
5784,12,1,-122.17694444432954,42.99861111078739
2239,5,8,-122.03138888876418,42.97972222189723
3784,8,5,-122.09472222210178,42.890833333002355
3059,7,5,-122.24916666655662,42.89416666633591
352,1,12,-122.19694444433088,43.001944444120944
1602,4,9,-122.15249999988345,42.953055555228765
3502,8,5,-122.18583333321902,42.99194444412027
5146,11,2,-122.15027777766107,42.95638888856232
487,1,12,-122.2113888887763,42.939722221894534
4342,9,4,-122.02916666654181,42.88194444411287
627,2,11,-122.24916666655662,42.87083333300101
5714,12,1,-122.21694444433223,42.87416666633457
1756,4,9,-122.2424999998895,42.95638888856232
2708,6,6,-122.01361111098521,42.858611110777964
3812,8,5,-122.26249999989085,42.86305555522271
3306,7,6,-122.03361111098656,42.99305555523146
5722,12,1,-122.15805555543938,42.95083333300639
1625,4,9,-122.22249999988816,42.99416666634264
802,2,11,-121.95027777764761,42.91749999967082
1297,3,10,-122.23027777766646,42.960833333007066
1240,3,10,-122.04138888876486,42.89305555522473
1209,3,10,-122.155833333217,42.86305555522271
5212,11,2,-121.98694444431675,42.996388888565015
1348,3,10,-122.06027777765502,43.007499999676874
4243,9,4,-122.1091666665472,42.988611110786714
4301,9,4,-121.95361111098117,42.94972222189521
3748,8,5,-122.22583333322171,42.89416666633591
4801,10,3,-122.18916666655258,42.918611110782
3089,7,6,-121.95027777764761,42.93527777744979
1287,3,10,-122.02916666654181,42.86194444411152
1001,3,10,-122.08583333321229,42.864166666333894
4446,9,4,-121.95249999986999,42.91749999967082
149,1,12,-122.0536111109879,42.89972222189184
5048,11,2,-122.1402777776604,42.958611110784695
5423,11,2,-122.14138888877159,42.88083333300168
1422,3,10,-122.20805555544274,42.964166666340624
2925,6,7,-122.02583333320825,42.915277777448445
4415,9,4,-122.03472222209774,43.009722221899246
2715,6,7,-122.13583333321566,42.85972222188915
1614,4,9,-122.20694444433155,43.001944444120944
4722,10,3,-122.0613888887662,42.87416666633457
1008,3,10,-122.04694444432079,42.890833333002355
2055,5,8,-122.12361111099261,42.96194444411825
1021,3,10,-121.9513888887588,42.87861111077931
4763,10,3,-122.07916666654518,42.896388888558285
5525,12,1,-122.12583333321498,42.98083333300841
88,1,12,-122.13361111099329,42.95194444411758
1095,3,10,-122.11472222210313,42.95083333300639
3429,7,6,-122.13361111099329,42.99416666634264
15,1,12,-122.25361111100136,42.93749999967216
3773,8,5,-122.20249999988681,42.95527777745114
760,2,11,-122.13805555543803,42.88083333300168
4120,9,4,-122.1958333332197,42.89194444411354
187,1,12,-122.02138888876351,42.95749999967351
4299,9,4,-122.02805555543063,43.004166666343316
4608,10,2,-122.24138888877832,42.95638888856232
4768,10,3,-122.0769444443228,42.85972222188915
5290,11,2,-122.11916666654787,42.87305555522338
1438,3,10,-121.98472222209438,43.004166666343316
1684,4,9,-122.01694444431877,43.00638888856569
581,2,11,-122.11805555543668,42.85749999966678
3337,7,6,-121.99583333320624,42.958611110784695
2695,6,7,-122.20138888877563,42.941944444116906
232,1,12,-122.04472222209841,42.890833333002355
4549,10,3,-122.24805555544543,42.9108333330037
505,2,11,-122.19916666655325,42.94305555522809
3401,7,6,-122.11805555543668,42.9741666663413
462,1,12,-122.25694444433492,42.99194444412027
1925,4,9,-122.25583333322373,42.93861111078335
841,2,11,-122.04472222209841,42.988611110786714
5338,11,2,-122.1802777776631,43.00638888856569
908,2,11,-122.1713888887736,42.89194444411354
5404,11,2,-121.99583333320624,42.93749999967216
2181,5,8,-122.16249999988412,42.8874999996688
2289,5,8,-122.08361111098992,42.918611110782
3774,8,5,-122.2191666665546,42.95083333300639
3265,7,6,-122.25249999989018,42.86972222188982
2428,5,8,-122.03583333320893,42.90527777744777
520,2,11,-122.25361111100136,42.86861111077864
5928,12,1,-121.97805555542726,42.864166666333894
382,1,12,-122.18361111099665,42.983055555230784
2744,6,7,-122.13138888877091,43.0052777774545
1728,4,9,-122.00583333320691,42.98416666634197
710,2,10,-122.01138888876284,42.85749999966678
5170,11,2,-122.22361111099934,42.89972222189184
3343,7,6,-122.0147222220964,42.985277777453156
5220,11,2,-122.19472222210851,42.95083333300639
1904,4,9,-122.10472222210245,42.960833333007066
1014,3,10,-122.16583333321768,42.89749999966947
2483,6,7,-121.98805555542793,42.91194444411489
3437,7,6,-122.26361111100204,42.90083333300303
1363,3,10,-122.04361111098723,42.896388888558285
5402,11,2,-122.0380555554313,42.9974999996762
5604,12,1,-122.21694444433223,43.01083333301043
1347,3,10,-122.11249999988075,42.9741666663413
1285,3,10,-122.16916666655123,42.89194444411354
5851,12,1,-122.18916666655258,42.964166666340624
5506,12,1,-122.24027777766713,42.93305555522742
210,1,12,-122.15694444432819,42.864166666333894
36,1,12,-122.2269444443329,42.93083333300505
4825,10,3,-122.00138888876216,43.00083333300976
5275,11,2,-122.22138888877697,42.918611110782
3937,8,5,-122.26249999989085,42.9897222218979
5559,12,1,-122.03583333320893,42.93861111078335
5253,11,2,-122.00583333320691,42.983055555230784
2228,5,8,-122.03138888876418,42.9819444441196
167,1,12,-122.06472222209976,43.00861111078806
1030,3,10,-122.25694444433492,42.99305555523146
4796,10,3,-122.0691666665445,42.9974999996762
5866,12,1,-122.12805555543736,42.87083333300101
57,1,12,-121.95472222209236,42.85749999966678
3788,8,5,-122.0536111109879,42.99527777745383
314,1,12,-122.16027777766175,42.947499999672836
2284,5,8,-122.23361111100002,42.964166666340624
640,2,11,-122.0069444443181,42.91305555522607
133,1,12,-121.95027777764761,43.00083333300976
5916,12,1,-122.08583333321229,42.977499999674855
1901,4,9,-122.18472222210784,43.00861111078806
2671,6,7,-122.0147222220964,42.95638888856232
3968,9,4,-122.08916666654585,42.864166666333894
1224,3,10,-122.03694444432011,42.88083333300168
3856,8,5,-122.1802777776631,42.988611110786714
3360,7,6,-122.20583333322037,42.91638888855963
5523,12,1,-122.0380555554313,42.86972222188982
3971,9,4,-122.06472222209976,42.91972222189319
4496,10,3,-122.2269444443329,42.960833333007066
2358,5,8,-122.10027777765771,42.94638888856165
2825,6,7,-122.0458333332096,42.96749999967418
988,2,11,-122.20583333322037,42.926388888560304
2223,5,8,-122.23249999988883,42.95638888856232
2676,6,7,-122.11249999988075,42.89972222189184
3542,8,5,-122.05138888876553,42.985277777453156
3392,7,6,-122.06472222209976,42.866388888556266
2737,6,7,-122.00249999987335,42.996388888565015
3144,7,6,-121.95805555542591,42.89416666633591
2628,6,7,-122.00583333320691,42.99416666634264
3082,7,6,-122.1324999998821,42.86194444411152
3813,8,5,-122.06472222209976,43.0052777774545
4313,9,4,-122.04916666654316,42.91305555522607
4233,9,4,-122.08027777765636,42.91305555522607
2691,6,7,-122.16249999988412,42.901944444114214
4433,9,4,-122.09138888876822,42.87083333300101
1797,4,9,-121.95361111098117,42.87638888855694
3302,7,6,-121.97027777764896,42.939722221894534
3662,8,5,-122.030277777653,42.88083333300168
1820,4,9,-121.9980555554286,42.86861111077864
1906,4,9,-121.95805555542591,42.926388888560304
1722,4,9,-122.07361111098925,42.94861111078402
3190,7,6,-122.12249999988143,42.92416666633793
557,2,11,-122.15694444432819,42.90527777744777
3457,7,6,-122.08583333321229,42.99194444412027
823,2,11,-122.24361111100069,42.93861111078335
2787,6,7,-122.15472222210582,42.864166666333894
5598,12,1,-122.13361111099329,42.97638888856367
3524,8,5,-122.02138888876351,42.95527777745114
5341,11,2,-122.13916666654922,42.96861111078537
4202,9,4,-122.11916666654787,42.966388888562996
5514,12,1,-122.09694444432415,42.9741666663413
5509,12,1,-122.01694444431877,42.94638888856165
1456,3,10,-122.23361111100002,42.960833333007066
5328,11,2,-122.20249999988681,42.901944444114214
2017,5,7,-122.20805555544274,42.890833333002355
24,1,12,-122.25916666655729,42.93749999967216
3139,7,6,-122.02694444431944,42.94972222189521
1685,4,9,-122.21694444433223,42.91749999967082
3991,9,4,-121.95805555542591,42.977499999674855
3093,7,6,-121.95027777764761,42.95638888856232
4356,9,4,-122.00805555542928,42.945277777450464
4602,10,3,-122.03138888876418,42.92972222189386
5420,11,2,-122.03249999987537,42.91305555522607
4019,9,3,-122.25472222211255,42.95638888856232
1068,3,10,-122.12805555543736,42.94305555522809
4523,10,3,-122.0147222220964,42.92527777744912
5213,11,2,-122.12805555543736,42.939722221894534
5336,11,2,-122.11472222210313,42.92194444411556
162,1,12,-122.203611110998,42.890833333002355
1049,3,10,-122.0458333332096,42.99527777745383
4589,10,3,-122.203611110998,42.95416666633995
2135,5,8,-122.22027777766579,42.92416666633793
172,1,12,-122.05027777765434,42.9819444441196
4072,9,4,-122.26249999989085,42.97972222189723
2929,6,7,-122.00583333320691,42.96861111078537
1330,3,10,-122.13361111099329,42.99194444412027
1714,4,9,-122.1958333332197,42.915277777448445
2624,6,7,-122.03249999987537,42.86749999966745
1155,3,10,-121.98916666653912,42.87083333300101
5508,12,1,-121.97805555542726,42.93083333300505
2166,5,8,-122.19249999988614,42.92527777744912
4938,10,3,-122.05249999987672,42.86194444411152
1365,3,10,-122.00583333320691,42.86972222188982
3952,8,5,-122.15138888877226,42.95638888856232
1838,4,9,-122.0613888887662,42.92972222189386
5820,12,1,-122.14583333321633,42.98638888856434
3704,8,5,-122.2502777776678,42.918611110782
1924,4,9,-122.22472222211053,42.96305555522944
263,1,12,-122.1636111109953,42.93749999967216
3282,7,6,-122.0380555554313,42.87638888855694
4073,9,4,-122.02472222209707,43.007499999676874
2128,5,8,-121.98472222209438,42.97861111078604
3349,7,6,-122.21583333322104,43.0052777774545
937,2,11,-121.99361111098386,42.93861111078335
220,1,12,-121.95027777764761,42.883055555224054
1939,4,9,-121.95249999986999,42.904166666336586
5919,12,1,-122.1636111109953,42.87527777744575
4807,10,3,-122.00138888876216,42.93638888856098
4427,9,4,-122.02694444431944,42.86194444411152
1928,4,9,-122.05805555543265,42.87416666633457
1341,3,10,-122.23361111100002,42.89861111078066
4683,10,3,-122.15805555543938,42.864166666333894
708,2,11,-122.01249999987402,42.98749999967553
1698,4,9,-121.95027777764761,42.86194444411152
2742,6,7,-122.07138888876688,42.99972222189857
1101,3,9,-122.1169444443255,42.85638888855559
4875,10,3,-122.04249999987604,42.960833333007066
4486,10,3,-121.98916666653912,42.97527777745248
4787,10,3,-122.13138888877091,43.007499999676874
1256,3,9,-121.95027777764761,42.86194444411152
3873,8,5,-121.96138888875947,42.8874999996688
49,1,12,-122.10249999988008,42.909722221892515
1875,4,7,-122.11805555543668,42.858611110777964
550,2,11,-122.0069444443181,42.96305555522944
1867,4,9,-122.16694444432886,42.89861111078066
2470,5,8,-122.09583333321297,42.95527777745114
3483,8,5,-122.14916666654989,42.9974999996762
4845,10,3,-122.12916666654854,43.01194444412162
2126,5,8,-122.17249999988479,42.98749999967553
1545,4,8,-121.95027777764761,42.964166666340624
774,2,11,-122.15027777766107,42.94972222189521
1895,4,9,-122.22472222211053,42.990833333009085
4134,9,4,-122.22249999988816,42.960833333007066
2125,5,8,-122.04361111098723,42.996388888565015
3828,8,5,-122.21361111099867,42.90083333300303
5198,11,2,-122.11472222210313,42.9741666663413
3547,8,3,-122.17916666655191,42.88861111077998
2536,6,7,-122.25361111100136,42.87861111077931
143,1,12,-121.9980555554286,42.86527777744508
689,2,11,-122.23361111100002,42.996388888565015
610,2,11,-122.25694444433492,42.877499999668125
3070,7,6,-122.2580555554461,42.96194444411825
552,2,11,-122.18472222210784,42.8952777774471
5460,12,1,-122.06694444432213,42.93638888856098
1452,3,10,-122.23916666655595,42.89749999966947
4410,9,4,-122.16916666655123,42.99527777745383
1233,3,10,-122.02583333320825,42.89305555522473
1515,4,9,-121.95472222209236,42.88194444411287
2372,5,8,-122.11027777765838,42.90083333300303
2552,6,7,-121.98472222209438,42.923055555226746
3461,7,6,-122.15138888877226,42.918611110782
436,1,12,-122.21472222210986,42.960833333007066
3913,8,5,-122.20249999988681,42.96527777745181
4959,11,2,-122.07249999987806,42.947499999672836
2598,6,7,-121.95583333320354,42.87527777744575
3934,8,5,-122.26361111100204,42.93305555522742
5,1,12,-122.14361111099396,42.945277777450464
398,1,12,-122.00472222209572,42.99305555523146
1564,4,9,-122.11138888876957,42.92749999967149
3454,7,6,-122.1480555554387,42.98749999967553
2283,5,8,-122.20249999988681,42.94083333300572
2207,5,8,-122.01583333320758,42.85749999966678
98,1,12,-122.09805555543534,42.879722221890496
4591,10,3,-122.07361111098925,42.901944444114214
2763,6,7,-122.03249999987537,42.97527777745248
4619,10,3,-121.9747222220937,42.953055555228765
2381,5,8,-122.18249999988547,42.92749999967149
3506,8,5,-121.95583333320354,42.93638888856098
5799,12,1,-122.07583333321162,43.001944444120944
745,2,11,-121.98138888876082,42.985277777453156
3128,7,6,-121.95361111098117,42.918611110782
490,1,12,-122.12805555543736,42.96194444411825
4624,10,3,-122.23138888877764,42.93194444411623
851,2,11,-122.01805555542995,42.85638888855559
4290,9,4,-122.07916666654518,42.94638888856165
2797,6,7,-122.13138888877091,42.918611110782
5641,12,1,-122.11916666654787,42.96305555522944
845,2,11,-122.05472222209909,42.99972222189857
5854,12,1,-122.06361111098857,42.958611110784695
3338,7,6,-121.98583333320556,42.915277777448445
2640,6,7,-122.26138888877966,42.97861111078604
2472,5,8,-122.0536111109879,43.01083333301043
3584,8,5,-122.12249999988143,42.97305555523011
5669,12,1,-122.21027777766511,42.866388888556266
5403,11,2,-122.06805555543332,42.85972222188915
5445,11,2,-122.12138888877024,42.95083333300639
3801,8,5,-121.97805555542726,42.95972222189588
1453,3,10,-122.09694444432415,43.007499999676874
2449,5,8,-122.12583333321498,42.97083333300774
5660,12,1,-122.19916666655325,42.909722221892515
5203,11,2,-122.20138888877563,42.9897222218979
5468,12,1,-122.03249999987537,42.97638888856367
4751,10,3,-122.25694444433492,42.88194444411287
4736,10,3,-122.04361111098723,43.00638888856569
1087,3,10,-122.2191666665546,42.93305555522742
3156,7,6,-122.2580555554461,42.93861111078335
4588,10,3,-122.0613888887662,43.007499999676874
4979,11,2,-122.26027777766848,43.01194444412162
4177,9,4,-122.25472222211255,42.99972222189857
340,1,12,-121.95249999986999,42.88638888855761
1550,4,9,-122.0847222221011,42.94861111078402
2853,6,7,-121.97138888876015,42.95638888856232
5343,11,2,-122.08361111098992,42.915277777448445
5277,11,2,-122.20694444433155,42.87861111077931
2365,5,8,-122.12138888877024,42.85749999966678
3563,8,5,-122.12138888877024,42.97305555523011
2638,6,7,-122.05694444432146,42.939722221894534
5016,11,2,-122.12916666654854,42.964166666340624
4592,10,3,-122.19138888877495,42.964166666340624
1165,3,10,-122.0380555554313,42.88416666633524
3056,7,6,-122.13583333321566,42.91638888855963
1784,4,9,-122.26361111100204,42.95527777745114
1630,4,9,-122.19472222210851,42.88972222189117
655,2,10,-122.19138888877495,42.88861111077998
2660,6,7,-122.13916666654922,42.977499999674855
5833,12,1,-121.9991666665398,42.86527777744508
1138,3,10,-122.01249999987402,42.98749999967553
383,1,12,-121.95249999986999,43.00083333300976
1769,4,9,-122.09472222210178,42.97083333300774
303,1,12,-122.0458333332096,42.96527777745181
264,1,12,-121.99138888876149,42.94305555522809
113,1,12,-122.22138888877697,42.89972222189184
6,1,12,-122.09138888876822,42.91638888855963
4090,9,4,-122.21694444433223,42.89861111078066
3450,7,6,-122.15916666655056,42.90527777744777
4909,10,3,-122.01027777765165,43.0130555552328
1385,3,10,-121.95249999986999,43.00305555523213
3312,7,6,-122.26472222211322,42.89305555522473
3201,7,6,-122.23138888877764,42.96527777745181
5053,11,2,-122.10027777765771,43.01194444412162
663,2,11,-122.18916666655258,42.96527777745181
4915,10,3,-122.19916666655325,42.94416666633928
5899,12,1,-121.98583333320556,42.9819444441196
1291,3,10,-122.04361111098723,42.85638888855559
5717,12,1,-122.11027777765838,43.009722221899246
3476,8,5,-122.07027777765569,42.99972222189857
2495,6,6,-121.95027777764761,42.88638888855761
1103,3,10,-122.21805555544341,42.977499999674855
1859,4,9,-122.17583333321835,42.99861111078739
5039,11,2,-122.00138888876216,42.86749999966745
4369,9,4,-122.10583333321364,42.907499999670144
5563,12,1,-122.24805555544543,42.866388888556266
5635,12,1,-122.00583333320691,42.86861111077864
502,2,11,-122.0936111109906,42.87305555522338
1344,3,10,-122.15361111099463,42.86861111077864
803,2,10,-122.19916666655325,42.890833333002355
3735,8,5,-121.95694444431473,42.98416666634197
269,1,12,-122.1880555554414,43.01194444412162
2163,5,8,-122.13916666654922,42.92194444411556
2061,5,8,-122.16138888877293,42.934166666338605
4491,10,3,-122.11805555543668,42.97527777745248
3122,7,6,-122.2113888887763,42.91416666633726
1085,3,10,-122.1091666665472,42.91416666633726
4595,10,3,-122.24916666655662,42.928611110782676
1744,4,9,-122.00472222209572,42.996388888565015
1647,4,9,-122.0224999998747,42.85972222188915
1430,3,10,-121.96916666653777,42.98749999967553
2649,6,6,-122.07138888876688,42.85749999966678
3352,7,6,-122.09694444432415,42.97527777745248
2434,5,7,-122.0691666665445,42.85749999966678
3354,7,6,-122.1247222221038,43.01194444412162
2324,5,8,-122.1169444443255,42.860833333000336
2404,5,8,-122.21472222210986,42.8874999996688
736,2,11,-122.25361111100136,42.9108333330037
3802,8,5,-122.12694444432617,42.98749999967553
2788,6,7,-122.15472222210582,42.86861111077864
4828,10,3,-122.203611110998,42.860833333000336
3657,8,5,-122.21361111099867,42.86305555522271
5583,12,1,-122.01916666654114,43.00305555523213
692,2,11,-122.20583333322037,42.93305555522742
4085,9,4,-122.05694444432146,42.90527777744777
5732,12,1,-121.97805555542726,42.9108333330037
3322,7,6,-122.1802777776631,42.907499999670144
732,2,11,-122.13138888877091,42.866388888556266
2021,5,8,-121.96361111098184,42.95416666633995
3898,8,5,-121.98472222209438,42.97083333300774
5876,12,1,-122.17583333321835,42.95972222189588
47,1,12,-122.02583333320825,42.871944444112195
5836,12,1,-122.1247222221038,42.99861111078739
5639,12,1,-122.07472222210043,43.004166666343316
3627,8,5,-122.26138888877966,42.890833333002355
598,2,10,-121.95694444431473,42.85638888855559
2371,5,8,-122.15249999988345,42.858611110777964
4673,10,3,-122.25916666655729,42.97861111078604
5292,11,2,-122.06805555543332,42.896388888558285
5045,11,2,-121.95694444431473,42.89305555522473
3586,8,5,-122.08249999987873,42.96305555522944
835,2,10,-122.22249999988816,42.88861111077998
4561,10,3,-121.95583333320354,42.86305555522271
387,1,12,-122.21249999988748,42.99305555523146
2457,5,8,-122.25249999989018,42.89305555522473
1098,3,10,-122.1169444443255,42.85749999966678
484,1,12,-122.10249999988008,42.93638888856098
2360,5,8,-122.26361111100204,42.990833333009085
1482,3,9,-122.1324999998821,42.864166666333894
3932,8,5,-121.98138888876082,42.97527777745248
2616,6,7,-122.11583333321431,43.009722221899246
29,1,12,-122.14138888877159,42.926388888560304
2124,5,8,-122.0069444443181,42.97083333300774
1367,3,10,-122.08249999987873,43.001944444120944
852,2,11,-121.95694444431473,42.95194444411758
5856,12,1,-122.12027777765906,42.91749999967082
4977,11,2,-122.05916666654383,42.92972222189386
4473,10,3,-122.1480555554387,42.91749999967082
4052,9,4,-122.25583333322373,42.939722221894534
5550,12,1,-122.25361111100136,42.97972222189723
2097,5,8,-121.97361111098252,42.93861111078335
5030,11,2,-122.16027777766175,42.971944444118925
2148,5,8,-122.04916666654316,42.860833333000336
1844,4,9,-121.96805555542659,43.0130555552328
3695,8,5,-122.14583333321633,42.99861111078739
1736,4,9,-122.22472222211053,42.88083333300168
4936,10,3,-122.10694444432482,42.97305555523011
5903,12,1,-122.15361111099463,42.92527777744912
5369,11,2,-122.01138888876284,42.97972222189723
3693,8,5,-122.2191666665546,42.91749999967082
5433,11,2,-122.16805555544005,42.88416666633524
5895,12,1,-122.0936111109906,42.91972222189319
998,3,10,-122.10805555543601,42.91305555522607
1880,4,9,-122.12916666654854,42.96527777745181
151,1,12,-122.05472222209909,42.95527777745114
2411,5,8,-122.09805555543534,42.99194444412027
4816,10,3,-122.05694444432146,42.90638888855896
3223,7,6,-122.1880555554414,42.945277777450464
248,1,12,-121.96472222209303,42.89305555522473
2955,6,7,-122.14249999988277,42.958611110784695
5233,11,2,-122.16249999988412,42.94972222189521
1991,5,8,-121.95805555542591,42.99305555523146
5474,12,1,-122.1636111109953,42.988611110786714
964,2,11,-122.0069444443181,42.99194444412027
2295,5,8,-122.02583333320825,42.95527777745114
2535,6,7,-122.23805555544476,42.95638888856232
5234,11,2,-122.12916666654854,43.00861111078806
5014,11,2,-122.17472222210716,42.87527777744575
3569,8,5,-122.00583333320691,42.904166666336586
3477,8,5,-122.11916666654787,42.86305555522271
5261,11,2,-122.09138888876822,42.947499999672836
4758,10,3,-121.95249999986999,43.001944444120944
5633,12,1,-122.14361111099396,42.93194444411623
1666,4,9,-121.98361111098319,42.945277777450464
3303,7,6,-122.16805555544005,42.89416666633591
4950,10,3,-122.04249999987604,42.87305555522338
5533,12,1,-122.00249999987335,42.93305555522742
4095,9,4,-122.0380555554313,43.00638888856569
751,2,11,-121.98805555542793,42.871944444112195
2178,5,8,-122.05694444432146,42.97638888856367
1130,3,10,-122.0536111109879,42.97972222189723
654,2,11,-122.12361111099261,42.926388888560304
2454,5,8,-122.15138888877226,42.92972222189386
465,1,12,-122.24472222211187,42.977499999674855
4771,10,3,-122.01027777765165,42.97972222189723
4475,10,3,-122.08027777765636,42.89194444411354
1106,3,9,-122.13583333321566,42.85749999966678
341,1,12,-122.01027777765165,42.85749999966678
1791,4,9,-122.16694444432886,42.86972222188982
4534,10,3,-122.24916666655662,42.958611110784695
5608,12,1,-122.05472222209909,42.97861111078604
2376,5,8,-122.15805555543938,42.86749999966745
422,1,12,-122.1247222221038,42.939722221894534
1759,4,9,-122.24027777766713,42.95972222189588
5388,11,2,-122.12027777765906,42.909722221892515
4879,10,3,-122.13361111099329,42.87861111077931
4562,10,3,-122.03249999987537,42.885277777446426
351,1,12,-122.03583333320893,43.007499999676874
5719,12,1,-122.18694444433021,42.88083333300168
455,1,12,-122.11805555543668,42.85638888855559
832,2,11,-122.25138888877899,42.8952777774471
4012,9,4,-122.12805555543736,42.958611110784695
2219,5,8,-121.98361111098319,42.966388888562996
1360,3,10,-122.02361111098588,42.928611110782676
5576,12,1,-122.21472222210986,42.95527777745114
3425,7,6,-122.17472222210716,42.87083333300101
2906,6,7,-122.12361111099261,42.953055555228765
1374,3,10,-122.17027777766242,42.89305555522473
5355,11,2,-122.12583333321498,43.00861111078806
3050,7,6,-122.07472222210043,42.858611110777964
1919,4,9,-122.0458333332096,42.896388888558285
4797,10,3,-122.02916666654181,42.966388888562996
3157,7,6,-122.08027777765636,42.860833333000336
1046,3,10,-122.06805555543332,42.88194444411287
1158,3,10,-121.97583333320489,42.904166666336586
719,2,11,-122.24694444433425,42.977499999674855
3468,8,5,-122.09249999987941,42.96305555522944
584,2,11,-122.23583333322239,42.93861111078335
5345,11,2,-122.24361111100069,42.94416666633928
4704,10,3,-122.12805555543736,42.93638888856098
2625,6,7,-122.22472222211053,42.96194444411825
2120,5,8,-122.07027777765569,42.926388888560304
577,2,11,-122.04916666654316,42.89861111078066
1733,4,9,-122.07916666654518,42.996388888565015
1824,4,9,-122.04916666654316,43.0052777774545
141,1,12,-122.09138888876822,42.86861111077864
4742,10,3,-122.1713888887736,42.89861111078066
5409,11,2,-122.1802777776631,43.00305555523213
1475,3,10,-122.18138888877428,42.89749999966947
2006,5,8,-122.01805555542995,42.8952777774471
2696,6,7,-122.13361111099329,42.99305555523146
3081,7,6,-121.95249999986999,42.947499999672836
2591,6,7,-122.04916666654316,42.91305555522607
4170,9,4,-122.08694444432348,42.941944444116906
974,2,11,-122.24805555544543,42.93861111078335
4585,10,3,-122.04805555543197,42.99305555523146
1679,4,9,-122.04694444432079,43.00638888856569
866,2,11,-122.18472222210784,42.934166666338605
3182,7,6,-122.2580555554461,42.9974999996762
4092,9,4,-121.9991666665398,42.871944444112195
1117,3,10,-122.07138888876688,42.94083333300572
965,2,11,-122.15472222210582,42.860833333000336
4674,10,3,-121.96583333320422,42.9897222218979
3083,7,6,-122.10694444432482,42.87527777744575
4521,10,3,-122.13916666654922,42.8874999996688
1440,3,10,-122.16138888877293,42.92972222189386
2132,5,8,-122.26472222211322,42.9897222218979
3590,8,5,-122.26472222211322,42.90638888855896
3544,8,5,-122.11249999988075,42.85638888855559
2519,6,7,-121.95472222209236,42.94861111078402
2585,6,7,-121.95027777764761,42.87638888855694
5276,11,2,-122.09027777765704,42.985277777453156
5661,12,1,-121.98694444431675,42.89861111078066
3420,7,6,-122.20472222210918,42.95527777745114
448,1,12,-122.04138888876486,42.977499999674855
4855,10,3,-122.11472222210313,42.96861111078537
1517,4,9,-122.17472222210716,42.918611110782
1323,3,10,-122.11249999988075,42.909722221892515
1964,4,9,-122.22361111099934,42.99305555523146
4580,10,3,-122.15694444432819,43.00305555523213
3538,8,5,-122.14694444432752,42.947499999672836
259,1,12,-121.96583333320422,42.939722221894534
2810,6,7,-122.030277777653,42.96749999967418
2852,6,7,-122.19027777766377,42.98416666634197
22,1,12,-122.11027777765838,43.0130555552328
5757,12,1,-122.09027777765704,42.91638888855963
5771,12,1,-121.95027777764761,42.91749999967082
658,2,11,-122.11805555543668,42.87638888855694
1332,3,10,-122.11916666654787,42.96194444411825
3040,7,6,-122.00249999987335,42.88638888855761
3325,7,6,-122.203611110998,43.001944444120944
1402,3,9,-122.06805555543332,42.85749999966678
5430,11,2,-121.982499999872,42.923055555226746
1801,4,9,-121.98027777764963,42.90861111078133
2172,5,8,-122.10472222210245,42.90861111078133
4440,9,4,-122.18361111099665,42.918611110782
2841,6,7,-122.02027777765232,43.007499999676874
4827,10,3,-122.11249999988075,42.98416666634197
3580,8,5,-121.97805555542726,42.89305555522473
5935,12,1,-122.10694444432482,42.923055555226746
293,1,12,-122.03694444432011,42.88416666633524
2003,5,7,-122.18361111099665,42.88861111077998
3904,8,5,-121.96916666653777,43.007499999676874
879,2,11,-122.12027777765906,42.85638888855559
4403,9,4,-122.20805555544274,42.88083333300168
5157,11,2,-122.12361111099261,42.94861111078402
2969,6,7,-122.04694444432079,43.01083333301043
4593,10,3,-122.25916666655729,43.004166666343316
4890,10,3,-122.16138888877293,42.885277777446426
4079,9,4,-122.11027777765838,42.93194444411623
2389,5,8,-122.11027777765838,42.941944444116906
3757,8,5,-122.23694444433357,42.97972222189723
1825,4,9,-122.19472222210851,42.92194444411556
4541,10,3,-122.25916666655729,42.99416666634264
1969,4,9,-122.04916666654316,42.907499999670144
2012,5,7,-122.15138888877226,42.85749999966678
3719,8,5,-122.00027777765098,42.871944444112195
1141,3,10,-121.9513888887588,42.918611110782
3995,9,4,-122.22027777766579,43.01194444412162
3090,7,6,-122.04361111098723,42.94861111078402
5725,12,1,-122.03583333320893,42.87305555522338
3478,8,5,-122.1247222221038,42.971944444118925
4659,10,3,-122.02361111098588,42.98638888856434
2563,6,7,-122.2580555554461,42.97861111078604
4088,9,4,-122.19361111099732,42.960833333007066
3646,8,5,-122.11027777765838,42.93083333300505
3552,8,5,-122.11361111099194,42.915277777448445
2039,5,8,-122.03694444432011,42.93194444411623
4270,9,4,-122.11361111099194,42.90861111078133
2553,6,7,-122.0847222221011,42.86194444411152
4848,10,3,-121.97916666653845,42.97861111078604
3950,8,5,-121.96361111098184,42.85638888855559
3790,8,5,-122.24027777766713,42.95638888856232
1818,4,9,-121.97805555542726,42.92749999967149
1144,3,10,-122.14916666654989,42.99972222189857
3314,7,6,-122.20916666655393,42.9741666663413
3701,8,5,-121.97916666653845,42.97972222189723
1643,4,9,-122.1880555554414,43.00638888856569
4701,10,3,-122.01805555542995,42.93638888856098
3519,8,5,-122.10583333321364,42.99972222189857
5380,11,2,-122.22027777766579,42.91416666633726
5738,12,1,-121.97249999987133,42.941944444116906
482,1,12,-122.16805555544005,42.87083333300101
3626,8,5,-122.26138888877966,42.95527777745114
4014,9,4,-122.03138888876418,42.92749999967149
1743,4,9,-122.10694444432482,42.94972222189521
4599,10,3,-122.25361111100136,42.95749999967351
1409,3,10,-122.0224999998747,42.966388888562996
2911,6,7,-122.19027777766377,42.877499999668125
1043,3,10,-122.18472222210784,42.977499999674855
707,2,11,-122.0613888887662,42.904166666336586
128,1,12,-122.10805555543601,42.99305555523146
3487,8,5,-122.03249999987537,42.926388888560304
5538,12,1,-122.22916666655527,42.866388888556266
5225,11,2,-122.18138888877428,42.9741666663413
368,1,12,-122.2502777776678,42.996388888565015
347,1,12,-122.0769444443228,43.001944444120944
4968,11,2,-122.13805555543803,42.86194444411152
4759,10,3,-121.97138888876015,42.96194444411825
5730,12,1,-122.00027777765098,42.926388888560304
3041,7,6,-121.97805555542726,42.97972222189723
1435,3,10,-121.95472222209236,42.85638888855559
1131,3,10,-122.12027777765906,42.92416666633793
3271,7,6,-122.03138888876418,42.86194444411152
4577,10,3,-122.07249999987806,42.96305555522944
3150,7,6,-122.24472222211187,42.88972222189117
5750,12,1,-122.25249999989018,42.93194444411623
3394,7,6,-122.05916666654383,42.947499999672836
2619,6,5,-122.24138888877832,42.89194444411354
2805,6,7,-122.03916666654249,43.00083333300976
153,1,12,-122.0691666665445,42.89861111078066
5256,11,2,-122.02694444431944,42.95527777745114
4512,10,3,-122.07249999987806,42.95972222189588
252,1,12,-122.03916666654249,42.920833333004374
3764,8,5,-122.13138888877091,42.939722221894534
1261,3,10,-122.14138888877159,42.93083333300505
1473,3,10,-122.13805555543803,42.87305555522338
4760,10,3,-122.06472222209976,42.964166666340624
2748,6,7,-121.95472222209236,42.947499999672836
4653,10,3,-122.09694444432415,42.8952777774471
2310,5,8,-122.02916666654181,42.926388888560304
2733,6,7,-122.00027777765098,42.86972222188982
5564,12,1,-122.08138888876755,42.91638888855963
5892,12,1,-122.13694444432684,42.883055555224054
469,1,12,-122.01916666654114,42.966388888562996
2146,5,8,-122.22472222211053,42.947499999672836
1869,4,7,-122.22361111099934,42.88861111077998
1425,3,10,-122.11138888876957,42.86972222188982
4568,10,3,-122.0936111109906,42.87305555522338
5085,11,2,-122.1958333332197,42.94416666633928
501,2,11,-122.01805555542995,42.95749999967351
1891,4,8,-122.22916666655527,42.890833333002355
5372,11,2,-122.09472222210178,42.928611110782676
3235,7,6,-122.18472222210784,42.945277777450464
3448,7,6,-122.09916666654652,42.9741666663413
2795,6,7,-122.03694444432011,42.85749999966678
1301,3,10,-122.25361111100136,42.89194444411354
1588,4,9,-121.95249999986999,42.928611110782676
4268,9,4,-121.97138888876015,42.99416666634264
4358,9,4,-122.23027777766646,42.88638888855761
768,2,11,-122.13138888877091,43.00638888856569
1434,3,10,-122.03694444432011,42.885277777446426
2577,6,7,-122.1713888887736,42.9819444441196
4803,10,3,-122.05249999987672,42.907499999670144
862,2,11,-121.95694444431473,42.85638888855559
1102,3,10,-121.95027777764761,42.91638888855963
3672,8,5,-121.96249999987066,42.8874999996688
5681,12,1,-122.26027777766848,42.94083333300572
5297,11,2,-122.17916666655191,42.88972222189117
192,1,12,-122.26027777766848,42.91638888855963
415,1,12,-122.06694444432213,42.9030555552254
1346,3,10,-122.01916666654114,42.89749999966947
3275,7,6,-121.98805555542793,42.947499999672836
3496,8,5,-122.04361111098723,42.89194444411354
5791,12,1,-122.24583333322306,42.96194444411825
5185,11,2,-122.14472222210514,43.004166666343316
3532,8,5,-122.12916666654854,42.91416666633726
1619,4,9,-122.0691666665445,42.93083333300505
281,1,12,-121.96472222209303,42.890833333002355
5552,12,1,-122.17027777766242,42.90527777744777
2253,5,8,-122.25249999989018,42.93749999967216
2502,6,7,-121.95361111098117,42.94638888856165
3383,7,6,-122.15472222210582,42.90638888855896
2869,6,7,-122.24694444433425,42.88972222189117
738,2,11,-122.1880555554414,42.88861111077998
2556,6,7,-122.22805555544409,42.96972222189655
1258,3,10,-122.10805555543601,42.9741666663413
1931,4,9,-121.95805555542591,42.90638888855896
5194,11,2,-122.0069444443181,42.91638888855963
5477,12,1,-122.20249999988681,42.918611110782
5601,12,1,-122.18916666655258,42.896388888558285
4600,10,3,-121.96583333320422,42.97861111078604
4169,9,4,-122.08805555543466,42.94416666633928
2633,6,7,-122.09583333321297,42.87305555522338
3216,7,6,-121.96138888875947,42.985277777453156
1972,4,9,-122.13805555543803,42.87527777744575
3474,8,5,-122.26249999989085,42.939722221894534
4614,10,3,-122.04805555543197,42.87305555522338
2831,6,7,-122.04805555543197,43.007499999676874
1488,4,9,-122.19472222210851,42.88972222189117
2977,7,6,-121.99361111098386,42.9974999996762
3708,8,5,-122.23805555544476,42.92194444411556
3346,7,6,-122.09027777765704,42.95972222189588
194,1,12,-122.03583333320893,42.890833333002355
3473,8,5,-122.09805555543534,42.96972222189655
2587,6,7,-122.07583333321162,42.86305555522271
5052,11,1,-121.96472222209303,42.89194444411354
3148,7,6,-122.1324999998821,42.945277777450464
748,2,11,-122.21694444433223,42.960833333007066
3671,8,5,-122.18583333321902,42.96305555522944
1093,3,10,-121.99138888876149,42.95416666633995
1836,4,9,-122.09694444432415,42.96972222189655
1827,4,9,-122.09472222210178,42.91749999967082
4418,9,4,-122.09583333321297,42.9741666663413
3320,7,6,-121.982499999872,42.89861111078066
302,1,11,-122.25138888877899,42.93861111078335
5652,12,1,-121.98138888876082,42.896388888558285
2978,7,6,-122.06583333321095,42.95638888856232
3208,7,6,-122.21583333322104,42.958611110784695
2106,5,8,-122.155833333217,42.864166666333894
1462,3,10,-122.22916666655527,42.966388888562996
1814,4,9,-122.16805555544005,42.98749999967553
2908,6,7,-121.982499999872,42.9974999996762
3561,8,5,-122.13361111099329,42.99527777745383
2999,7,6,-122.22916666655527,42.918611110782
1572,4,9,-122.26138888877966,42.91749999967082
3164,7,6,-122.0147222220964,42.98749999967553
2738,6,7,-122.00138888876216,42.85638888855559
1373,3,9,-122.22249999988816,42.88861111077998
1995,5,8,-122.24027777766713,42.99972222189857
2525,6,7,-122.13138888877091,42.99194444412027
4791,10,3,-121.96138888875947,42.8952777774471
109,1,12,-122.1247222221038,42.90083333300303
5178,11,2,-122.03472222209774,42.9030555552254
5869,12,1,-122.2424999998895,42.93861111078335
3072,7,6,-122.09027777765704,42.88416666633524
770,2,11,-122.09472222210178,42.88861111077998
3467,8,5,-122.12027777765906,42.97083333300774
4439,9,4,-122.030277777653,42.87416666633457
5175,11,2,-122.12361111099261,42.988611110786714
1914,4,9,-121.98472222209438,42.85638888855559
518,2,11,-122.155833333217,42.864166666333894
611,2,11,-122.13694444432684,42.871944444112195
1822,4,9,-122.07249999987806,43.00638888856569
4765,10,3,-122.08249999987873,42.86194444411152
4244,9,4,-122.10583333321364,42.91749999967082
797,2,11,-122.05472222209909,42.87861111077931
2767,6,7,-122.05916666654383,43.00638888856569
4737,10,3,-121.98916666653912,42.89861111078066
3397,7,6,-121.9669444443154,42.939722221894534
1180,3,10,-121.96583333320422,42.89416666633591
4234,9,4,-122.04472222209841,42.896388888558285
230,1,12,-122.1480555554387,42.98638888856434
2071,5,8,-122.19138888877495,42.96527777745181
4757,10,3,-122.19472222210851,42.866388888556266
2498,6,7,-122.07583333321162,42.883055555224054
3996,9,4,-122.2347222221112,42.96305555522944
5923,12,1,-121.97138888876015,42.960833333007066
684,2,11,-122.07805555543399,42.99861111078739
139,1,12,-122.19249999988614,42.945277777450464
3423,7,6,-122.07916666654518,42.91638888855963
683,2,11,-122.05916666654383,42.939722221894534
3811,8,5,-122.24472222211187,42.95527777745114
2723,6,7,-122.13583333321566,42.87527777744575
4245,9,4,-122.0769444443228,42.9741666663413
381,1,12,-122.25583333322373,42.87416666633457
2808,6,7,-121.99249999987268,42.9030555552254
1608,4,9,-121.98694444431675,42.94305555522809
1694,4,9,-122.1169444443255,42.85638888855559
2976,7,6,-122.03472222209774,42.99305555523146
5647,12,1,-122.030277777653,42.9030555552254
1262,3,10,-122.0458333332096,42.89972222189184
2629,6,7,-122.25694444433492,42.86527777744508
3796,8,5,-122.16249999988412,42.93527777744979
5224,11,2,-121.98138888876082,42.85749999966678
4581,10,3,-122.23361111100002,42.934166666338605
1691,4,9,-122.24361111100069,42.996388888565015
4499,10,3,-122.13916666654922,42.88972222189117
5295,11,2,-122.01361111098521,42.87861111077931
5579,12,1,-122.01361111098521,42.95083333300639
3599,8,5,-122.03361111098656,42.90861111078133
4618,10,3,-122.11249999988075,42.98638888856434
2824,6,7,-122.08027777765636,42.91416666633726
3245,7,6,-121.98472222209438,42.9741666663413
1690,4,9,-122.13138888877091,42.86749999966745
4927,10,3,-122.01916666654114,42.92527777744912
3042,7,6,-122.00027777765098,42.93749999967216
3691,8,5,-122.11916666654787,42.86527777744508
5003,11,2,-122.06583333321095,42.89972222189184
83,1,12,-122.15138888877226,42.85749999966678
2667,6,7,-122.00805555542928,42.99527777745383
3407,7,6,-122.16805555544005,42.89749999966947
1816,4,9,-122.15805555543938,42.866388888556266
2562,6,7,-122.21027777766511,42.9897222218979
4712,10,3,-122.12805555543736,42.96972222189655
2501,6,7,-122.12138888877024,42.92972222189386
2637,6,7,-122.24472222211187,42.95194444411758
1160,3,10,-122.15694444432819,42.945277777450464
2657,6,7,-122.20027777766444,43.01194444412162
3829,8,5,-121.95583333320354,42.99305555523146
1849,4,9,-122.00583333320691,42.890833333002355
3023,7,6,-122.01805555542995,42.879722221890496
5896,12,1,-122.08805555543466,42.95749999967351
4729,10,3,-122.23361111100002,42.91194444411489
479,1,12,-121.96249999987066,43.01083333301043
3673,8,5,-122.13472222210447,42.93527777744979
4204,9,4,-121.95472222209236,42.88083333300168
3224,7,6,-121.97027777764896,42.934166666338605
5567,12,1,-122.19361111099732,42.86194444411152
1961,4,9,-122.05472222209909,42.996388888565015
3697,8,5,-121.99361111098386,42.96749999967418
3260,7,6,-122.07249999987806,42.85749999966678
4633,10,3,-122.17916666655191,42.86972222188982
2980,7,6,-122.01249999987402,42.858611110777964
4955,11,2,-122.17805555544072,43.004166666343316
681,2,11,-122.19361111099732,42.9897222218979
3575,8,5,-122.0458333332096,43.01083333301043
3714,8,5,-122.15805555543938,42.941944444116906
4748,10,3,-122.19249999988614,42.94416666633928
4687,10,3,-122.05805555543265,42.98083333300841
1270,3,10,-122.03138888876418,42.877499999668125
1327,3,10,-122.16249999988412,42.901944444114214
4604,10,3,-122.20027777766444,42.990833333009085
4269,9,4,-121.99138888876149,42.86861111077864
1295,3,10,-121.96472222209303,42.95972222189588
1915,4,9,-122.23138888877764,42.91749999967082
4835,10,3,-122.15694444432819,42.953055555228765
5165,11,2,-122.18583333321902,42.96861111078537
5914,12,1,-122.18249999988547,42.96861111078537
58,1,12,-122.17694444432954,42.88861111077998
1985,5,8,-122.16694444432886,42.8952777774471
2234,5,8,-121.97027777764896,42.88861111077998
1855,4,9,-122.23361111100002,43.004166666343316
4397,9,4,-122.08138888876755,42.94638888856165
3637,8,5,-121.95027777764761,42.964166666340624
4065,9,4,-122.24694444433425,42.86861111077864
456,1,12,-122.18472222210784,42.926388888560304
2573,6,7,-122.05249999987672,42.9819444441196
5191,11,2,-121.97249999987133,42.89749999966947
1807,4,9,-122.23805555544476,42.958611110784695
645,2,11,-122.18472222210784,42.98638888856434
3769,8,5,-122.07138888876688,43.0130555552328
3912,8,5,-122.0069444443181,42.8952777774471
3940,8,5,-122.09472222210178,42.96749999967418
4138,9,4,-122.13916666654922,42.934166666338605
1354,3,10,-121.95472222209236,42.93749999967216
5134,11,2,-121.96361111098184,42.93638888856098
2848,6,7,-121.96138888875947,42.95083333300639
2188,5,8,-122.1402777776604,42.91638888855963
4610,10,3,-122.25472222211255,42.94083333300572
2312,5,8,-122.06027777765502,42.93305555522742
757,2,11,-122.07805555543399,42.971944444118925
3640,8,5,-122.15027777766107,42.98083333300841
1721,4,9,-122.203611110998,42.890833333002355
2913,6,7,-122.26027777766848,42.93861111078335
5304,11,2,-122.07249999987806,42.907499999670144
289,1,11,-122.15472222210582,42.860833333000336
4684,10,3,-122.23583333322239,42.87527777744575
2836,6,7,-122.030277777653,42.97861111078604
4032,9,4,-122.1324999998821,43.001944444120944
2680,6,7,-122.20138888877563,42.85972222188915
5262,11,2,-122.09583333321297,42.98749999967553
1161,3,10,-122.12694444432617,42.95638888856232
4884,10,3,-122.04916666654316,43.00305555523213
5140,11,2,-122.24361111100069,42.95527777745114
3145,7,6,-122.02694444431944,42.926388888560304
1052,3,10,-122.12583333321498,42.91749999967082
84,1,12,-122.18583333321902,42.87527777744575
2546,6,7,-121.98583333320556,42.95749999967351
1104,3,10,-122.01027777765165,42.98416666634197
5692,12,1,-122.23805555544476,42.99527777745383
5359,11,2,-122.01583333320758,42.86194444411152
1681,4,9,-122.24583333322306,42.89305555522473
438,1,12,-122.09472222210178,42.99527777745383
5515,12,1,-122.24583333322306,43.00305555523213
4902,10,3,-121.96361111098184,42.95527777745114
3501,8,5,-122.14138888877159,43.007499999676874
4259,9,4,-122.18138888877428,42.93638888856098
1667,4,9,-121.99138888876149,42.86194444411152
5489,12,1,-122.13694444432684,42.94972222189521
5726,12,1,-122.16138888877293,42.93527777744979
3617,8,5,-122.06249999987739,42.95749999967351
4037,9,4,-122.09027777765704,42.883055555224054
5621,12,1,-122.1636111109953,42.97972222189723
5109,11,2,-122.19694444433088,42.91972222189319
5222,11,2,-122.18472222210784,42.92416666633793
257,1,12,-122.04694444432079,42.990833333009085
3543,8,5,-122.16805555544005,42.99194444412027
3577,8,5,-122.02583333320825,43.00083333300976
987,2,10,-122.25694444433492,42.89749999966947
5864,12,1,-122.23138888877764,42.99305555523146
3588,8,5,-122.04138888876486,42.971944444118925
2309,5,8,-122.03472222209774,42.945277777450464
5278,11,2,-121.99138888876149,43.004166666343316
5351,11,2,-122.16027777766175,42.96527777745181
2693,6,7,-122.22916666655527,42.890833333002355
749,2,11,-122.0458333332096,42.99416666634264
2779,6,7,-122.04916666654316,42.86194444411152
3188,7,6,-122.2191666665546,42.977499999674855
4281,9,4,-122.00361111098454,42.85638888855559
5044,11,1,-121.9902777776503,42.85638888855559
5898,12,1,-122.24583333322306,42.95527777745114
2268,5,7,-121.97694444431608,42.85638888855559
5650,12,1,-122.22138888877697,42.958611110784695
298,1,12,-122.07805555543399,42.95083333300639
1949,4,5,-121.9513888887588,42.883055555224054
5216,11,2,-122.03138888876418,42.95083333300639
1223,3,10,-122.13805555543803,42.958611110784695
3390,7,6,-122.21027777766511,42.97527777745248
1584,4,5,-122.06694444432213,42.85638888855559
3846,8,5,-122.11138888876957,42.988611110786714
865,2,11,-121.98916666653912,42.85638888855559
685,2,11,-121.96916666653777,43.01194444412162
2842,6,7,-122.06694444432213,42.904166666336586
5313,11,2,-122.03472222209774,42.89194444411354
3258,7,6,-121.97027777764896,42.99527777745383
1123,3,10,-122.04916666654316,42.9030555552254
2264,5,8,-122.10249999988008,42.91972222189319
4002,9,4,-122.22249999988816,42.93194444411623
771,2,11,-122.00805555542928,42.960833333007066
4851,10,3,-122.18361111099665,43.00861111078806
2597,6,7,-122.1880555554414,42.92194444411556
1423,3,10,-122.08249999987873,42.99527777745383
3170,7,6,-122.10027777765771,42.93527777744979
2802,6,7,-122.155833333217,42.920833333004374
3710,8,5,-122.02472222209707,42.920833333004374
2726,6,7,-122.01583333320758,42.95638888856232
3976,9,4,-122.06583333321095,42.87305555522338
5230,11,2,-122.2191666665546,42.858611110777964
2513,6,7,-122.13361111099329,43.001944444120944
2938,6,7,-121.98361111098319,42.96305555522944
2361,5,8,-122.09805555543534,42.9741666663413
464,1,12,-122.21027777766511,42.93861111078335
2484,6,7,-122.18583333321902,43.007499999676874
3864,8,5,-122.00583333320691,42.95527777745114
1044,3,10,-121.95361111098117,43.00305555523213
5674,12,1,-122.11361111099194,42.87083333300101
2249,5,8,-122.18694444433021,42.89749999966947
4452,9,4,-121.98138888876082,42.9741666663413
5349,11,2,-122.12805555543736,42.877499999668125
5032,11,2,-122.13472222210447,42.896388888558285
5679,12,1,-122.15361111099463,43.0130555552328
3281,7,6,-122.0769444443228,42.97527777745248
5006,11,2,-121.97583333320489,42.85638888855559
2186,5,8,-122.06805555543332,42.85749999966678
3654,8,5,-122.1880555554414,42.99194444412027
1244,3,10,-122.22916666655527,42.96194444411825
2846,6,7,-122.2580555554461,42.95638888856232
1723,4,9,-122.05694444432146,42.95194444411758
1320,3,10,-121.95361111098117,42.94861111078402
5337,11,2,-122.2347222221112,42.95527777745114
2837,6,7,-122.02583333320825,42.87083333300101
5119,11,2,-122.11361111099194,42.95083333300639
5787,12,1,-122.24583333322306,42.94861111078402
1468,3,10,-122.19249999988614,42.885277777446426
4422,9,4,-122.18249999988547,42.93527777744979
4111,9,4,-121.98805555542793,43.01194444412162
1622,4,9,-122.1013888887689,42.95972222189588
3197,7,6,-122.18249999988547,43.00638888856569
4856,10,3,-122.15916666655056,42.88861111077998
5100,11,2,-122.03583333320893,42.9030555552254
5638,12,1,-122.04361111098723,42.93861111078335
43,1,12,-122.13138888877091,42.866388888556266
4520,10,3,-122.11805555543668,42.866388888556266
3860,8,5,-122.0147222220964,42.904166666336586
4817,10,3,-121.98916666653912,42.95638888856232
251,1,12,-122.20138888877563,42.99861111078739
5454,12,1,-122.21805555544341,42.934166666338605
4556,10,3,-122.16027777766175,42.94305555522809
4167,9,4,-122.07805555543399,42.98638888856434
3949,8,5,-122.05583333321027,42.97861111078604
4220,9,4,-122.00805555542928,42.983055555230784
2315,5,8,-121.98805555542793,42.97305555523011
4849,10,3,-121.98472222209438,43.009722221899246
4843,10,3,-121.9902777776503,42.904166666336586
90,1,12,-122.13805555543803,42.996388888565015
4522,10,3,-122.2269444443329,42.890833333002355
3674,8,5,-122.19472222210851,42.860833333000336
3334,7,6,-122.16805555544005,42.97083333300774
4344,9,4,-122.25249999989018,42.91194444411489
87,1,12,-122.21694444433223,42.88972222189117
5310,11,2,-122.0224999998747,42.87638888855694
742,2,11,-121.96138888875947,42.99194444412027
824,2,11,-122.1247222221038,42.92972222189386
5615,12,1,-122.19472222210851,42.953055555228765
1532,4,9,-122.08249999987873,42.915277777448445
3794,8,5,-122.11583333321431,42.88416666633524
5585,12,1,-122.04694444432079,42.91638888855963
5282,11,2,-122.18472222210784,42.99527777745383
1570,4,9,-122.09916666654652,42.877499999668125
1674,4,9,-122.17694444432954,42.87083333300101
4098,9,4,-121.98472222209438,43.00083333300976
1742,4,9,-122.04472222209841,42.86305555522271
4364,9,4,-121.98916666653912,42.890833333002355
2789,6,7,-122.00472222209572,42.96527777745181
1083,3,10,-122.24916666655662,42.996388888565015
1370,3,10,-122.15694444432819,42.947499999672836
4226,9,4,-122.15472222210582,43.001944444120944
2570,6,7,-121.95361111098117,42.88861111077998
4945,10,3,-122.25472222211255,42.988611110786714
3529,8,5,-122.23694444433357,42.86305555522271
2321,5,8,-122.04027777765367,42.9974999996762
4836,10,3,-121.99583333320624,42.9974999996762
3011,7,6,-122.22472222211053,42.95972222189588
4176,9,4,-121.99361111098386,42.958611110784695
3243,7,6,-122.11472222210313,42.90861111078133
983,2,11,-122.00027777765098,42.9741666663413
1383,3,10,-122.0769444443228,43.004166666343316
1326,3,10,-122.08916666654585,42.86861111077864
1540,4,9,-122.00361111098454,42.88972222189117
1665,4,9,-121.95027777764761,42.96305555522944
5446,12,1,-122.02138888876351,42.90861111078133
3165,7,5,-122.24138888877832,42.89194444411354
4919,10,3,-122.12249999988143,42.97527777745248
5772,12,1,-122.18472222210784,42.864166666333894
1162,3,10,-122.19027777766377,43.01083333301043
4539,10,3,-122.09916666654652,42.879722221890496
3421,7,6,-121.99583333320624,42.87638888855694
16,1,12,-122.0458333332096,43.00638888856569
5683,12,1,-121.97361111098252,42.91638888855963
365,1,12,-122.13361111099329,42.93749999967216
2460,5,8,-122.20805555544274,42.95416666633995
1898,4,9,-122.09694444432415,42.93083333300505
1298,3,10,-122.2269444443329,42.99305555523146
1308,3,10,-122.24027777766713,43.001944444120944
2248,5,8,-122.07583333321162,42.9974999996762
4271,9,4,-122.25138888877899,42.9974999996762
1837,4,9,-122.18583333321902,42.896388888558285
4690,10,3,-122.12694444432617,42.860833333000336
2645,6,7,-122.19361111099732,42.89305555522473
5122,11,2,-122.19694444433088,42.85972222188915
1893,4,9,-122.17472222210716,42.977499999674855
4021,9,4,-121.98138888876082,42.94861111078402
3667,8,5,-122.1169444443255,42.96305555522944
1397,3,10,-122.25472222211255,42.95638888856232
3939,8,5,-121.95472222209236,42.864166666333894
1368,3,10,-122.2347222221112,42.977499999674855
1930,4,8,-122.13138888877091,42.86749999966745
4066,9,4,-122.21027777766511,42.91416666633726
2786,6,7,-121.99249999987268,42.86527777744508
1343,3,10,-122.07583333321162,42.915277777448445
1872,4,9,-122.02472222209707,43.01083333301043
4472,10,3,-122.0613888887662,43.00861111078806
2367,5,8,-122.06249999987739,42.93638888856098
453,1,12,-122.16249999988412,42.86861111077864
5759,12,1,-121.9513888887588,42.966388888562996
4130,9,4,-122.17583333321835,42.88861111077998
2903,6,7,-122.1324999998821,42.94861111078402
1450,3,10,-122.06694444432213,42.88083333300168
1217,3,10,-122.06805555543332,43.007499999676874
3355,7,6,-121.97805555542726,42.928611110782676
540,2,11,-122.07138888876688,42.9974999996762
1461,3,10,-121.95583333320354,42.8874999996688
2956,6,7,-122.09583333321297,42.89194444411354
4648,10,3,-121.95249999986999,42.8874999996688
4547,10,3,-122.17472222210716,42.97527777745248
3815,8,5,-122.00583333320691,42.96527777745181
1415,3,10,-122.11027777765838,42.97083333300774
2143,5,8,-122.22138888877697,42.96305555522944
3460,7,6,-122.20916666655393,42.91416666633726
1299,3,10,-122.01027777765165,42.87416666633457
2464,5,8,-122.05027777765434,43.00638888856569
722,2,11,-122.13472222210447,42.99527777745383
1077,3,10,-122.1169444443255,42.87305555522338
4231,9,4,-121.98694444431675,42.89749999966947
3709,8,5,-122.01027777765165,42.95972222189588
1251,3,10,-122.26361111100204,42.94083333300572
2270,5,8,-122.09027777765704,42.941944444116906
967,2,11,-122.02805555543063,42.96749999967418
5658,12,1,-122.09916666654652,42.8952777774471
5776,12,1,-122.0458333332096,42.98416666634197
666,2,11,-122.15249999988345,42.92749999967149
5187,11,2,-121.95805555542591,42.93861111078335
3521,8,5,-122.12916666654854,42.87527777744575
380,1,12,-121.98027777764963,42.97861111078604
3286,7,6,-122.0847222221011,42.9741666663413
3019,7,6,-122.17361111099598,42.9819444441196
1921,4,9,-122.22583333322171,42.89861111078066
3712,8,5,-122.02583333320825,42.88861111077998
5783,12,1,-122.23805555544476,42.98749999967553
1809,4,9,-122.05249999987672,42.89305555522473
1781,4,9,-122.20805555544274,42.91638888855963
18,1,12,-122.0691666665445,42.85638888855559
1951,4,9,-122.04916666654316,42.89194444411354
1159,3,9,-121.99138888876149,42.858611110777964
1324,3,10,-122.10249999988008,42.96305555522944
4905,10,3,-122.18583333321902,42.883055555224054
4087,9,4,-122.02805555543063,42.86861111077864
2579,6,7,-122.10361111099127,42.966388888562996
4127,9,4,-122.11027777765838,42.990833333009085
5724,12,1,-122.24027777766713,43.0052777774545
3889,8,5,-122.05138888876553,42.95527777745114
1094,3,10,-122.20694444433155,43.00083333300976
3613,8,5,-121.99249999987268,42.9974999996762
4991,11,2,-122.22472222211053,42.94638888856165
886,2,11,-122.19916666655325,42.890833333002355
5786,12,1,-122.19361111099732,42.95416666633995
1648,4,9,-122.203611110998,42.915277777448445
513,2,11,-122.09805555543534,42.89416666633591
5307,11,2,-122.02916666654181,42.93527777744979
3060,7,6,-121.98361111098319,42.87861111077931
5693,12,1,-122.08249999987873,42.87416666633457
5614,12,1,-122.06694444432213,42.95972222189588
1651,4,9,-122.19472222210851,42.98638888856434
4193,9,4,-122.23805555544476,42.88861111077998
5034,11,2,-122.02361111098588,43.00305555523213
755,2,11,-122.04027777765367,42.99861111078739
4572,10,3,-122.20805555544274,42.97861111078604
5501,12,1,-122.1480555554387,43.00861111078806
1751,4,9,-121.9513888887588,42.93638888856098
4636,10,3,-122.15249999988345,42.85972222188915
4680,10,3,-122.09249999987941,42.96861111078537
3455,7,6,-122.19361111099732,42.97638888856367
1469,3,5,-122.11805555543668,42.858611110777964
5846,12,1,-122.04027777765367,42.934166666338605
3388,7,6,-122.01361111098521,43.01194444412162
4417,9,4,-122.05027777765434,42.91305555522607
901,2,11,-122.16805555544005,42.8874999996688
1788,4,7,-122.06805555543332,42.85638888855559
2673,6,7,-122.09249999987941,42.86861111077864
4785,10,3,-122.09583333321297,42.97527777745248
836,2,11,-122.11916666654787,42.85749999966678
3259,7,6,-122.26138888877966,42.95416666633995
2849,6,7,-122.12694444432617,42.879722221890496
1268,3,10,-122.01694444431877,42.996388888565015
3771,8,5,-122.20138888877563,42.91638888855963
2080,5,8,-122.22361111099934,42.87083333300101
899,2,11,-122.08694444432348,43.001944444120944
5764,12,1,-122.09138888876822,42.88416666633524
3977,9,4,-122.11361111099194,42.958611110784695
3602,8,5,-122.05916666654383,42.9741666663413
4623,10,3,-122.20805555544274,42.87861111077931
321,1,12,-121.97249999987133,42.90083333300303
1474,3,10,-122.06583333321095,42.904166666336586
2995,7,6,-122.02916666654181,42.87861111077931
2781,6,7,-121.95694444431473,42.97861111078604
1108,3,10,-122.05138888876553,43.001944444120944
3733,8,5,-122.05138888876553,42.97972222189723
1266,3,10,-121.97805555542726,42.909722221892515
92,1,12,-122.19694444433088,42.901944444114214
346,1,12,-122.15138888877226,42.91972222189319
2515,6,7,-122.17027777766242,42.87083333300101
5172,11,2,-122.25583333322373,42.91305555522607
1771,4,9,-122.17027777766242,43.00861111078806
1503,4,9,-122.1324999998821,42.99416666634264
809,2,11,-122.11583333321431,42.87083333300101
4554,10,3,-122.12916666654854,42.939722221894534
2670,6,7,-122.03361111098656,42.93305555522742
3251,7,6,-122.00249999987335,42.87305555522338
1950,4,9,-122.2424999998895,42.93749999967216
2532,6,7,-121.97583333320489,42.88972222189117
1024,3,10,-122.04249999987604,42.971944444118925
4137,9,4,-122.1880555554414,42.95972222189588
2173,5,8,-122.00249999987335,42.88861111077998
2461,5,8,-122.00805555542928,42.86861111077864
2442,5,8,-122.13138888877091,42.94972222189521
3649,8,5,-122.203611110998,42.866388888556266
5298,11,2,-121.95361111098117,43.0130555552328
1342,3,10,-122.18916666655258,42.88194444411287
5439,11,2,-122.13138888877091,42.86861111077864
1097,3,10,-122.04138888876486,42.88083333300168
4672,10,3,-122.0147222220964,42.939722221894534
2344,5,8,-122.07805555543399,42.941944444116906
2886,6,7,-121.95805555542591,42.88861111077998
746,2,11,-122.03583333320893,42.879722221890496
4255,9,4,-122.23249999988883,42.877499999668125
3095,7,6,-122.26361111100204,42.918611110782
2952,6,7,-122.00472222209572,42.890833333002355
5587,12,1,-122.21027777766511,42.98749999967553
1444,3,10,-122.18583333321902,42.92416666633793
4168,9,4,-122.13916666654922,42.94083333300572
3232,7,6,-122.06249999987739,42.99305555523146
1774,4,9,-122.08694444432348,42.94083333300572
3579,8,5,-122.08249999987873,42.941944444116906
877,2,11,-122.2502777776678,42.97861111078604
4091,9,4,-122.22249999988816,42.97638888856367
3237,7,6,-122.16805555544005,42.89194444411354
1713,4,8,-122.11805555543668,42.860833333000336
156,1,12,-122.13805555543803,42.879722221890496
1717,4,9,-122.00472222209572,42.88972222189117
2462,5,8,-122.07027777765569,42.92416666633793
97,1,12,-122.2269444443329,42.879722221890496
4166,9,4,-122.03138888876418,42.923055555226746
3993,9,4,-122.18694444433021,42.99416666634264
682,2,11,-122.04916666654316,42.90861111078133
196,1,12,-121.96805555542659,42.89416666633591
3987,9,4,-122.1324999998821,42.87305555522338
5881,12,1,-122.07138888876688,42.953055555228765
1352,3,10,-122.13472222210447,42.996388888565015
5734,12,1,-122.0380555554313,42.871944444112195
5021,11,2,-122.11027777765838,43.00638888856569
3805,8,5,-122.24138888877832,42.94972222189521
2107,5,8,-122.15694444432819,42.86305555522271
2134,5,8,-122.13916666654922,42.99861111078739
4744,10,3,-122.11805555543668,42.883055555224054
4678,10,3,-122.16027777766175,42.85972222188915
4354,9,4,-122.01694444431877,42.918611110782
1147,3,10,-122.07027777765569,42.9974999996762
3464,7,6,-122.17583333321835,42.9897222218979
785,2,11,-122.25916666655729,42.960833333007066
4100,9,4,-122.25583333322373,42.896388888558285
2267,5,8,-121.99583333320624,42.97305555523011
1307,3,10,-122.11805555543668,42.860833333000336
3008,7,6,-122.07472222210043,42.94861111078402
3098,7,6,-122.02916666654181,43.00083333300976
388,1,12,-122.10805555543601,42.9974999996762
5755,12,1,-122.06583333321095,42.97638888856367
1377,3,10,-122.03916666654249,42.9974999996762
4153,9,4,-122.19361111099732,42.85749999966678
1907,4,9,-122.25361111100136,42.95638888856232
5809,12,1,-121.97694444431608,42.977499999674855
3138,7,6,-122.1169444443255,42.92527777744912
512,2,11,-122.05249999987672,42.877499999668125
2972,7,6,-122.22583333322171,42.86749999966745
1581,4,9,-122.01249999987402,42.85749999966678
4185,9,4,-122.0936111109906,42.99861111078739
5713,12,1,-121.96027777764829,42.88416666633524
158,1,12,-122.2269444443329,42.89861111078066
4911,10,3,-122.08916666654585,42.95083333300639
5651,12,1,-122.26138888877966,42.95972222189588
2626,6,7,-122.16027777766175,43.01083333301043
5913,12,1,-122.0691666665445,42.96305555522944
1877,4,9,-122.08805555543466,42.9108333330037
693,2,11,-122.24138888877832,42.86527777744508
1954,4,8,-122.24361111100069,42.896388888558285
2809,6,7,-122.08805555543466,42.86527777744508
217,1,12,-122.04805555543197,42.9108333330037
1305,3,10,-121.99694444431742,42.95749999967351
4112,9,4,-122.1402777776604,42.918611110782
2038,5,8,-122.25583333322373,43.00305555523213
233,1,12,-122.13916666654922,42.960833333007066
5055,11,2,-121.95249999986999,42.964166666340624
4222,9,4,-121.9513888887588,43.0052777774545
898,2,11,-122.15805555543938,42.86527777744508
132,1,12,-121.95805555542591,42.8874999996688
818,2,11,-122.09472222210178,42.87083333300101
2364,5,8,-122.22583333322171,42.960833333007066
2734,6,7,-122.26027777766848,42.879722221890496
463,1,12,-122.0147222220964,42.958611110784695
2099,5,8,-122.0536111109879,42.99972222189857
3809,8,5,-122.07916666654518,42.860833333000336
5555,12,1,-121.99249999987268,42.86972222188982
3497,8,5,-122.17472222210716,42.88972222189117
4999,11,2,-122.02361111098588,42.9974999996762
4634,10,3,-122.24583333322306,42.97861111078604
4490,10,3,-122.24916666655662,42.86749999966745
5274,11,2,-122.10694444432482,42.971944444118925
5685,12,1,-121.98583333320556,42.90527777744777
1395,3,10,-122.1480555554387,42.92194444411556
4001,9,4,-122.01361111098521,42.90527777744777
5066,11,1,-122.0691666665445,42.85749999966678
2366,5,8,-121.97805555542726,42.9819444441196
5620,12,1,-122.25916666655729,42.93305555522742
1290,3,10,-122.15027777766107,42.86194444411152
3331,7,6,-122.1636111109953,42.9897222218979
5221,11,2,-122.10805555543601,42.88083333300168
215,1,12,-122.12805555543736,43.0130555552328
2405,5,8,-122.04027777765367,42.85972222188915
1090,3,10,-122.13472222210447,42.96527777745181
2620,6,7,-122.06027777765502,42.879722221890496
184,1,12,-122.01694444431877,42.89749999966947
5623,12,1,-122.10027777765771,42.88194444411287
2845,6,7,-122.07027777765569,42.90861111078133
585,2,11,-122.1324999998821,42.86305555522271
5626,12,1,-122.02583333320825,42.96861111078537
641,2,11,-122.16027777766175,42.928611110782676
4045,9,4,-122.21583333322104,42.977499999674855
1994,5,8,-122.0613888887662,42.88194444411287
4143,9,4,-122.06472222209976,42.901944444114214
530,2,11,-122.04249999987604,43.007499999676874
176,1,12,-122.1713888887736,42.99416666634264
4396,9,4,-122.26472222211322,42.953055555228765
3074,7,6,-121.97249999987133,42.93861111078335
1245,3,10,-122.07027777765569,42.90638888855896
3731,8,5,-121.97916666653845,42.85972222188915
5739,12,1,-122.00361111098454,42.9974999996762
254,1,12,-122.04249999987604,42.93083333300505
397,1,12,-122.0847222221011,42.91305555522607
1726,4,9,-122.05694444432146,42.87861111077931
4611,10,3,-122.2502777776678,42.89416666633591
5435,11,2,-122.18249999988547,42.901944444114214
857,2,11,-122.17027777766242,43.007499999676874
1537,4,9,-122.16027777766175,42.941944444116906
3036,7,6,-122.02694444431944,42.92527777744912
3573,8,5,-122.01694444431877,42.95638888856232
5358,11,2,-122.1480555554387,42.97527777745248
4261,9,4,-121.99472222209505,42.97527777745248
370,1,12,-122.2502777776678,42.86972222188982
3415,7,5,-121.95694444431473,42.8874999996688
3711,8,5,-121.96472222209303,42.8874999996688
2656,6,7,-122.21249999988748,42.99194444412027
3484,8,5,-122.2269444443329,42.96861111078537
1358,3,10,-122.11805555543668,43.00638888856569
4524,10,2,-122.22138888877697,42.88861111077998
985,2,11,-122.03472222209774,42.86972222188982
3393,7,6,-122.1880555554414,42.860833333000336
3124,7,6,-122.05027777765434,42.90638888855896
1978,4,9,-122.04694444432079,42.89305555522473
2486,6,7,-122.0380555554313,42.87083333300101
4207,9,4,-122.02361111098588,42.90083333300303
2286,5,6,-122.24805555544543,42.93861111078335
5393,11,2,-122.0536111109879,42.91749999967082
4517,10,3,-122.1169444443255,42.985277777453156
5126,11,2,-121.95694444431473,42.91749999967082
71,1,12,-122.20583333322037,42.915277777448445
5939,12,1,-122.25916666655729,42.9974999996762
2784,6,7,-122.07027777765569,42.907499999670144
3523,8,5,-122.22583333322171,42.93083333300505
2121,5,8,-121.99583333320624,42.90861111078133
1002,3,10,-122.04027777765367,42.98749999967553
4175,9,4,-121.96027777764829,42.877499999668125
3405,7,6,-122.13805555543803,42.85972222188915
82,1,12,-122.18138888877428,42.985277777453156
2951,6,7,-122.0936111109906,42.97527777745248
3159,7,6,-122.22138888877697,42.95972222189588
3321,7,6,-122.22805555544409,42.977499999674855
3146,7,6,-122.09027777765704,43.001944444120944
787,2,11,-121.98138888876082,42.85638888855559
1204,3,10,-122.05916666654383,42.879722221890496
4377,9,4,-122.0380555554313,42.877499999668125
1111,3,10,-121.95027777764761,42.91749999967082
2493,6,7,-122.10361111099127,42.94972222189521
242,1,12,-122.23361111100002,42.94638888856165
5823,12,1,-122.17583333321835,42.86749999966745
2704,6,7,-122.13361111099329,42.96749999967418
5040,11,2,-122.13583333321566,42.98638888856434
1546,4,9,-122.13694444432684,42.89416666633591
4368,9,4,-121.95472222209236,42.98416666634197
4135,9,4,-122.01916666654114,42.95416666633995
5495,12,1,-122.16694444432886,42.90861111078133
5189,11,2,-122.06583333321095,42.95416666633995
5781,12,1,-122.19027777766377,42.990833333009085
4532,10,3,-122.06583333321095,42.896388888558285
5113,11,2,-122.25249999989018,42.86194444411152
1856,4,9,-122.09694444432415,43.00083333300976
517,2,11,-122.06694444432213,42.92972222189386
3567,8,5,-122.21472222210986,42.93527777744979
4685,10,3,-122.13916666654922,43.00083333300976
2934,6,7,-122.01805555542995,42.86972222188982
4733,10,3,-122.19361111099732,43.00305555523213
2414,5,8,-122.11805555543668,42.85638888855559
3173,7,6,-122.23694444433357,42.960833333007066
2011,5,6,-122.24916666655662,42.93861111078335
3845,8,5,-122.11361111099194,42.9741666663413
2942,6,7,-122.03138888876418,43.01083333301043
3284,7,6,-122.1802777776631,42.96527777745181
3615,8,5,-122.20583333322037,42.97638888856367
2399,5,8,-122.23249999988883,42.93861111078335
3945,8,5,-121.9591666665371,43.009722221899246
3699,8,5,-121.98583333320556,42.96861111078537
1524,4,8,-122.25361111100136,42.95527777745114
781,2,11,-121.95472222209236,42.93638888856098
717,2,11,-122.13916666654922,42.87861111077931
70,1,12,-122.21361111099867,42.964166666340624
4617,10,3,-121.96472222209303,42.86527777744508
5094,11,2,-122.12027777765906,43.00305555523213
3816,8,5,-122.15694444432819,42.864166666333894
413,1,12,-122.03361111098656,42.901944444114214
3850,8,5,-122.16583333321768,42.95416666633995
1418,3,10,-122.17361111099598,42.8874999996688
4533,10,3,-122.19916666655325,42.96305555522944
5086,11,2,-121.96583333320422,42.988611110786714
3456,7,6,-122.20138888877563,42.89416666633591
5879,12,1,-122.11249999988075,42.977499999674855
2989,7,6,-121.97027777764896,42.99305555523146
2933,6,7,-122.06694444432213,42.907499999670144
2162,5,8,-122.15805555543938,43.00638888856569
994,3,10,-121.99138888876149,42.864166666333894
2783,6,7,-121.95027777764761,42.88638888855761
3012,7,6,-122.1402777776604,42.88416666633524
2766,6,7,-122.19027777766377,42.92749999967149
5612,12,1,-122.02027777765232,42.8874999996688
3479,8,5,-122.07916666654518,42.99527777745383
1212,3,10,-122.02583333320825,42.85972222188915
3870,8,5,-121.95805555542591,42.97638888856367
5091,11,2,-122.01583333320758,42.87861111077931
2056,5,8,-122.04249999987604,42.89305555522473
3614,8,4,-122.15361111099463,42.85972222188915
3633,8,5,-122.24916666655662,42.86861111077864
1724,4,9,-122.03916666654249,43.00638888856569
3195,7,6,-122.1324999998821,42.93638888856098
2020,5,8,-122.04472222209841,42.8952777774471
4929,10,3,-122.1013888887689,42.9030555552254
2235,5,8,-121.95027777764761,42.945277777450464
4035,9,4,-122.18472222210784,42.988611110786714
3174,7,6,-122.13027777765973,42.92527777744912
2053,5,8,-122.09027777765704,42.86972222188982
5554,12,1,-122.22805555544409,42.890833333002355
812,2,11,-122.16138888877293,43.01194444412162
1750,4,8,-122.15805555543938,42.866388888556266
4206,9,4,-122.0147222220964,43.01083333301043
3892,8,5,-122.05805555543265,42.971944444118925
2489,6,7,-122.01027777765165,42.96861111078537
4986,11,2,-122.06361111098857,42.95194444411758
4882,10,3,-122.22916666655527,42.93305555522742
3878,8,5,-122.04694444432079,42.8874999996688
1351,3,10,-121.99138888876149,42.95194444411758
1192,3,10,-122.05583333321027,43.009722221899246
4263,9,4,-122.14472222210514,42.9974999996762
3014,7,4,-122.13583333321566,42.85749999966678
2054,5,8,-122.0069444443181,42.97305555523011
5405,11,2,-121.97361111098252,42.95749999967351
1772,4,9,-122.22916666655527,42.9741666663413
4852,10,3,-122.08916666654585,42.98749999967553
5483,12,1,-122.00583333320691,42.920833333004374
2663,6,7,-122.05027777765434,42.91416666633726
1241,3,10,-122.11583333321431,42.94638888856165
4083,9,4,-121.98027777764963,42.85749999966678
185,1,12,-121.96361111098184,43.009722221899246
355,1,12,-121.95583333320354,42.9819444441196
421,1,12,-122.10027777765771,42.907499999670144
5180,11,2,-121.95249999986999,42.879722221890496
3022,7,6,-121.96138888875947,43.00861111078806
2278,5,8,-122.22027777766579,42.89972222189184
3958,8,5,-122.26249999989085,42.87638888855694
2041,5,8,-122.11805555543668,42.96749999967418
4307,9,4,-122.04916666654316,42.90083333300303
545,2,11,-122.25472222211255,42.99416666634264
5173,11,2,-122.21694444433223,43.009722221899246
3210,7,6,-122.26472222211322,42.91972222189319
1005,3,10,-122.13805555543803,42.94861111078402
2964,6,7,-121.95694444431473,42.89416666633591
1306,3,10,-122.05027777765434,43.009722221899246
3462,7,6,-122.12916666654854,42.928611110782676
3037,7,6,-122.1480555554387,42.9897222218979
3107,7,6,-122.19916666655325,42.92416666633793
1902,4,9,-122.06361111098857,43.00861111078806
2565,6,7,-122.23805555544476,42.9974999996762
122,1,12,-122.16138888877293,43.0130555552328
3168,7,6,-122.09472222210178,42.93638888856098
592,2,11,-122.07138888876688,43.00638888856569
790,2,11,-122.05583333321027,42.86305555522271
966,2,11,-122.21694444433223,42.93305555522742
2308,5,8,-122.23583333322239,42.920833333004374
3960,8,5,-122.08694444432348,42.85972222188915
1507,4,9,-122.16916666655123,43.007499999676874
638,2,11,-122.00916666654047,42.990833333009085
5049,11,2,-121.95027777764761,42.97305555523011
3980,9,4,-122.09694444432415,42.89416666633591
3916,8,5,-122.11583333321431,42.97527777745248
3793,8,5,-122.13694444432684,42.95638888856232
65,1,12,-121.95694444431473,42.88861111077998
5571,12,1,-122.18583333321902,42.86972222188982
3648,8,5,-122.24361111100069,42.99861111078739
5344,11,2,-122.13916666654922,42.97861111078604
148,1,12,-122.21694444433223,42.90083333300303
1173,3,10,-122.15916666655056,43.00861111078806
1017,3,10,-122.03138888876418,43.00638888856569
5114,11,2,-122.17361111099598,42.97638888856367
5196,11,2,-122.04472222209841,42.87527777744575
1067,3,10,-121.96916666653777,42.990833333009085
2417,5,8,-122.02805555543063,42.990833333009085
4461,10,3,-122.18916666655258,42.99305555523146
3725,8,5,-122.04138888876486,42.890833333002355
2896,6,7,-122.2347222221112,42.9974999996762
3903,8,5,-122.19138888877495,42.88861111077998
570,2,11,-121.98027777764963,42.93861111078335
4989,11,2,-122.2347222221112,42.99194444412027
1617,4,9,-122.04694444432079,42.96749999967418
333,1,12,-122.18361111099665,42.88972222189117
169,1,12,-122.203611110998,42.99416666634264
3495,8,5,-122.06583333321095,42.92416666633793
1527,4,9,-121.99138888876149,42.99972222189857
3911,8,5,-121.95361111098117,42.98749999967553
2412,5,8,-122.18361111099665,42.98083333300841
5774,12,1,-122.23138888877764,42.885277777446426
5844,12,1,-122.23805555544476,42.95083333300639
1399,3,10,-122.21472222210986,42.95194444411758
4336,9,4,-122.2580555554461,42.96305555522944
786,2,11,-122.22361111099934,42.926388888560304
4061,9,4,-122.1013888887689,43.00305555523213
3948,8,5,-121.95694444431473,42.98083333300841
1413,3,10,-121.97694444431608,42.907499999670144
5807,12,1,-122.14249999988277,42.877499999668125
406,1,12,-122.0847222221011,42.94416666633928
5419,11,2,-122.00027777765098,42.98638888856434
2844,6,7,-122.21694444433223,43.00083333300976
1439,3,10,-122.00916666654047,42.98416666634197
4445,9,4,-121.99249999987268,42.99861111078739
669,2,11,-122.19027777766377,42.879722221890496
4081,9,4,-121.95027777764761,42.934166666338605
454,1,10,-122.23027777766646,42.890833333002355
5020,11,2,-122.08361111098992,42.97638888856367
4010,9,4,-122.030277777653,42.98083333300841
130,1,12,-122.19472222210851,42.85972222188915
2328,5,8,-121.97027777764896,43.001944444120944
3658,8,5,-122.23916666655595,42.89194444411354
3239,7,6,-121.98361111098319,43.0052777774545
1571,4,9,-121.9669444443154,42.89194444411354
3750,8,5,-122.18694444433021,42.98083333300841
1567,4,9,-121.98805555542793,42.9974999996762
524,2,11,-122.23916666655595,42.947499999672836
1066,3,10,-122.16916666655123,42.86972222188982
2297,5,8,-122.23694444433357,42.89861111078066
2058,5,8,-122.24583333322306,42.95972222189588
5408,11,2,-122.24694444433425,42.99972222189857
3162,7,6,-122.04249999987604,42.890833333002355
1702,4,9,-122.13361111099329,42.86194444411152
5779,12,1,-122.26249999989085,43.004166666343316
328,1,12,-122.17694444432954,42.97972222189723
595,2,11,-122.14472222210514,42.94972222189521
3700,8,5,-122.20138888877563,42.92749999967149
2359,5,8,-122.02027777765232,42.85638888855559
1897,4,9,-122.02583333320825,42.92972222189386
361,1,12,-122.16027777766175,42.94416666633928
4217,9,4,-122.18472222210784,42.86861111077864
4644,10,3,-122.23361111100002,42.89194444411354
4850,10,3,-121.95805555542591,42.95194444411758
503,2,11,-122.13361111099329,42.88638888855761
1654,4,9,-122.21583333322104,42.93527777744979
5141,11,2,-122.1169444443255,42.85972222188915
727,2,11,-121.96805555542659,42.8952777774471
2826,6,7,-122.01361111098521,42.960833333007066
2497,6,7,-122.07138888876688,42.945277777450464
2215,5,8,-122.18138888877428,42.95749999967351
3745,8,5,-121.95472222209236,42.88861111077998
313,1,12,-122.07472222210043,42.92972222189386
4318,9,4,-121.99472222209505,42.87527777744575
3767,8,5,-122.23694444433357,42.95527777745114
1688,4,9,-122.21361111099867,42.88972222189117
5649,12,1,-122.23138888877764,42.93638888856098
4104,9,4,-122.02138888876351,42.89861111078066
5283,11,2,-122.07583333321162,42.92972222189386
3102,7,6,-122.2347222221112,42.88638888855761
2895,6,7,-121.97249999987133,42.93305555522742
4956,11,2,-122.04694444432079,43.01194444412162
677,2,11,-121.99694444431742,42.907499999670144
2834,6,7,-122.08249999987873,42.97305555523011
4590,10,3,-122.11583333321431,42.98749999967553
3313,7,6,-122.05249999987672,42.953055555228765
3721,8,5,-122.11249999988075,42.866388888556266
1905,4,9,-122.1958333332197,42.98083333300841
2814,6,7,-122.26027777766848,42.95638888856232
2158,5,8,-121.98694444431675,42.95972222189588
5704,12,1,-122.06583333321095,42.94305555522809
2222,5,8,-121.99694444431742,42.87861111077931
2540,6,7,-122.20138888877563,42.96527777745181
2431,5,8,-122.23583333322239,42.86194444411152
3247,7,6,-122.0691666665445,42.88083333300168
4305,9,4,-122.10472222210245,42.92527777744912
3285,7,6,-122.05138888876553,42.86305555522271
3225,7,6,-122.05138888876553,42.87861111077931
5000,11,2,-121.99583333320624,43.0130555552328
1288,3,10,-122.22027777766579,42.87305555522338
3204,7,6,-122.1880555554414,42.97972222189723
5407,11,2,-122.17361111099598,42.860833333000336
3518,8,5,-122.24583333322306,42.98416666634197
588,2,11,-122.13694444432684,42.85638888855559
5850,12,1,-122.19694444433088,42.95527777745114
2131,5,8,-122.0458333332096,42.941944444116906
4538,10,3,-121.95027777764761,42.923055555226746
4834,10,3,-122.05583333321027,42.901944444114214
2878,6,7,-122.1880555554414,42.93305555522742
201,1,12,-122.09583333321297,42.960833333007066
1242,3,10,-122.11138888876957,42.87083333300101
478,1,12,-122.24138888877832,43.00083333300976
1331,3,10,-122.05027777765434,42.91194444411489
5682,12,1,-122.04916666654316,42.98083333300841
5575,12,1,-121.99583333320624,42.97527777745248
620,2,11,-122.04805555543197,42.907499999670144
3428,7,6,-122.10361111099127,42.96861111078537
3227,7,6,-122.19694444433088,42.86305555522271
3589,8,5,-122.19138888877495,42.90861111078133
4188,9,4,-122.0069444443181,42.9108333330037
1530,4,9,-122.24472222211187,42.896388888558285
48,1,12,-122.21472222210986,42.94972222189521
3261,7,6,-122.13472222210447,42.88083333300168
5110,11,2,-122.21027777766511,42.85972222188915
1023,3,10,-122.01249999987402,42.96861111078537
579,2,11,-122.20138888877563,43.01083333301043
675,2,11,-121.97249999987133,42.96194444411825
4847,10,3,-122.07249999987806,42.91972222189319
3015,7,6,-122.11916666654787,43.004166666343316
272,1,12,-122.2580555554461,42.87416666633457
2559,6,7,-122.17583333321835,42.871944444112195
4543,10,3,-122.23583333322239,42.97972222189723
4050,9,4,-122.10805555543601,42.93861111078335
2200,5,8,-122.04472222209841,43.007499999676874
3585,8,5,-121.97138888876015,42.896388888558285
5689,12,1,-121.95027777764761,42.966388888562996
1635,4,9,-122.16583333321768,42.86861111077864
3826,8,5,-122.05027777765434,42.87416666633457
1918,4,9,-122.03361111098656,42.877499999668125
1142,3,10,-121.98027777764963,43.00083333300976
3844,8,5,-121.97805555542726,42.958611110784695
3443,7,6,-122.0691666665445,42.85749999966678
662,2,11,-122.20583333322037,42.966388888562996
3508,8,5,-121.98361111098319,42.92416666633793
2517,6,7,-122.09583333321297,42.883055555224054
4300,9,4,-122.05916666654383,43.00861111078806
849,2,11,-122.16805555544005,42.971944444118925
1695,4,9,-122.24694444433425,42.953055555228765
5374,11,2,-122.20472222210918,42.97861111078604
2751,6,7,-121.9747222220937,42.91638888855963
2068,5,8,-122.17916666655191,42.97083333300774
2669,6,7,-122.12138888877024,42.945277777450464
213,1,12,-122.13583333321566,42.88083333300168
891,2,11,-122.04027777765367,42.99416666634264
5153,11,2,-122.22138888877697,42.9030555552254
3970,9,4,-122.1169444443255,42.95083333300639
2727,6,5,-122.2113888887763,42.890833333002355
1720,4,9,-121.95583333320354,42.9974999996762
2034,5,8,-122.25583333322373,42.99305555523146
5671,12,1,-121.96027777764829,42.860833333000336
2816,6,7,-122.10027777765771,42.877499999668125
3716,8,5,-122.1880555554414,42.945277777450464
4981,11,2,-122.07249999987806,42.96194444411825
990,3,10,-122.23805555544476,42.960833333007066
89,1,12,-122.14138888877159,42.95083333300639
5026,11,2,-122.25361111100136,42.92194444411556
2378,5,8,-121.98361111098319,42.896388888558285
2291,5,8,-122.16472222210649,42.86861111077864
4530,10,3,-122.23805555544476,42.95749999967351
2510,6,7,-122.11027777765838,42.99861111078739
4681,10,3,-122.05472222209909,42.879722221890496
452,1,12,-122.02916666654181,42.947499999672836
4487,10,3,-122.25138888877899,42.91972222189319
2983,7,6,-122.01249999987402,42.8952777774471
5073,11,2,-122.25694444433492,42.9819444441196
2478,6,7,-121.95027777764761,43.004166666343316
3957,8,5,-122.03916666654249,43.00305555523213
699,2,11,-122.06694444432213,42.879722221890496
4154,9,4,-121.98138888876082,42.93861111078335
5524,12,1,-122.22805555544409,42.87527777744575
4583,10,3,-121.9513888887588,42.99861111078739
4031,9,4,-122.09138888876822,42.988611110786714
3963,8,5,-122.25694444433492,42.964166666340624
2254,5,8,-122.1247222221038,42.96861111078537
5263,11,2,-121.97138888876015,42.93305555522742
2240,5,8,-122.25916666655729,42.94416666633928
4858,10,3,-122.03472222209774,42.91305555522607
4515,10,3,-122.21361111099867,42.91749999967082
137,1,12,-122.25694444433492,42.92194444411556
2622,6,7,-122.04027777765367,42.871944444112195
3100,7,6,-122.02916666654181,43.0130555552328
3167,7,6,-122.17694444432954,42.86972222188982
2261,5,8,-122.1324999998821,42.8874999996688
4214,9,4,-122.02694444431944,42.96749999967418
5630,12,1,-121.95249999986999,42.93527777744979
1760,4,9,-121.95027777764761,42.860833333000336
2832,6,7,-122.22805555544409,42.939722221894534
5008,11,2,-122.07138888876688,42.877499999668125
2160,5,8,-122.030277777653,42.990833333009085
3053,7,6,-122.08694444432348,42.864166666333894
287,1,12,-122.08138888876755,42.926388888560304
0,1,12,-122.23361111100002,42.95638888856232
3837,8,5,-122.19472222210851,43.00305555523213
991,3,10,-122.13805555543803,42.95972222189588
3670,8,5,-121.96249999987066,42.93861111078335
144,1,12,-122.1636111109953,42.934166666338605
3369,7,6,-122.24138888877832,42.91749999967082
2567,6,7,-122.01138888876284,42.85749999966678
4267,9,4,-122.1713888887736,42.86861111077864
3180,7,6,-122.07027777765569,42.918611110782
2829,6,7,-122.08583333321229,42.926388888560304
5075,11,2,-122.0613888887662,42.87305555522338
2820,6,7,-122.21583333322104,42.960833333007066
4391,9,4,-122.25583333322373,42.879722221890496
918,2,11,-122.155833333217,42.95083333300639
3595,8,5,-122.1802777776631,42.96749999967418
5242,11,2,-122.15249999988345,42.896388888558285
5873,12,1,-122.11249999988075,42.89305555522473
1350,3,10,-121.97249999987133,43.00861111078806
4646,10,3,-122.01805555542995,42.86527777744508
4564,10,3,-121.97805555542726,42.97972222189723
5095,11,2,-122.09916666654652,42.97305555523011
3032,7,6,-122.21361111099867,42.96972222189655
3675,8,5,-121.97805555542726,42.98083333300841
433,1,12,-122.14916666654989,43.01194444412162
4829,10,3,-122.14138888877159,42.9974999996762
1883,4,9,-122.05027777765434,42.91638888855963
997,3,10,-122.16583333321768,42.90083333300303
3054,7,6,-121.96138888875947,42.915277777448445
1549,4,9,-122.16027777766175,42.904166666336586
2874,6,7,-121.9513888887588,42.9030555552254
471,1,12,-122.20472222210918,42.977499999674855
323,1,12,-122.09583333321297,42.87416666633457
4374,9,4,-122.1013888887689,42.988611110786714
1207,3,10,-122.06027777765502,42.93749999967216
2130,5,8,-121.9980555554286,42.93749999967216
2526,6,7,-121.95027777764761,42.87861111077931
2444,5,8,-122.13138888877091,42.91416666633726
2580,6,7,-122.22027777766579,42.864166666333894
66,1,12,-122.14249999988277,42.960833333007066
477,1,11,-122.11805555543668,42.85749999966678
2155,5,8,-121.9513888887588,43.001944444120944
5545,12,1,-122.18361111099665,42.95638888856232
3172,7,6,-122.07249999987806,42.966388888562996
2374,5,8,-122.13916666654922,42.88416666633524
5137,11,2,-121.96027777764829,42.9819444441196
801,2,11,-122.25583333322373,42.988611110786714
5910,12,1,-122.17249999988479,42.9974999996762
166,1,12,-122.03249999987537,43.0130555552328
3504,8,5,-122.10805555543601,42.92749999967149
828,2,11,-121.9591666665371,42.89194444411354
3363,7,6,-122.17805555544072,42.91749999967082
327,1,12,-122.0847222221011,42.95972222189588
1865,4,9,-122.23361111100002,42.939722221894534
2407,5,8,-122.13361111099329,42.88416666633524
5319,11,2,-122.25583333322373,42.95638888856232
1412,3,10,-122.06472222209976,42.90527777744777
356,1,12,-122.10249999988008,42.94416666633928
3084,7,6,-122.11583333321431,42.91305555522607
4698,10,3,-122.15472222210582,42.977499999674855
3560,8,5,-122.19027777766377,42.94861111078402
2347,5,8,-121.99472222209505,42.89861111078066
4075,9,4,-122.09805555543534,42.958611110784695
4020,9,4,-122.1480555554387,42.996388888565015
5701,12,1,-122.06472222209976,42.98749999967553
733,2,11,-122.15694444432819,42.86305555522271
1830,4,9,-122.18694444433021,42.9974999996762
3485,8,5,-122.17583333321835,42.97972222189723
4557,10,3,-122.12583333321498,42.91638888855963
5826,12,1,-122.2580555554461,42.866388888556266
3142,7,6,-121.98472222209438,42.96305555522944
1888,4,9,-122.16249999988412,42.985277777453156
3636,8,5,-122.1402777776604,42.8874999996688
2137,5,8,-122.19361111099732,43.007499999676874
304,1,12,-122.13583333321566,42.91416666633726
4279,9,4,-122.14472222210514,42.928611110782676
2539,6,7,-121.9513888887588,42.945277777450464
2918,6,7,-122.07249999987806,42.96861111078537
5643,12,1,-122.02583333320825,42.907499999670144
3345,7,6,-122.02138888876351,43.01083333301043
2210,5,8,-121.97361111098252,42.93083333300505
3288,7,6,-122.15027777766107,42.99861111078739
5498,12,1,-122.16027777766175,42.88638888855761
4115,9,4,-121.9513888887588,42.87861111077931
1680,4,9,-122.2113888887763,42.96527777745181
5909,12,1,-122.02472222209707,42.958611110784695
5462,12,1,-122.18249999988547,43.007499999676874
5156,11,2,-122.24027777766713,43.00305555523213
4303,9,4,-122.17694444432954,42.93194444411623
2604,6,7,-122.19472222210851,42.945277777450464
3820,8,5,-122.16027777766175,42.907499999670144
5636,12,1,-122.09805555543534,42.94416666633928
5280,11,2,-122.08805555543466,42.89972222189184
3126,7,6,-122.08583333321229,42.9030555552254
5326,11,2,-121.95361111098117,42.983055555230784
3347,7,6,-122.03472222209774,42.901944444114214
5832,12,1,-122.06472222209976,42.920833333004374
4650,10,3,-122.01916666654114,42.86527777744508
5376,11,2,-122.08249999987873,42.95972222189588
4893,10,3,-122.04138888876486,42.928611110782676
1084,3,10,-121.96583333320422,42.958611110784695
4464,10,3,-122.25694444433492,42.988611110786714
5824,12,1,-122.05249999987672,42.858611110777964
2069,5,8,-121.9513888887588,42.91638888855963
2960,6,7,-122.03472222209774,42.87416666633457
4171,9,4,-122.19916666655325,42.96861111078537
2076,5,8,-121.95805555542591,43.00861111078806
4489,10,3,-122.16805555544005,43.00861111078806
3690,8,5,-122.15249999988345,42.92194444411556
3679,8,5,-121.95027777764761,42.915277777448445
4310,9,4,-122.22249999988816,42.90527777744777
145,1,12,-121.97805555542726,42.858611110777964
3379,7,6,-121.96361111098184,42.890833333002355
1485,4,9,-122.02805555543063,42.89194444411354
2523,6,7,-122.22472222211053,42.918611110782
3257,7,6,-122.21027777766511,42.890833333002355
2920,6,7,-122.09805555543534,42.96305555522944
1196,3,10,-122.1402777776604,42.87083333300101
5079,11,2,-122.04027777765367,43.007499999676874
4563,10,3,-122.01916666654114,42.89861111078066
5090,11,2,-122.22249999988816,42.966388888562996
3099,7,6,-121.96027777764829,42.953055555228765
916,2,11,-122.1958333332197,42.860833333000336
5002,11,2,-122.0147222220964,42.953055555228765
2044,5,8,-122.23694444433357,42.939722221894534
2703,6,7,-122.17583333321835,42.9974999996762
3277,7,6,-121.9513888887588,42.87527777744575
3389,7,6,-122.0458333332096,42.89861111078066
2432,5,8,-122.08361111098992,42.94638888856165
28,1,12,-121.99472222209505,42.996388888565015
1411,3,10,-122.0458333332096,42.86194444411152
3267,7,6,-122.19805555544207,42.96194444411825
5918,12,1,-122.12138888877024,42.86861111077864
2345,5,8,-121.98805555542793,42.97527777745248
486,1,12,-121.99249999987268,42.89749999966947
698,2,11,-122.2580555554461,42.91416666633726
5521,12,1,-122.02916666654181,42.97861111078604
5640,12,1,-122.12138888877024,43.01083333301043
5486,12,1,-122.24583333322306,42.86861111077864
4717,10,3,-122.10583333321364,42.941944444116906
726,2,11,-122.26361111100204,42.91972222189319
5443,11,2,-122.17361111099598,42.890833333002355
3340,7,6,-122.22916666655527,42.99305555523146
338,1,12,-122.15916666655056,42.939722221894534
4361,9,4,-122.23916666655595,42.94972222189521
3522,8,5,-122.08916666654585,42.9974999996762
3489,8,5,-122.0380555554313,42.883055555224054
671,2,11,-122.02805555543063,42.99416666634264
5150,11,2,-122.18361111099665,42.88972222189117
4008,9,4,-122.23916666655595,43.001944444120944
4788,10,3,-122.09916666654652,42.93083333300505
3906,8,5,-122.17472222210716,42.96527777745181
2221,5,8,-122.22583333322171,42.977499999674855
4504,10,3,-122.02583333320825,43.004166666343316
491,1,12,-122.18472222210784,42.9741666663413
4372,9,4,-122.2424999998895,43.00083333300976
1339,3,10,-122.17472222210716,42.890833333002355
206,1,12,-122.04249999987604,42.879722221890496
1499,4,9,-122.26138888877966,42.95749999967351
5746,12,1,-122.19027777766377,42.971944444118925
3973,9,4,-122.13694444432684,42.86194444411152
4198,9,4,-122.0224999998747,42.977499999674855
3413,7,6,-122.26138888877966,42.99527777745383
3772,8,5,-122.20805555544274,43.00083333300976
601,2,11,-122.0691666665445,42.99416666634264
2716,6,7,-122.04361111098723,42.960833333007066
5456,12,1,-122.22027777766579,42.977499999674855
2947,6,7,-122.19916666655325,42.95416666633995
5363,11,2,-122.22249999988816,42.871944444112195
607,2,11,-122.01361111098521,42.98749999967553
110,1,12,-122.0458333332096,42.885277777446426
3315,7,6,-121.96027777764829,42.890833333002355
460,1,12,-122.0380555554313,42.89305555522473
5535,12,1,-122.0147222220964,43.00305555523213
4242,9,4,-121.96361111098184,42.86194444411152
2402,5,8,-121.98805555542793,42.96972222189655
5469,12,1,-122.16694444432886,42.86861111077864
4362,9,4,-122.02361111098588,42.91638888855963
3356,7,6,-122.12249999988143,42.95194444411758
3229,7,6,-122.14249999988277,42.94972222189521
597,2,9,-122.06805555543332,42.85749999966678
1761,4,9,-122.00472222209572,42.93638888856098
5174,11,2,-122.00472222209572,42.923055555226746
5792,12,1,-122.23583333322239,42.89416666633591
1031,3,10,-122.04916666654316,42.988611110786714
5138,11,2,-122.07138888876688,42.920833333004374
2614,6,7,-122.25583333322373,42.88083333300168
558,2,11,-122.02805555543063,42.95527777745114
5908,12,1,-122.13805555543803,42.91194444411489
4584,10,3,-122.13027777765973,43.004166666343316
2678,6,7,-121.99694444431742,42.99972222189857
741,2,11,-121.95472222209236,42.90527777744777
5394,11,2,-122.14249999988277,42.95749999967351
2391,5,8,-122.07249999987806,42.918611110782
3330,7,6,-122.24361111100069,42.95638888856232
1496,4,9,-122.16916666655123,42.9741666663413
2757,6,7,-122.05805555543265,42.87861111077931
3001,7,6,-121.9747222220937,42.95527777745114
4794,10,3,-122.11027777765838,42.96749999967418
2652,6,7,-122.19916666655325,42.96527777745181
5699,12,1,-122.2113888887763,42.93527777744979
4947,10,3,-122.13916666654922,42.996388888565015
3688,8,5,-122.23916666655595,42.86527777744508
3644,8,5,-122.12138888877024,43.001944444120944
4738,10,3,-121.95027777764761,42.864166666333894
5744,12,1,-121.95583333320354,42.99972222189857
4567,10,3,-122.09027777765704,42.926388888560304
1107,3,10,-121.98916666653912,42.86972222188982
3618,8,5,-122.23805555544476,42.864166666333894
816,2,11,-122.14916666654989,42.918611110782
2860,6,7,-122.08694444432348,42.95083333300639
1604,4,9,-122.24583333322306,42.88972222189117
2990,7,6,-122.01805555542995,43.01194444412162
5512,12,1,-121.96583333320422,42.85638888855559
3565,8,5,-122.16472222210649,42.8874999996688
5301,11,2,-122.20694444433155,43.0130555552328
2323,5,8,-121.9991666665398,42.97305555523011
442,1,9,-122.13583333321566,42.85638888855559
4795,10,3,-122.08361111098992,42.971944444118925
1167,3,10,-122.08805555543466,42.86861111077864
4913,10,3,-122.01805555542995,43.00861111078806
2334,5,8,-122.06249999987739,42.96305555522944
5453,12,1,-122.01027777765165,43.01083333301043
1727,4,9,-121.95027777764761,42.879722221890496
884,2,11,-122.1880555554414,42.87638888855694
729,2,11,-122.09583333321297,42.88416666633524
1120,3,10,-122.05138888876553,43.0052777774545
3908,8,5,-122.14249999988277,42.947499999672836
911,2,11,-122.18916666655258,42.88861111077998
4308,9,4,-122.10583333321364,42.920833333004374
3088,7,6,-122.06361111098857,42.93861111078335
1078,3,10,-122.13138888877091,42.91638888855963
105,1,12,-122.20027777766444,42.890833333002355
667,2,11,-121.95583333320354,42.89416666633591
5426,11,2,-122.01249999987402,42.907499999670144
697,2,11,-121.98694444431675,42.960833333007066
506,2,11,-121.98805555542793,42.926388888560304
2383,5,8,-121.97138888876015,42.93305555522742
2780,6,7,-122.15805555543938,42.94416666633928
5924,12,1,-122.09138888876822,42.89861111078066
4651,10,3,-122.03694444432011,42.88083333300168
5202,11,2,-121.95805555542591,42.85972222188915
2768,6,7,-122.14249999988277,42.92194444411556
2606,6,7,-121.99361111098386,42.9741666663413
2329,5,8,-122.22138888877697,42.86972222188982
4715,10,3,-122.22472222211053,42.95416666633995
4406,9,4,-122.10249999988008,42.92194444411556
2232,5,8,-122.02583333320825,42.864166666333894
2082,5,8,-122.24472222211187,42.86749999966745
3961,8,5,-122.12249999988143,42.915277777448445
2027,5,8,-122.08361111098992,42.958611110784695
2294,5,8,-122.05249999987672,43.007499999676874
2524,6,7,-122.25472222211255,42.87083333300101
1603,4,9,-122.23694444433357,42.86194444411152
1840,4,9,-122.23583333322239,42.958611110784695
295,1,12,-122.08694444432348,42.91194444411489
2688,6,7,-122.16583333321768,42.988611110786714
138,1,12,-122.11138888876957,42.97083333300774
5484,12,1,-122.19916666655325,42.93638888856098
3039,7,6,-122.25916666655729,42.92194444411556
5678,12,1,-121.96472222209303,42.941944444116906
4781,10,3,-121.96916666653777,42.92749999967149
3587,8,5,-121.98694444431675,42.89305555522473
5505,12,1,-122.20694444433155,42.94305555522809
4441,9,4,-121.96472222209303,43.009722221899246
1322,3,10,-122.0536111109879,42.95194444411758
2883,6,7,-122.09249999987941,42.909722221892515
3683,8,5,-122.23138888877764,42.93749999967216
2641,6,7,-121.97805555542726,42.85638888855559
3624,8,5,-122.1636111109953,42.9030555552254
5542,12,1,-121.99138888876149,43.001944444120944
1316,3,10,-122.030277777653,42.87527777744575
4190,9,4,-122.05472222209909,42.86305555522271
563,2,11,-122.02583333320825,43.0130555552328
4932,10,3,-121.96138888875947,42.91638888855963
3117,7,6,-122.11472222210313,42.92527777744912
1831,4,9,-122.02805555543063,42.926388888560304
4428,9,4,-122.02138888876351,43.001944444120944
5377,11,2,-122.18694444433021,42.89861111078066
1734,4,9,-121.96805555542659,42.89305555522473
1355,3,10,-122.11583333321431,42.95972222189588
2421,5,7,-122.23694444433357,42.890833333002355
2271,5,8,-121.97583333320489,42.91305555522607
5013,11,2,-122.04138888876486,42.983055555230784
2064,5,8,-122.12805555543736,42.97083333300774
1967,4,9,-122.15249999988345,42.87083333300101
285,1,12,-122.23138888877764,42.97083333300774
229,1,12,-121.97361111098252,42.90638888855896
2867,6,7,-121.95027777764761,42.87638888855694
2998,7,6,-122.25583333322373,42.99861111078739
2140,5,8,-122.12249999988143,42.91638888855963
4133,9,4,-122.05249999987672,42.89194444411354
1813,4,9,-122.10583333321364,42.99194444412027
331,1,12,-122.23361111100002,42.88861111077998
4443,9,4,-122.21027777766511,43.001944444120944
402,1,12,-122.15916666655056,42.93194444411623
332,1,12,-122.20249999988681,42.85972222188915
4094,9,4,-122.02694444431944,42.95749999967351
1471,3,10,-122.13472222210447,42.99194444412027
5857,12,1,-122.04027777765367,42.91305555522607
3031,7,6,-122.15249999988345,42.95638888856232
1594,4,9,-122.06361111098857,42.904166666336586
3827,8,5,-122.02027777765232,42.92972222189386
1653,4,9,-122.09249999987941,42.86972222188982
2603,6,7,-122.22583333322171,42.918611110782
3272,7,6,-122.07805555543399,42.97527777745248
2276,5,8,-122.04249999987604,42.88083333300168
1483,3,10,-122.22583333322171,42.99305555523146
5264,11,2,-121.95583333320354,43.0052777774545
4376,9,4,-122.23805555544476,42.89972222189184
3920,8,5,-122.03361111098656,42.9741666663413
1631,4,9,-122.23138888877764,42.89861111078066
2109,5,8,-122.07138888876688,42.964166666340624
2634,6,7,-122.00027777765098,42.88638888855761
3179,7,6,-122.15138888877226,42.85972222188915
2004,5,8,-122.24805555544543,42.920833333004374
4387,9,4,-121.98472222209438,42.97083333300774
5019,11,2,-122.09249999987941,42.95749999967351
587,2,11,-122.24027777766713,42.94861111078402
3004,7,6,-122.22249999988816,42.86972222188982
1660,4,9,-122.24916666655662,42.93861111078335
5458,12,1,-122.19694444433088,42.95972222189588
2722,6,7,-122.09138888876822,42.99861111078739
3514,8,5,-122.11027777765838,42.920833333004374
5810,12,1,-122.1636111109953,42.92972222189386
5333,11,2,-121.9513888887588,42.94638888856165
3482,8,5,-122.25249999989018,42.877499999668125
146,1,12,-121.99138888876149,42.858611110777964
4725,10,3,-122.15694444432819,42.920833333004374
5607,12,1,-122.2347222221112,42.871944444112195
434,1,12,-122.17027777766242,42.8874999996688
4965,11,2,-122.00138888876216,42.866388888556266
3882,8,5,-122.00472222209572,42.87083333300101
3431,7,6,-122.16472222210649,42.86972222188982
2509,6,7,-121.9591666665371,42.88638888855761
3741,8,5,-122.22916666655527,42.89861111078066
1808,4,9,-122.23583333322239,42.9974999996762
74,1,12,-122.00805555542928,42.89305555522473
5072,11,2,-122.20027777766444,42.858611110777964
5472,12,1,-121.95472222209236,42.99305555523146
856,2,11,-122.20027777766444,42.94083333300572
1803,4,9,-121.99583333320624,42.86972222188982
5531,12,1,-122.24472222211187,42.86527777744508
4750,10,3,-121.98361111098319,42.926388888560304
2426,5,8,-122.00249999987335,42.871944444112195
4962,11,2,-122.26027777766848,42.890833333002355
5386,11,2,-122.19694444433088,42.97083333300774
521,2,11,-122.02694444431944,42.92749999967149
4431,9,4,-122.00805555542928,42.91972222189319
3791,8,5,-122.22583333322171,42.939722221894534
3831,8,5,-122.14249999988277,42.91749999967082
5613,12,1,-122.2502777776678,42.86749999966745
1020,3,10,-122.17916666655191,42.88861111077998
5497,12,1,-122.09583333321297,42.988611110786714
3978,9,4,-122.24916666655662,42.87416666633457
4067,9,4,-122.06472222209976,42.85749999966678
1484,4,8,-122.25472222211255,42.896388888558285
5442,11,2,-122.1480555554387,42.907499999670144
5494,12,1,-121.97805555542726,42.86527777744508
3005,7,6,-122.12916666654854,42.958611110784695
5805,12,1,-122.0069444443181,42.85749999966678
2499,6,7,-122.21361111099867,42.93638888856098
3187,7,6,-122.02472222209707,42.95083333300639
912,2,10,-121.9513888887588,42.88194444411287
2702,6,7,-122.24694444433425,42.96194444411825
3161,7,6,-122.02916666654181,42.945277777450464
5937,12,1,-122.22583333322171,42.928611110782676
2801,6,7,-122.04805555543197,42.907499999670144
2440,5,8,-122.18138888877428,43.00305555523213
1510,4,9,-122.26027777766848,42.89861111078066
396,1,12,-122.07027777765569,43.007499999676874
3109,7,6,-122.15249999988345,42.94416666633928
714,2,11,-121.9747222220937,42.939722221894534
4117,9,4,-122.21472222210986,42.866388888556266
5205,11,2,-122.1169444443255,42.97527777745248
2352,5,8,-121.95805555542591,42.85638888855559
342,1,12,-122.02138888876351,42.89972222189184
637,2,11,-122.02916666654181,42.94638888856165
4179,9,4,-122.16694444432886,42.8874999996688
5773,12,1,-121.96805555542659,42.95638888856232
2182,5,8,-122.23583333322239,42.860833333000336
514,2,11,-121.97583333320489,42.9819444441196
488,1,12,-122.18583333321902,43.01083333301043
1916,4,9,-122.22361111099934,42.960833333007066
326,1,12,-122.05583333321027,42.87861111077931
5766,12,1,-121.96472222209303,42.93083333300505
3178,7,6,-122.1636111109953,42.88861111077998
5348,11,2,-122.08027777765636,42.94416666633928
5249,11,2,-122.08138888876755,42.890833333002355
3154,7,6,-122.2113888887763,42.91638888855963
4844,10,3,-122.07805555543399,42.91305555522607
2973,7,6,-121.97361111098252,42.85638888855559
4385,9,4,-122.13694444432684,42.88861111077998
335,1,12,-122.2502777776678,42.89416666633591
2281,5,8,-122.02583333320825,42.85638888855559
1621,4,9,-122.01027777765165,42.89416666633591
3895,8,5,-122.04027777765367,42.883055555224054
30,1,10,-121.9513888887588,42.918611110782
644,2,11,-122.09027777765704,42.95083333300639
4375,9,4,-122.09027777765704,42.88638888855761
1852,4,9,-122.26027777766848,42.95749999967351
171,1,12,-122.19361111099732,42.85972222188915
3984,9,4,-122.00805555542928,42.85638888855559
4254,9,4,-122.0691666665445,42.90527777744777
1587,4,9,-122.17583333321835,42.88972222189117
1634,4,9,-122.26138888877966,42.97972222189723
394,1,12,-122.25472222211255,42.9819444441196
3406,7,6,-122.18361111099665,42.92527777744912
2572,6,7,-122.19027777766377,42.985277777453156
2236,5,8,-122.1247222221038,42.94972222189521
3293,7,6,-122.04027777765367,42.88194444411287
678,2,11,-122.20805555544274,42.90083333300303
1237,3,10,-122.15472222210582,43.007499999676874
1139,3,10,-122.06472222209976,42.93305555522742
3905,8,5,-122.2191666665546,42.95972222189588
1127,3,10,-121.9513888887588,42.86305555522271
1656,4,9,-122.08583333321229,42.96194444411825
3780,8,5,-121.99249999987268,42.93638888856098
4709,10,3,-122.20805555544274,42.94083333300572
772,2,11,-122.15472222210582,42.94638888856165
5315,11,2,-122.0069444443181,42.87527777744575
4970,11,2,-122.0936111109906,42.88861111077998
915,2,11,-122.07472222210043,42.934166666338605
85,1,12,-122.09805555543534,42.99861111078739
2600,6,7,-122.17583333321835,42.8874999996688
3854,8,5,-122.14583333321633,42.960833333007066
2465,5,8,-122.24805555544543,42.95972222189588
3665,8,5,-122.11249999988075,42.88972222189117
4076,9,4,-121.98472222209438,42.89749999966947
519,2,10,-122.18249999988547,42.88861111077998
4862,10,3,-122.21583333322104,42.915277777448445
5855,12,1,-122.14361111099396,42.934166666338605
4252,9,4,-121.97916666653845,42.909722221892515
3264,7,6,-122.0613888887662,42.93861111078335
5513,12,1,-121.97805555542726,42.990833333009085
1555,4,9,-121.95583333320354,42.94861111078402
5440,11,2,-122.21472222210986,42.97861111078604
1029,3,10,-122.16694444432886,42.90638888855896
4706,10,3,-122.24916666655662,43.0052777774545
1632,4,9,-122.15805555543938,42.98749999967553
4203,9,4,-122.01583333320758,42.879722221890496
3067,7,6,-121.9669444443154,42.86194444411152
4957,11,2,-122.26249999989085,42.896388888558285
953,2,11,-122.21027777766511,42.939722221894534
1071,3,10,-121.97583333320489,42.85749999966678
5543,12,1,-122.0691666665445,42.90861111078133
5104,11,2,-122.21583333322104,42.934166666338605
1391,3,10,-121.97805555542726,42.85749999966678
1790,4,9,-122.16916666655123,42.8874999996688
3043,7,6,-122.19138888877495,42.885277777446426
905,2,11,-122.15361111099463,43.001944444120944
4237,9,4,-121.96249999987066,42.97638888856367
1528,4,9,-122.16138888877293,43.01083333301043
4040,9,4,-122.22583333322171,42.87416666633457
4756,10,3,-122.03138888876418,42.93305555522742
345,1,12,-122.23027777766646,42.89861111078066
1225,3,10,-121.96916666653777,42.896388888558285
3661,8,5,-122.18916666655258,42.87527777744575
424,1,11,-122.18916666655258,42.88861111077998
3414,7,6,-122.0847222221011,42.97638888856367
1446,3,10,-122.14138888877159,42.97861111078604
2710,6,7,-122.04027777765367,42.8874999996688
200,1,11,-122.07027777765569,42.85749999966678
244,1,12,-121.95694444431473,42.95083333300639
612,2,11,-122.17027777766242,42.97305555523011
2698,6,7,-122.23027777766646,42.939722221894534
2750,6,7,-122.05916666654383,42.93083333300505
4145,9,4,-121.96472222209303,42.88416666633524
1267,3,10,-122.15249999988345,42.988611110786714
4609,10,3,-122.25694444433492,42.93305555522742
1091,3,10,-122.21249999988748,42.90083333300303
5818,12,1,-121.96249999987066,42.87527777744575
4833,10,3,-122.11583333321431,42.88861111077998
3367,7,6,-122.19805555544207,42.88416666633524
3110,7,6,-122.26472222211322,42.918611110782
2542,6,7,-122.0847222221011,42.93305555522742
2384,5,8,-122.21361111099867,42.901944444114214
5715,12,1,-122.18916666655258,43.007499999676874
594,2,11,-122.09027777765704,42.9741666663413
5790,12,1,-122.23694444433357,42.95749999967351
2764,6,7,-122.19805555544207,42.988611110786714
284,1,12,-122.04138888876486,42.89194444411354
1590,4,9,-122.16916666655123,43.009722221899246
2057,5,8,-121.96472222209303,42.988611110786714
42,1,10,-122.1169444443255,42.85749999966678
5827,12,1,-122.26138888877966,42.941944444116906
1805,4,9,-122.16138888877293,42.86305555522271
3499,8,5,-122.12694444432617,42.92972222189386
2023,5,8,-122.08249999987873,42.91305555522607
2803,6,7,-122.07916666654518,42.926388888560304
1389,3,10,-121.99249999987268,42.9741666663413
2425,5,8,-121.98138888876082,43.0052777774545
4877,10,3,-122.24472222211187,42.98749999967553
1829,4,9,-122.21361111099867,42.91416666633726
5711,12,1,-122.16583333321768,42.94638888856165
1981,5,8,-122.19027777766377,42.97638888856367
2437,5,8,-121.95472222209236,42.88861111077998
3446,7,6,-122.05249999987672,42.91749999967082
427,1,12,-122.09805555543534,42.94972222189521
1511,4,9,-122.02472222209707,42.93083333300505
4948,10,3,-122.22472222211053,43.00083333300976
5825,12,1,-122.16694444432886,42.93305555522742
1369,3,10,-122.23805555544476,42.99861111078739
4926,10,3,-121.99249999987268,42.958611110784695
2705,6,7,-122.16138888877293,42.93638888856098
3404,7,6,-122.01694444431877,42.93527777744979
5083,11,2,-121.95472222209236,42.91749999967082
5406,11,2,-122.21361111099867,42.953055555228765
3215,7,6,-121.99361111098386,42.939722221894534
999,3,10,-122.10805555543601,42.990833333009085
2755,6,7,-122.09694444432415,42.91638888855963
1382,3,10,-122.16805555544005,42.8952777774471
507,2,11,-122.26249999989085,42.97861111078604
1033,3,10,-122.11583333321431,42.918611110782
3947,8,5,-122.16027777766175,42.94638888856165
780,2,11,-122.08583333321229,42.960833333007066
2921,6,7,-122.2424999998895,42.95083333300639
5616,12,1,-122.18916666655258,42.87083333300101
4493,10,3,-122.17249999988479,43.007499999676874
4925,10,3,-122.24583333322306,42.93527777744979
649,2,11,-122.25249999989018,42.97972222189723
3135,7,6,-122.21694444433223,42.99305555523146
3273,7,6,-122.09472222210178,42.87305555522338
235,1,12,-122.05472222209909,42.89972222189184
401,1,12,-122.15694444432819,42.86527777744508
3983,9,4,-122.21361111099867,43.0052777774545
5694,12,1,-122.00472222209572,42.9108333330037
4161,9,4,-122.04472222209841,43.009722221899246
2119,5,8,-122.05472222209909,43.009722221899246
528,2,11,-122.22583333322171,42.89972222189184
7,1,12,-122.14138888877159,42.91972222189319
2948,6,7,-122.15027777766107,42.920833333004374
5526,12,1,-122.16805555544005,43.00638888856569
928,2,11,-122.00805555542928,42.96972222189655
118,1,12,-122.23027777766646,42.88416666633524
4812,10,3,-122.2191666665546,42.883055555224054
2968,6,7,-121.98472222209438,42.877499999668125
1114,3,10,-122.18694444433021,42.99194444412027
3233,7,6,-122.22472222211053,42.89972222189184
3046,7,6,-122.08694444432348,42.94305555522809
4960,11,2,-122.1091666665472,42.915277777448445
173,1,12,-122.25916666655729,42.990833333009085
3859,8,5,-122.05694444432146,42.996388888565015
5727,12,1,-122.18361111099665,42.866388888556266
5054,11,2,-122.0536111109879,43.004166666343316
4928,10,2,-121.9513888887588,42.87638888855694
5167,11,2,-122.21583333322104,42.9897222218979
1600,4,9,-122.24583333322306,42.8952777774471
3651,8,5,-122.17249999988479,42.92194444411556
5537,12,1,-121.98805555542793,42.87305555522338
4718,10,3,-121.95027777764761,42.91972222189319
1873,4,9,-122.13583333321566,42.9974999996762
1509,4,9,-122.24805555544543,42.97861111078604
4160,9,4,-122.18694444433021,42.964166666340624
2330,5,8,-122.19472222210851,42.904166666336586
2469,5,8,-121.982499999872,42.97638888856367
5318,11,2,-121.9991666665398,42.907499999670144
3835,8,5,-122.15805555543938,42.934166666338605
5645,12,1,-121.99583333320624,42.87305555522338
4225,9,4,-121.97694444431608,43.00305555523213
4767,10,3,-122.21583333322104,43.009722221899246
5306,11,2,-122.26138888877966,42.93861111078335
759,2,11,-122.16027777766175,42.93305555522742
5152,11,2,-122.02583333320825,42.93083333300505
569,2,11,-121.95805555542591,42.99527777745383
4935,10,3,-121.96027777764829,42.91749999967082
894,2,11,-122.16027777766175,42.92749999967149
2866,6,7,-122.08805555543466,42.99194444412027
791,2,11,-122.18361111099665,42.89861111078066
2424,5,8,-121.97249999987133,42.985277777453156
163,1,12,-122.19138888877495,42.93305555522742
529,2,11,-122.06583333321095,43.00861111078806
5733,12,1,-122.20138888877563,42.88861111077998
27,1,12,-121.99138888876149,42.86194444411152
2030,5,8,-121.98583333320556,42.94638888856165
516,2,11,-122.08361111098992,43.0130555552328
4582,10,3,-122.21583333322104,42.87416666633457
5238,11,2,-121.95027777764761,42.95083333300639
4667,10,3,-122.25138888877899,42.95638888856232
457,1,12,-122.09027777765704,42.94416666633928
2390,5,8,-122.0458333332096,42.8874999996688
2887,6,7,-122.01694444431877,42.98638888856434
1704,4,9,-122.19249999988614,42.85972222188915
2322,5,8,-122.1880555554414,42.97527777745248
4658,10,3,-122.11361111099194,43.004166666343316
2479,6,7,-122.155833333217,43.0130555552328
945,2,10,-121.9513888887588,42.91638888855963
4380,9,4,-122.00249999987335,42.91305555522607
1926,4,9,-122.17583333321835,42.866388888556266
5294,11,2,-122.0147222220964,42.85972222188915
337,1,12,-122.09694444432415,42.883055555224054
4165,9,4,-122.22138888877697,42.890833333002355
2453,5,8,-122.22249999988816,42.91749999967082
3527,8,5,-122.12583333321498,42.85638888855559
2857,6,7,-122.2502777776678,42.8952777774471
2700,6,7,-122.16694444432886,42.89749999966947
5367,11,2,-122.13694444432684,42.918611110782
2966,6,7,-122.1247222221038,42.964166666340624
414,1,12,-121.97805555542726,42.85638888855559
523,2,11,-122.06027777765502,42.99527777745383
1947,4,9,-121.98916666653912,42.94416666633928
3370,7,6,-122.14472222210514,42.94638888856165
3451,7,6,-122.05138888876553,43.00861111078806
762,2,11,-121.9513888887588,42.93638888856098
2127,5,8,-122.04916666654316,42.915277777448445
1618,4,9,-122.09916666654652,42.915277777448445
1150,3,10,-121.95027777764761,43.00305555523213
1739,4,9,-122.10694444432482,42.90861111078133
1080,3,10,-121.95361111098117,42.93749999967216
5906,12,1,-121.9513888887588,42.98083333300841
336,1,12,-122.24916666655662,42.928611110782676
2987,7,6,-122.11027777765838,42.91416666633726
1466,3,10,-122.19138888877495,42.920833333004374
4693,10,3,-122.16249999988412,42.94083333300572
56,1,12,-121.97694444431608,42.9108333330037
2997,7,6,-121.96027777764829,42.966388888562996
4823,10,3,-122.2347222221112,42.93749999967216
2731,6,7,-122.13361111099329,43.00305555523213
2870,6,7,-122.20249999988681,42.93861111078335
4620,10,3,-121.97916666653845,42.9897222218979
4783,10,3,-122.10694444432482,43.00083333300976
532,2,11,-121.95472222209236,42.877499999668125
2928,6,7,-122.22249999988816,42.93527777744979
1502,4,8,-122.22138888877697,42.88861111077998
5057,11,2,-122.07138888876688,42.96749999967418
5605,12,1,-122.23694444433357,42.94083333300572
4264,9,4,-122.20249999988681,42.89416666633591
4253,9,4,-121.95361111098117,42.98083333300841
1498,4,9,-122.04916666654316,42.909722221892515
1670,4,9,-122.22138888877697,42.87083333300101
4274,9,4,-122.15361111099463,42.94861111078402
52,1,12,-122.08583333321229,42.99416666634264
3263,7,6,-122.07472222210043,42.858611110777964
1132,3,10,-122.19361111099732,42.89305555522473
270,1,12,-122.01916666654114,43.009722221899246
1980,4,9,-121.97361111098252,42.90083333300303
3861,8,5,-122.2269444443329,42.939722221894534
773,2,11,-122.14583333321633,42.996388888565015
1459,3,10,-122.14583333321633,42.95416666633995
294,1,12,-122.18138888877428,42.98416666634197
5762,12,1,-122.06361111098857,42.94083333300572
5354,11,2,-122.06249999987739,42.95638888856232
2650,6,7,-122.13694444432684,42.87527777744575
4006,9,4,-122.11472222210313,42.909722221892515
3382,7,6,-122.07916666654518,42.918611110782
5441,11,2,-122.02027777765232,42.866388888556266
5265,11,2,-121.982499999872,42.96305555522944
2994,7,6,-122.11027777765838,42.988611110786714
1525,4,9,-122.14361111099396,42.94638888856165
3193,7,6,-121.99361111098386,42.99527777745383
5434,11,1,-121.97583333320489,42.85638888855559
3202,7,6,-121.9513888887588,42.87638888855694
4041,9,4,-122.03583333320893,42.926388888560304
5561,12,1,-122.11249999988075,42.9030555552254
4189,9,4,-121.98805555542793,42.89861111078066
767,2,11,-122.06583333321095,42.85749999966678
1284,3,10,-122.02805555543063,42.85638888855559
3494,8,5,-122.2191666665546,42.89972222189184
5300,11,2,-122.01805555542995,42.96749999967418
5028,11,2,-122.06472222209976,42.98749999967553
1508,4,9,-122.02138888876351,42.866388888556266
4710,10,3,-122.04361111098723,42.860833333000336
5485,12,1,-122.11805555543668,42.88416666633524
4239,9,4,-122.09694444432415,42.939722221894534
1973,4,9,-122.15249999988345,42.95749999967351
590,2,11,-122.26138888877966,42.939722221894534
5577,12,1,-122.22138888877697,42.923055555226746
2658,6,7,-122.21583333322104,42.96972222189655
4258,9,4,-122.23138888877764,42.97638888856367
831,2,11,-122.11027777765838,42.96305555522944
4642,10,3,-122.16249999988412,42.9741666663413
1996,5,8,-121.98694444431675,42.97083333300774
1028,3,10,-122.08805555543466,42.86749999966745
672,2,11,-122.04694444432079,43.00861111078806
1672,4,9,-122.20694444433155,42.890833333002355
384,1,12,-121.96361111098184,42.988611110786714
1151,3,10,-122.07805555543399,42.91749999967082
312,1,12,-122.04027777765367,42.860833333000336
1987,5,8,-122.07027777765569,42.996388888565015
4695,10,3,-122.11805555543668,42.907499999670144
2277,5,8,-122.155833333217,42.94972222189521
1633,4,9,-121.99138888876149,42.95972222189588
4987,11,2,-122.25361111100136,42.90861111078133
4113,9,4,-122.21361111099867,43.009722221899246
4716,10,3,-122.01249999987402,42.87527777744575
4049,9,3,-122.155833333217,42.86749999966745
2161,5,8,-122.04805555543197,42.98638888856434
1175,3,7,-122.25694444433492,42.95638888856232
4349,9,4,-122.05583333321027,42.977499999674855
5801,12,1,-122.02027777765232,42.98638888856434
643,2,11,-122.0936111109906,42.97305555523011
3652,8,5,-122.17694444432954,42.8874999996688
4423,9,4,-122.06694444432213,42.907499999670144
32,1,12,-122.21583333322104,42.91638888855963
4480,10,3,-122.25916666655729,42.87861111077931
2459,5,8,-122.04805555543197,42.904166666336586
2153,5,8,-122.2424999998895,42.95638888856232
2533,6,7,-122.13916666654922,42.87638888855694
4898,10,3,-122.10805555543601,42.99861111078739
2450,5,8,-122.09694444432415,42.89305555522473
572,2,11,-122.15249999988345,42.86972222188982
670,2,11,-122.05138888876553,42.98416666634197
3471,8,5,-122.16583333321768,42.9897222218979
4571,10,3,-122.04027777765367,42.89194444411354
4638,10,3,-122.05805555543265,42.96972222189655
1122,3,10,-121.99138888876149,42.864166666333894
3550,8,5,-121.98916666653912,42.95972222189588
5121,11,2,-122.25583333322373,42.86527777744508
4806,10,3,-122.26027777766848,42.95083333300639
3249,7,6,-122.07472222210043,42.96861111078537
1194,3,10,-122.18249999988547,42.934166666338605
3597,8,5,-121.96249999987066,42.890833333002355
5096,11,2,-122.15249999988345,42.90083333300303
3684,8,5,-122.1880555554414,43.01083333301043
81,1,12,-121.99138888876149,42.866388888556266
5840,12,1,-122.03472222209774,42.93083333300505
4565,10,3,-122.10027777765771,42.99194444412027
61,1,12,-122.23805555544476,42.95972222189588
508,2,11,-121.98027777764963,42.89305555522473
724,2,11,-122.03138888876418,42.99416666634264
4730,10,3,-122.15138888877226,43.01083333301043
5475,12,1,-122.15916666655056,42.928611110782676
1013,3,10,-122.03916666654249,42.971944444118925
5706,12,1,-122.03361111098656,43.00861111078806
4508,10,3,-122.25138888877899,42.9897222218979
3310,7,6,-122.19694444433088,42.858611110777964
4866,10,3,-122.05916666654383,42.96972222189655
5459,12,1,-122.22361111099934,42.96305555522944
2940,6,7,-121.96805555542659,42.939722221894534
5309,11,2,-121.96916666653777,42.94083333300572
4360,9,4,-122.25472222211255,42.95527777745114
3051,7,6,-122.04138888876486,42.88972222189117
5847,12,1,-122.12138888877024,42.947499999672836
5891,12,1,-122.07138888876688,42.93527777744979
875,2,11,-122.11583333321431,42.85749999966678
5465,12,1,-122.18249999988547,42.9897222218979
1556,4,9,-122.19138888877495,42.88416666633524
3374,7,6,-122.04805555543197,42.988611110786714
5199,11,2,-122.24805555544543,43.01083333301043
5162,11,2,-122.10694444432482,42.86972222188982
2512,6,7,-122.06249999987739,42.960833333007066
288,1,11,-122.25361111100136,42.95638888856232
5088,11,2,-122.04916666654316,43.00638888856569
4430,9,4,-122.18694444433021,42.98638888856434
2072,5,8,-122.04916666654316,42.90861111078133
1577,4,9,-122.25694444433492,42.96527777745181
4735,10,3,-122.15027777766107,42.88083333300168
5061,11,2,-122.00249999987335,42.909722221892515
1938,4,9,-122.18583333321902,42.97305555523011
4228,9,4,-122.11361111099194,42.93194444411623
5101,11,2,-122.20694444433155,42.977499999674855
659,2,11,-122.13027777765973,42.87638888855694
4181,9,4,-121.96916666653777,42.95083333300639
3120,7,6,-122.17694444432954,42.964166666340624
179,1,12,-121.96027777764829,42.95194444411758
54,1,12,-122.1713888887736,42.88861111077998
5092,11,2,-121.95361111098117,42.98416666634197
3814,8,5,-122.23916666655595,42.93638888856098
5215,11,2,-122.13361111099329,42.904166666336586
2490,6,7,-122.03249999987537,42.909722221892515
4597,10,3,-122.22583333322171,42.96861111078537
4280,9,4,-122.030277777653,42.95416666633995
3028,7,6,-122.01027777765165,42.990833333009085
1069,3,10,-122.08805555543466,42.86305555522271
1941,4,9,-122.13805555543803,42.87861111077931
2514,6,7,-122.05805555543265,42.879722221890496
3300,7,6,-122.030277777653,42.909722221892515
4995,11,2,-122.01916666654114,42.85638888855559
1645,4,9,-122.08583333321229,42.86305555522271
2144,5,8,-122.0769444443228,42.9974999996762
948,2,11,-122.07583333321162,42.928611110782676
1700,4,9,-122.11249999988075,42.86527777744508
498,2,11,-122.03249999987537,43.00861111078806
63,1,12,-122.20027777766444,42.996388888565015
1548,4,9,-122.22583333322171,42.9741666663413
793,2,11,-122.17249999988479,42.8874999996688
576,2,11,-122.05249999987672,43.009722221899246
3834,8,5,-122.13583333321566,42.90083333300303
1041,3,10,-121.99249999987268,42.864166666333894
623,2,11,-122.20694444433155,42.99416666634264
3106,7,6,-122.10361111099127,42.95083333300639
4484,10,3,-122.1802777776631,42.86972222188982
1616,4,9,-122.11583333321431,42.93638888856098
495,2,11,-122.07583333321162,42.91749999967082
4450,9,4,-122.20027777766444,42.93194444411623
4535,10,3,-122.09805555543534,42.96527777745181
2122,5,8,-122.00027777765098,42.90861111078133
4447,9,4,-122.0536111109879,42.953055555228765
5541,12,1,-121.9902777776503,42.866388888556266
3879,8,5,-122.10249999988008,42.91305555522607
4896,10,3,-122.01694444431877,42.964166666340624
5754,12,1,-122.12138888877024,42.90083333300303
986,2,11,-122.22249999988816,42.99194444412027
3254,7,6,-121.96027777764829,42.90638888855896
275,1,12,-122.1091666665472,42.9108333330037
5204,11,2,-122.16694444432886,42.879722221890496
1599,4,9,-121.95027777764761,43.001944444120944
4389,9,4,-122.09805555543534,42.934166666338605
3226,7,6,-121.98916666653912,42.926388888560304
4022,9,4,-122.24583333322306,42.98749999967553
1832,4,9,-122.00027777765098,42.86861111077864
4660,10,3,-122.05805555543265,42.93638888856098
1447,3,10,-122.17472222210716,42.971944444118925
5921,12,1,-122.12138888877024,42.907499999670144
2993,7,6,-122.02916666654181,42.985277777453156
1235,3,10,-122.00138888876216,42.95416666633995
5794,12,1,-122.07361111098925,42.91972222189319
4229,9,4,-122.05916666654383,42.945277777450464
618,2,11,-121.96805555542659,42.93861111078335
5237,11,2,-122.17249999988479,42.99416666634264
4792,10,3,-121.95805555542591,42.87305555522338
2746,6,7,-122.2191666665546,43.01194444412162
1387,3,10,-122.0613888887662,42.87861111077931
5353,11,2,-122.15027777766107,42.95749999967351
3744,8,5,-122.13472222210447,42.879722221890496
3537,8,5,-122.203611110998,42.966388888562996
432,1,12,-122.1169444443255,42.934166666338605
2145,5,8,-122.21583333322104,42.93638888856098
661,2,11,-122.17361111099598,42.88861111077998
2900,6,7,-121.96916666653777,42.89749999966947
615,2,11,-122.08361111098992,42.89416666633591
3220,7,6,-122.24027777766713,42.98416666634197
725,2,11,-122.1247222221038,42.88194444411287
2790,6,7,-122.1802777776631,42.88972222189117
5365,11,2,-122.19361111099732,42.926388888560304
614,2,11,-122.26027777766848,42.939722221894534
4199,9,4,-121.99694444431742,42.9741666663413
155,1,11,-122.1169444443255,42.858611110777964
5668,12,1,-122.13472222210447,42.85638888855559
1359,3,10,-122.01027777765165,42.871944444112195
3607,8,5,-122.23138888877764,42.971944444118925
4084,9,4,-122.18916666655258,42.85638888855559
561,2,11,-122.04027777765367,42.996388888565015
3222,7,6,-122.10805555543601,42.907499999670144
5634,12,1,-122.05249999987672,42.9741666663413
735,2,11,-121.9513888887588,43.00305555523213
4912,10,3,-122.20916666655393,42.96527777745181
3713,8,5,-122.22805555544409,42.93749999967216
896,2,11,-122.1802777776631,43.001944444120944
2339,5,8,-122.00805555542928,42.97083333300774
5381,11,2,-122.02027777765232,42.95972222189588
3936,8,5,-122.00916666654047,42.96972222189655
1707,4,9,-121.95694444431473,42.996388888565015
3516,8,5,-121.95472222209236,43.0052777774545
4872,10,3,-122.1091666665472,42.97305555523011
4172,9,4,-122.26138888877966,42.964166666340624
1999,5,8,-122.1091666665472,42.93083333300505
938,2,11,-122.26138888877966,42.877499999668125
2033,5,8,-122.01694444431877,42.86305555522271
2443,5,8,-122.25472222211255,42.92194444411556
5853,12,1,-122.13138888877091,42.89416666633591
4810,10,3,-122.23249999988883,42.971944444118925
418,1,12,-122.03916666654249,42.858611110777964
3507,8,5,-122.1713888887736,42.98749999967553
3189,7,6,-122.08027777765636,42.953055555228765
1092,3,10,-121.97138888876015,42.95416666633995
2463,5,8,-122.2424999998895,42.86749999966745
2551,6,7,-122.09694444432415,42.89416666633591
3490,8,5,-121.99583333320624,42.87527777744575
4058,9,4,-122.03472222209774,42.86749999966745
2665,6,7,-122.13583333321566,42.883055555224054
4782,10,3,-122.16916666655123,42.89305555522473
4174,9,4,-122.05805555543265,42.90527777744777
1478,3,10,-122.1958333332197,42.966388888562996
3819,8,5,-122.14361111099396,42.926388888560304
5519,12,1,-121.98694444431675,42.920833333004374
3103,7,6,-122.00472222209572,42.94861111078402
496,2,11,-122.24694444433425,42.89305555522473
5617,12,1,-122.25472222211255,42.97638888856367
903,2,11,-122.16027777766175,42.86861111077864
3048,7,6,-121.9980555554286,42.97305555523011
1045,3,10,-122.13472222210447,42.858611110777964
4357,9,4,-122.1958333332197,42.91638888855963
5859,12,1,-122.14916666654989,42.98083333300841
4910,10,3,-121.95694444431473,42.93749999967216
3333,7,6,-122.25472222211255,42.86972222188982
4192,9,4,-121.95472222209236,42.96194444411825
5132,11,2,-121.96249999987066,42.95527777745114
573,2,11,-122.10249999988008,43.01083333301043
2538,6,7,-122.2580555554461,42.879722221890496
834,2,11,-122.11138888876957,42.93638888856098
1340,3,10,-121.9902777776503,42.85749999966678
3134,7,6,-122.20027777766444,42.99861111078739
2812,6,7,-121.98805555542793,42.99861111078739
4051,9,4,-122.0458333332096,42.91194444411489
1513,4,9,-122.23027777766646,42.88194444411287
2116,5,8,-121.9902777776503,42.901944444114214
5087,11,2,-122.09583333321297,42.94305555522809
2196,5,8,-122.02361111098588,42.87527777744575
5325,11,2,-122.25583333322373,42.941944444116906
2141,5,8,-121.96249999987066,42.93638888856098
4603,10,3,-122.00916666654047,42.983055555230784
4697,10,3,-122.03361111098656,43.00638888856569
2910,6,7,-121.95361111098117,42.858611110777964
5664,12,1,-122.0147222220964,42.89749999966947
1706,4,9,-122.03249999987537,42.9741666663413
306,1,12,-122.1958333332197,42.890833333002355
2028,5,8,-122.1402777776604,42.94861111078402
2410,5,8,-122.10361111099127,43.0052777774545
2070,5,8,-122.23249999988883,42.977499999674855
4500,10,3,-121.97583333320489,42.98083333300841
3914,8,5,-122.05805555543265,42.9030555552254
1699,4,9,-122.01027777765165,42.91972222189319
4096,9,4,-121.98361111098319,42.9741666663413
4409,9,4,-121.96361111098184,43.01083333301043
810,2,11,-122.19138888877495,42.883055555224054
379,1,12,-122.15249999988345,42.858611110777964
4289,9,4,-122.1402777776604,42.94416666633928
3387,7,6,-121.9902777776503,42.864166666333894
33,1,12,-122.11583333321431,42.92416666633793
2863,6,7,-122.1324999998821,42.93527777744979
2379,5,8,-122.16027777766175,42.939722221894534
5384,11,2,-122.18361111099665,42.92749999967149
2269,5,8,-122.05805555543265,42.901944444114214
4842,10,3,-122.17472222210716,42.97305555523011
3200,7,6,-122.1636111109953,42.901944444114214
261,1,12,-122.05472222209909,42.958611110784695
2314,5,8,-122.22027777766579,42.96305555522944
1211,3,10,-122.0613888887662,42.939722221894534
3278,7,6,-122.16027777766175,42.94083333300572
2369,5,8,-122.05138888876553,42.953055555228765
4954,11,2,-122.155833333217,42.89416666633591
451,1,12,-122.02138888876351,42.99527777745383
4754,10,3,-122.1958333332197,42.85972222188915
106,1,12,-122.07583333321162,42.85972222188915
1079,3,10,-121.95249999986999,42.85972222188915
1394,3,10,-122.02138888876351,43.009722221899246
4838,10,3,-122.25249999989018,42.85972222188915
5834,12,1,-122.13805555543803,42.860833333000336
390,1,12,-122.0769444443228,42.915277777448445
2293,5,8,-121.9513888887588,42.947499999672836
5251,11,2,-122.17805555544072,42.923055555226746
4399,9,4,-122.23361111100002,42.85972222188915
4802,10,3,-122.11583333321431,42.86305555522271
695,2,11,-121.95361111098117,42.8874999996688
3718,8,5,-122.06249999987739,42.904166666336586
3149,7,6,-122.24805555544543,42.918611110782
69,1,12,-122.23138888877764,42.99527777745383
5814,12,1,-122.203611110998,42.92416666633793
3335,7,6,-122.26027777766848,42.92194444411556
3909,8,5,-122.1958333332197,42.86194444411152
2230,5,8,-122.1169444443255,42.926388888560304
2618,6,7,-122.1402777776604,42.92416666633793
2123,5,8,-121.9747222220937,42.915277777448445
2333,5,8,-121.98583333320556,42.87638888855694
3332,7,6,-121.98805555542793,42.92749999967149
2448,5,8,-122.2191666665546,42.88861111077998
5211,11,2,-122.16027777766175,42.947499999672836
2430,5,8,-122.08805555543466,42.99972222189857
2496,6,7,-122.02361111098588,42.860833333000336
5317,11,2,-122.09249999987941,42.88416666633524
3747,8,5,-122.04249999987604,42.9974999996762
4438,9,4,-122.2502777776678,43.007499999676874
1789,4,9,-121.9513888887588,42.93638888856098
920,2,11,-122.01138888876284,43.01083333301043
5729,12,1,-121.98916666653912,42.9741666663413
4474,10,3,-121.98472222209438,43.001944444120944
5245,11,2,-121.95694444431473,42.89749999966947
5252,11,2,-121.97361111098252,42.89305555522473
3002,7,6,-122.06361111098857,42.88083333300168
4922,10,3,-121.95694444431473,43.00305555523213
